
==========================================================================================
SCENARIO 05 - CONSUMER DOWN, MQ BACKLOG RISES, RECOVERY DRAINS QUEUE
==========================================================================================
StartedAt=2026-05-10T17:36:06.7220562+08:00
Expected proof: consumer scaled down, producer continues publishing, RECON.IN queue depth/backlog rises, consumer scaled back up, backlog drains and processing resumes.

==========================================================================================
PODS BEFORE CONSUMER DOWN
==========================================================================================
COMMAND: kubectl get pods -n recon-platform -o wide
NAME                                   READY   STATUS    RESTARTS   AGE     IP               NODE                                                NOMINATED NODE   READINESS GATES
ibm-mq-0                               1/1     Running   0          9m31s   192.168.13.38    ip-192-168-23-26.ap-southeast-1.compute.internal    <none>           <none>
recon-consumer-app-784f77dff8-ktzvg    1/1     Running   0          104m    192.168.41.165   ip-192-168-59-106.ap-southeast-1.compute.internal   <none>           <none>
recon-dashboard-api-7c7dcc4768-4vprs   1/1     Running   0          104m    192.168.75.43    ip-192-168-90-90.ap-southeast-1.compute.internal    <none>           <none>
recon-producer-app-7878df768-p65k4     1/1     Running   0          104m    192.168.41.193   ip-192-168-59-106.ap-southeast-1.compute.internal   <none>           <none>

==========================================================================================
DEPLOYMENTS BEFORE CONSUMER DOWN
==========================================================================================
COMMAND: kubectl get deployments -n recon-platform
NAME                  READY   UP-TO-DATE   AVAILABLE   AGE
recon-consumer-app    1/1     1            1           43h
recon-dashboard-api   1/1     1            1           43h
recon-producer-app    1/1     1            1           43h

==========================================================================================
MQ STATE BEFORE CONSUMER DOWN
==========================================================================================
COMMAND: kubectl get pod ibm-mq-0 -n recon-platform
NAME       READY   STATUS    RESTARTS   AGE
ibm-mq-0   1/1     Running   0          9m35s

==========================================================================================
PORT FORWARD HEALTH
==========================================================================================
DashboardForwardReady=True

==========================================================================================
BASELINE STATUS BEFORE CONSUMER DOWN
==========================================================================================
REQUEST: Get http://localhost:28083/api/reconciliation/status
{
  "failed": 726,
  "total": 16610,
  "reconciled": 14301,
  "invalid": 1583,
  "dlq": 0
}

==========================================================================================
BASELINE QUEUE DEPTH BEFORE CONSUMER DOWN
==========================================================================================
REQUEST: Get http://localhost:28083/api/reconciliation/queues
{
  "inputQueue": {
    "available": true,
    "depth": 0,
    "name": "RECON.IN"
  },
  "deadLetterQueue": {
    "available": true,
    "depth": 0,
    "name": "SYSTEM.DEAD.LETTER.QUEUE"
  },
  "retryQueue": {
    "available": true,
    "depth": 0,
    "name": "RECON.RETRY"
  },
  "backoutQueue": {
    "available": true,
    "depth": 726,
    "name": "RECON.BACKOUT"
  }
}

==========================================================================================
ACTION - SCALE CONSUMER DOWN TO ZERO
==========================================================================================
COMMAND: kubectl scale deployment/recon-consumer-app -n recon-platform --replicas=0
deployment.apps/recon-consumer-app scaled

==========================================================================================
DEPLOYMENTS AFTER CONSUMER SCALE DOWN
==========================================================================================
COMMAND: kubectl get deployments -n recon-platform
NAME                  READY   UP-TO-DATE   AVAILABLE   AGE
recon-consumer-app    0/0     0            0           43h
recon-dashboard-api   1/1     1            1           43h
recon-producer-app    1/1     1            1           43h

==========================================================================================
WAIT WINDOW - CONSUMER DOWN
==========================================================================================
Waiting 180 seconds while consumer is down. Producer continues publishing and MQ RECON.IN backlog should rise.

==========================================================================================
PODS DURING CONSUMER DOWN
==========================================================================================
COMMAND: kubectl get pods -n recon-platform -o wide
NAME                                   READY   STATUS    RESTARTS   AGE    IP               NODE                                                NOMINATED NODE   READINESS GATES
ibm-mq-0                               1/1     Running   0          12m    192.168.13.38    ip-192-168-23-26.ap-southeast-1.compute.internal    <none>           <none>
recon-dashboard-api-7c7dcc4768-4vprs   1/1     Running   0          107m   192.168.75.43    ip-192-168-90-90.ap-southeast-1.compute.internal    <none>           <none>
recon-producer-app-7878df768-p65k4     1/1     Running   0          107m   192.168.41.193   ip-192-168-59-106.ap-southeast-1.compute.internal   <none>           <none>

==========================================================================================
STATUS DURING CONSUMER DOWN
==========================================================================================
REQUEST: Get http://localhost:28083/api/reconciliation/status
{
  "failed": 726,
  "total": 16616,
  "reconciled": 14307,
  "invalid": 1583,
  "dlq": 0
}

==========================================================================================
QUEUE DEPTH DURING CONSUMER DOWN - EXPECT RECON.IN BACKLOG
==========================================================================================
REQUEST: Get http://localhost:28083/api/reconciliation/queues
{
  "inputQueue": {
    "available": true,
    "depth": 250,
    "name": "RECON.IN"
  },
  "deadLetterQueue": {
    "available": true,
    "depth": 0,
    "name": "SYSTEM.DEAD.LETTER.QUEUE"
  },
  "retryQueue": {
    "available": true,
    "depth": 0,
    "name": "RECON.RETRY"
  },
  "backoutQueue": {
    "available": true,
    "depth": 726,
    "name": "RECON.BACKOUT"
  }
}

==========================================================================================
ACTION - SCALE CONSUMER BACK TO ONE
==========================================================================================
COMMAND: kubectl scale deployment/recon-consumer-app -n recon-platform --replicas=1
deployment.apps/recon-consumer-app scaled

==========================================================================================
WAIT FOR CONSUMER DEPLOYMENT AVAILABLE AFTER RECOVERY
==========================================================================================
COMMAND: kubectl rollout status deployment/recon-consumer-app -n recon-platform --timeout=300s
Waiting for deployment "recon-consumer-app" rollout to finish: 0 of 1 updated replicas are available...
deployment "recon-consumer-app" successfully rolled out

==========================================================================================
WAIT WINDOW - CONSUMER RECOVERY AND QUEUE DRAIN
==========================================================================================
Waiting 180 seconds for consumer to reconnect, process backlog, and drain RECON.IN.

==========================================================================================
STATUS AFTER CONSUMER RECOVERY
==========================================================================================
REQUEST: Get http://localhost:28083/api/reconciliation/status
{
  "failed": 726,
  "total": 17264,
  "reconciled": 14888,
  "invalid": 1650,
  "dlq": 0
}

==========================================================================================
QUEUE DEPTH AFTER CONSUMER RECOVERY - EXPECT BACKLOG LOWER OR ZERO
==========================================================================================
REQUEST: Get http://localhost:28083/api/reconciliation/queues
{
  "inputQueue": {
    "available": true,
    "depth": 0,
    "name": "RECON.IN"
  },
  "deadLetterQueue": {
    "available": true,
    "depth": 0,
    "name": "SYSTEM.DEAD.LETTER.QUEUE"
  },
  "retryQueue": {
    "available": true,
    "depth": 0,
    "name": "RECON.RETRY"
  },
  "backoutQueue": {
    "available": true,
    "depth": 726,
    "name": "RECON.BACKOUT"
  }
}

==========================================================================================
PORT FORWARD OUTPUT
==========================================================================================
Dashboard port-forward stdout:
Forwarding from 127.0.0.1:28083 -> 8083
Forwarding from [::1]:28083 -> 8083
Handling connection for 28083
Handling connection for 28083
Handling connection for 28083
Handling connection for 28083
Handling connection for 28083
Handling connection for 28083
Handling connection for 28083
Dashboard port-forward stderr:

==========================================================================================
PRODUCER LOG PROOF - PUBLISHED WHILE CONSUMER DOWN
==========================================================================================
COMMAND: kubectl logs -n recon-platform deploy/recon-producer-app --since=20m | Select-String -Pattern 'transaction_published|published' | Select-Object -First 120

{"@timestamp":"2026-05-10T09:34:06.05941422Z","@version":"1","message":"event=transaction_published transactionId=txn-a6aa3cf2-f133-42be-a5f9-9bb0a1c854da queue=RECON.IN","logger_name":"com.ntt.recon.service.ProducerService","thread_name":"scheduling-1","level":"INFO","level_value":20000,"appName":"recon-producer-app","application":"recon-producer-app"}
{"@timestamp":"2026-05-10T09:34:06.064125543Z","@version":"1","message":"event=transaction_published transactionId=txn-f7a5794e-ea46-4715-9f06-982e1759dac8 queue=RECON.IN","logger_name":"com.ntt.recon.service.ProducerService","thread_name":"scheduling-1","level":"INFO","level_value":20000,"appName":"recon-producer-app","application":"recon-producer-app"}
{"@timestamp":"2026-05-10T09:34:07.059432033Z","@version":"1","message":"event=transaction_published transactionId=txn-65b83797-3975-4434-a7b5-4678200dfd12 queue=RECON.IN","logger_name":"com.ntt.recon.service.ProducerService","thread_name":"scheduling-1","level":"INFO","level_value":20000,"appName":"recon-producer-app","application":"recon-producer-app"}
{"@timestamp":"2026-05-10T09:34:07.065562222Z","@version":"1","message":"event=transaction_published transactionId=txn-8ab613e6-b3ea-4dd4-bf94-dd908b0e853c queue=RECON.IN","logger_name":"com.ntt.recon.service.ProducerService","thread_name":"scheduling-1","level":"INFO","level_value":20000,"appName":"recon-producer-app","application":"recon-producer-app"}
{"@timestamp":"2026-05-10T09:34:08.060369507Z","@version":"1","message":"event=transaction_published transactionId=txn-2c3db845-3515-4da4-863e-16bb3a8ea6f9 queue=RECON.IN","logger_name":"com.ntt.recon.service.ProducerService","thread_name":"scheduling-1","level":"INFO","level_value":20000,"appName":"recon-producer-app","application":"recon-producer-app"}
{"@timestamp":"2026-05-10T09:34:08.065297983Z","@version":"1","message":"event=transaction_published transactionId=txn-29dde2ee-74af-4fe0-aa0e-46ce060e0b8f queue=RECON.IN","logger_name":"com.ntt.recon.service.ProducerService","thread_name":"scheduling-1","level":"INFO","level_value":20000,"appName":"recon-producer-app","application":"recon-producer-app"}
{"@timestamp":"2026-05-10T09:34:09.061958299Z","@version":"1","message":"event=transaction_published transactionId=txn-5e1bedfc-2d4f-4ad7-9ded-cd2a1b32f704 queue=RECON.IN","logger_name":"com.ntt.recon.service.ProducerService","thread_name":"scheduling-1","level":"INFO","level_value":20000,"appName":"recon-producer-app","application":"recon-producer-app"}
{"@timestamp":"2026-05-10T09:34:09.066485837Z","@version":"1","message":"event=transaction_published transactionId=txn-c0b4860b-e29c-4f8f-bd3c-e925a7430a51 queue=RECON.IN","logger_name":"com.ntt.recon.service.ProducerService","thread_name":"scheduling-1","level":"INFO","level_value":20000,"appName":"recon-producer-app","application":"recon-producer-app"}
{"@timestamp":"2026-05-10T09:34:10.061538742Z","@version":"1","message":"event=transaction_published transactionId=txn-ec10c457-8261-40c8-a375-82115d3c63c9 queue=RECON.IN","logger_name":"com.ntt.recon.service.ProducerService","thread_name":"scheduling-1","level":"INFO","level_value":20000,"appName":"recon-producer-app","application":"recon-producer-app"}
{"@timestamp":"2026-05-10T09:34:10.064998966Z","@version":"1","message":"event=transaction_published transactionId=txn-1d7bde33-31cf-4f22-970f-068bd8796558 queue=RECON.IN","logger_name":"com.ntt.recon.service.ProducerService","thread_name":"scheduling-1","level":"INFO","level_value":20000,"appName":"recon-producer-app","application":"recon-producer-app"}
{"@timestamp":"2026-05-10T09:34:11.061423499Z","@version":"1","message":"event=transaction_published transactionId=txn-1f9499e7-2918-4b66-87ed-f02d4582e47f queue=RECON.IN","logger_name":"com.ntt.recon.service.ProducerService","thread_name":"scheduling-1","level":"INFO","level_value":20000,"appName":"recon-producer-app","application":"recon-producer-app"}
{"@timestamp":"2026-05-10T09:34:11.065035469Z","@version":"1","message":"event=transaction_published transactionId=txn-0373080d-7e71-4d1a-965b-95f2035ad77b queue=RECON.IN","logger_name":"com.ntt.recon.service.ProducerService","thread_name":"scheduling-1","level":"INFO","level_value":20000,"appName":"recon-producer-app","application":"recon-producer-app"}
{"@timestamp":"2026-05-10T09:34:12.060935824Z","@version":"1","message":"event=transaction_published transactionId=txn-420b0159-8406-455b-888b-581bcedf08f2 queue=RECON.IN","logger_name":"com.ntt.recon.service.ProducerService","thread_name":"scheduling-1","level":"INFO","level_value":20000,"appName":"recon-producer-app","application":"recon-producer-app"}
{"@timestamp":"2026-05-10T09:34:12.064328985Z","@version":"1","message":"event=transaction_published transactionId=txn-28522892-9d84-4380-be37-6debe29d180e queue=RECON.IN","logger_name":"com.ntt.recon.service.ProducerService","thread_name":"scheduling-1","level":"INFO","level_value":20000,"appName":"recon-producer-app","application":"recon-producer-app"}
{"@timestamp":"2026-05-10T09:34:13.060379164Z","@version":"1","message":"event=transaction_published transactionId=txn-7aefb862-03cb-461f-9a79-89c5782088e9 queue=RECON.IN","logger_name":"com.ntt.recon.service.ProducerService","thread_name":"scheduling-1","level":"INFO","level_value":20000,"appName":"recon-producer-app","application":"recon-producer-app"}
{"@timestamp":"2026-05-10T09:34:13.065975863Z","@version":"1","message":"event=transaction_published transactionId=txn-47bf5633-47cc-4161-9a8d-52fa6c55f32b queue=RECON.IN","logger_name":"com.ntt.recon.service.ProducerService","thread_name":"scheduling-1","level":"INFO","level_value":20000,"appName":"recon-producer-app","application":"recon-producer-app"}
{"@timestamp":"2026-05-10T09:34:14.060415898Z","@version":"1","message":"event=transaction_published transactionId=txn-dcdd3662-039b-49ab-ac25-3653bb3b928d queue=RECON.IN","logger_name":"com.ntt.recon.service.ProducerService","thread_name":"scheduling-1","level":"INFO","level_value":20000,"appName":"recon-producer-app","application":"recon-producer-app"}
{"@timestamp":"2026-05-10T09:34:14.06803445Z","@version":"1","message":"event=transaction_published transactionId=txn-6a26a78f-ff30-4ff9-bfae-21abe5f1e863 queue=RECON.IN","logger_name":"com.ntt.recon.service.ProducerService","thread_name":"scheduling-1","level":"INFO","level_value":20000,"appName":"recon-producer-app","application":"recon-producer-app"}
{"@timestamp":"2026-05-10T09:34:15.061572352Z","@version":"1","message":"event=transaction_published transactionId=txn-82eca368-c370-4c18-bef9-ebac4a611756 queue=RECON.IN","logger_name":"com.ntt.recon.service.ProducerService","thread_name":"scheduling-1","level":"INFO","level_value":20000,"appName":"recon-producer-app","application":"recon-producer-app"}
{"@timestamp":"2026-05-10T09:34:15.067760185Z","@version":"1","message":"event=transaction_published transactionId=txn-59cccdbd-c0c9-4dec-85f0-ae5a4fa18086 queue=RECON.IN","logger_name":"com.ntt.recon.service.ProducerService","thread_name":"scheduling-1","level":"INFO","level_value":20000,"appName":"recon-producer-app","application":"recon-producer-app"}
{"@timestamp":"2026-05-10T09:34:16.060670401Z","@version":"1","message":"event=transaction_published transactionId=txn-6efe1b08-b9f5-4329-ab04-c5856aa84b76 queue=RECON.IN","logger_name":"com.ntt.recon.service.ProducerService","thread_name":"scheduling-1","level":"INFO","level_value":20000,"appName":"recon-producer-app","application":"recon-producer-app"}
{"@timestamp":"2026-05-10T09:34:16.065601153Z","@version":"1","message":"event=transaction_published transactionId=txn-1ee9265b-6496-471d-a957-7b7670066036 queue=RECON.IN","logger_name":"com.ntt.recon.service.ProducerService","thread_name":"scheduling-1","level":"INFO","level_value":20000,"appName":"recon-producer-app","application":"recon-producer-app"}
{"@timestamp":"2026-05-10T09:34:17.062007047Z","@version":"1","message":"event=transaction_published transactionId=txn-424b53e4-9432-43e4-bd3d-2bf7d34f1229 queue=RECON.IN","logger_name":"com.ntt.recon.service.ProducerService","thread_name":"scheduling-1","level":"INFO","level_value":20000,"appName":"recon-producer-app","application":"recon-producer-app"}
{"@timestamp":"2026-05-10T09:34:17.065906134Z","@version":"1","message":"event=transaction_published transactionId=txn-88e08ea2-204c-474f-a38d-7206921d2d97 queue=RECON.IN","logger_name":"com.ntt.recon.service.ProducerService","thread_name":"scheduling-1","level":"INFO","level_value":20000,"appName":"recon-producer-app","application":"recon-producer-app"}
{"@timestamp":"2026-05-10T09:34:18.062110605Z","@version":"1","message":"event=transaction_published transactionId=txn-9517d260-adb8-4a41-834e-65cc9ec15b06 queue=RECON.IN","logger_name":"com.ntt.recon.service.ProducerService","thread_name":"scheduling-1","level":"INFO","level_value":20000,"appName":"recon-producer-app","application":"recon-producer-app"}
{"@timestamp":"2026-05-10T09:34:18.066682078Z","@version":"1","message":"event=transaction_published transactionId=txn-936f353b-7bd6-4d5a-b1df-1f4dde63f263 queue=RECON.IN","logger_name":"com.ntt.recon.service.ProducerService","thread_name":"scheduling-1","level":"INFO","level_value":20000,"appName":"recon-producer-app","application":"recon-producer-app"}
{"@timestamp":"2026-05-10T09:34:19.06095872Z","@version":"1","message":"event=transaction_published transactionId=txn-0817abf5-1706-4048-93a7-e964a190adbe queue=RECON.IN","logger_name":"com.ntt.recon.service.ProducerService","thread_name":"scheduling-1","level":"INFO","level_value":20000,"appName":"recon-producer-app","application":"recon-producer-app"}
{"@timestamp":"2026-05-10T09:34:19.064182281Z","@version":"1","message":"event=transaction_published transactionId=txn-9e4e2003-2658-493f-b425-4f4d99905f2e queue=RECON.IN","logger_name":"com.ntt.recon.service.ProducerService","thread_name":"scheduling-1","level":"INFO","level_value":20000,"appName":"recon-producer-app","application":"recon-producer-app"}
{"@timestamp":"2026-05-10T09:34:20.060595166Z","@version":"1","message":"event=transaction_published transactionId=txn-736d2d3a-b690-4f4e-bc84-a50a5a4b3369 queue=RECON.IN","logger_name":"com.ntt.recon.service.ProducerService","thread_name":"scheduling-1","level":"INFO","level_value":20000,"appName":"recon-producer-app","application":"recon-producer-app"}
{"@timestamp":"2026-05-10T09:34:20.064708062Z","@version":"1","message":"event=transaction_published transactionId=txn-bc2bb0fe-6736-4d94-b88a-a56a8f1a3b50 queue=RECON.IN","logger_name":"com.ntt.recon.service.ProducerService","thread_name":"scheduling-1","level":"INFO","level_value":20000,"appName":"recon-producer-app","application":"recon-producer-app"}
{"@timestamp":"2026-05-10T09:34:21.059767635Z","@version":"1","message":"event=transaction_published transactionId=txn-b804d1d0-40a4-46a2-8b91-9f7db54e7f79 queue=RECON.IN","logger_name":"com.ntt.recon.service.ProducerService","thread_name":"scheduling-1","level":"INFO","level_value":20000,"appName":"recon-producer-app","application":"recon-producer-app"}
{"@timestamp":"2026-05-10T09:34:21.066153741Z","@version":"1","message":"event=transaction_published transactionId=txn-eaf5091b-6b93-4ded-8b6a-15b3c6618de2 queue=RECON.IN","logger_name":"com.ntt.recon.service.ProducerService","thread_name":"scheduling-1","level":"INFO","level_value":20000,"appName":"recon-producer-app","application":"recon-producer-app"}
{"@timestamp":"2026-05-10T09:34:22.059928725Z","@version":"1","message":"event=transaction_published transactionId=txn-9301ab06-8a26-4570-ae66-53c66b36c8cc queue=RECON.IN","logger_name":"com.ntt.recon.service.ProducerService","thread_name":"scheduling-1","level":"INFO","level_value":20000,"appName":"recon-producer-app","application":"recon-producer-app"}
{"@timestamp":"2026-05-10T09:34:22.073407334Z","@version":"1","message":"event=transaction_published transactionId=txn-d093e90d-d643-4c4b-8a27-fe06b17342d3 queue=RECON.IN","logger_name":"com.ntt.recon.service.ProducerService","thread_name":"scheduling-1","level":"INFO","level_value":20000,"appName":"recon-producer-app","application":"recon-producer-app"}
{"@timestamp":"2026-05-10T09:34:23.060547528Z","@version":"1","message":"event=transaction_published transactionId=txn-8f40f35c-a71f-4e9f-8deb-b28178be2a51 queue=RECON.IN","logger_name":"com.ntt.recon.service.ProducerService","thread_name":"scheduling-1","level":"INFO","level_value":20000,"appName":"recon-producer-app","application":"recon-producer-app"}
{"@timestamp":"2026-05-10T09:34:23.065947309Z","@version":"1","message":"event=transaction_published transactionId=txn-ed3d187a-a9b1-4e07-8fce-fdce14e08662 queue=RECON.IN","logger_name":"com.ntt.recon.service.ProducerService","thread_name":"scheduling-1","level":"INFO","level_value":20000,"appName":"recon-producer-app","application":"recon-producer-app"}
{"@timestamp":"2026-05-10T09:34:24.060576817Z","@version":"1","message":"event=transaction_published transactionId=txn-9530a596-780a-4493-b38f-57a71ab6e184 queue=RECON.IN","logger_name":"com.ntt.recon.service.ProducerService","thread_name":"scheduling-1","level":"INFO","level_value":20000,"appName":"recon-producer-app","application":"recon-producer-app"}
{"@timestamp":"2026-05-10T09:34:24.0649628Z","@version":"1","message":"event=transaction_published transactionId=txn-1bd9629b-da71-4c3e-b047-aaef19117034 queue=RECON.IN","logger_name":"com.ntt.recon.service.ProducerService","thread_name":"scheduling-1","level":"INFO","level_value":20000,"appName":"recon-producer-app","application":"recon-producer-app"}
{"@timestamp":"2026-05-10T09:34:25.062797169Z","@version":"1","message":"event=transaction_published transactionId=txn-fe98cff0-31d3-49e2-b152-0cb15ef3b2ce queue=RECON.IN","logger_name":"com.ntt.recon.service.ProducerService","thread_name":"scheduling-1","level":"INFO","level_value":20000,"appName":"recon-producer-app","application":"recon-producer-app"}
{"@timestamp":"2026-05-10T09:34:25.066204807Z","@version":"1","message":"event=transaction_published transactionId=txn-bb14b16d-2a74-4a82-a4a2-36e8ee62cb7e queue=RECON.IN","logger_name":"com.ntt.recon.service.ProducerService","thread_name":"scheduling-1","level":"INFO","level_value":20000,"appName":"recon-producer-app","application":"recon-producer-app"}
{"@timestamp":"2026-05-10T09:34:26.062250429Z","@version":"1","message":"event=transaction_published transactionId=txn-4e8a654d-de5c-440f-b085-7f2e845b9b6f queue=RECON.IN","logger_name":"com.ntt.recon.service.ProducerService","thread_name":"scheduling-1","level":"INFO","level_value":20000,"appName":"recon-producer-app","application":"recon-producer-app"}
{"@timestamp":"2026-05-10T09:34:26.066666537Z","@version":"1","message":"event=transaction_published transactionId=txn-b734eae2-7535-48c9-a4c3-a57dbc1c06ea queue=RECON.IN","logger_name":"com.ntt.recon.service.ProducerService","thread_name":"scheduling-1","level":"INFO","level_value":20000,"appName":"recon-producer-app","application":"recon-producer-app"}
{"@timestamp":"2026-05-10T09:34:27.060370777Z","@version":"1","message":"event=transaction_published transactionId=txn-6414bf3b-0edf-4e32-96b6-6843664d5d72 queue=RECON.IN","logger_name":"com.ntt.recon.service.ProducerService","thread_name":"scheduling-1","level":"INFO","level_value":20000,"appName":"recon-producer-app","application":"recon-producer-app"}
{"@timestamp":"2026-05-10T09:34:27.063851651Z","@version":"1","message":"event=transaction_published transactionId=txn-ae384847-53cc-4bba-8464-73800fbce0b2 queue=RECON.IN","logger_name":"com.ntt.recon.service.ProducerService","thread_name":"scheduling-1","level":"INFO","level_value":20000,"appName":"recon-producer-app","application":"recon-producer-app"}
{"@timestamp":"2026-05-10T09:34:28.06022877Z","@version":"1","message":"event=transaction_published transactionId=txn-5c83e508-7ece-44cb-88fa-abd29d7d7b09 queue=RECON.IN","logger_name":"com.ntt.recon.service.ProducerService","thread_name":"scheduling-1","level":"INFO","level_value":20000,"appName":"recon-producer-app","application":"recon-producer-app"}
{"@timestamp":"2026-05-10T09:34:28.066470844Z","@version":"1","message":"event=transaction_published transactionId=txn-c1dafb10-1ded-4c4e-afe1-2103902a7ff7 queue=RECON.IN","logger_name":"com.ntt.recon.service.ProducerService","thread_name":"scheduling-1","level":"INFO","level_value":20000,"appName":"recon-producer-app","application":"recon-producer-app"}
{"@timestamp":"2026-05-10T09:34:29.060090361Z","@version":"1","message":"event=transaction_published transactionId=txn-2f41f479-7732-48c8-b853-c2c10aff7910 queue=RECON.IN","logger_name":"com.ntt.recon.service.ProducerService","thread_name":"scheduling-1","level":"INFO","level_value":20000,"appName":"recon-producer-app","application":"recon-producer-app"}
{"@timestamp":"2026-05-10T09:34:29.065451991Z","@version":"1","message":"event=transaction_published transactionId=txn-ea1848a0-6d63-4a3f-ba7f-8e03d56b019f queue=RECON.IN","logger_name":"com.ntt.recon.service.ProducerService","thread_name":"scheduling-1","level":"INFO","level_value":20000,"appName":"recon-producer-app","application":"recon-producer-app"}
{"@timestamp":"2026-05-10T09:34:30.060339299Z","@version":"1","message":"event=transaction_published transactionId=txn-e57cda88-188e-4931-a43d-d6a5c0182eb0 queue=RECON.IN","logger_name":"com.ntt.recon.service.ProducerService","thread_name":"scheduling-1","level":"INFO","level_value":20000,"appName":"recon-producer-app","application":"recon-producer-app"}
{"@timestamp":"2026-05-10T09:34:30.065126863Z","@version":"1","message":"event=transaction_published transactionId=txn-cde753cd-2be8-4745-b29c-0fd5feb71532 queue=RECON.IN","logger_name":"com.ntt.recon.service.ProducerService","thread_name":"scheduling-1","level":"INFO","level_value":20000,"appName":"recon-producer-app","application":"recon-producer-app"}
{"@timestamp":"2026-05-10T09:34:31.060798481Z","@version":"1","message":"event=transaction_published transactionId=txn-e4a1fa22-5961-495f-9f21-137f3c4d1638 queue=RECON.IN","logger_name":"com.ntt.recon.service.ProducerService","thread_name":"scheduling-1","level":"INFO","level_value":20000,"appName":"recon-producer-app","application":"recon-producer-app"}
{"@timestamp":"2026-05-10T09:34:31.065518161Z","@version":"1","message":"event=transaction_published transactionId=txn-381e7f64-d0a2-4289-ae95-ec165113fd66 queue=RECON.IN","logger_name":"com.ntt.recon.service.ProducerService","thread_name":"scheduling-1","level":"INFO","level_value":20000,"appName":"recon-producer-app","application":"recon-producer-app"}
{"@timestamp":"2026-05-10T09:34:32.060829253Z","@version":"1","message":"event=transaction_published transactionId=txn-8725364c-42e3-4989-905a-1c6a1a3db30e queue=RECON.IN","logger_name":"com.ntt.recon.service.ProducerService","thread_name":"scheduling-1","level":"INFO","level_value":20000,"appName":"recon-producer-app","application":"recon-producer-app"}
{"@timestamp":"2026-05-10T09:34:32.065769478Z","@version":"1","message":"event=transaction_published transactionId=txn-2a133594-a54a-4177-b360-227c3923d6cf queue=RECON.IN","logger_name":"com.ntt.recon.service.ProducerService","thread_name":"scheduling-1","level":"INFO","level_value":20000,"appName":"recon-producer-app","application":"recon-producer-app"}
{"@timestamp":"2026-05-10T09:34:33.062339286Z","@version":"1","message":"event=transaction_published transactionId=txn-63add0fa-3054-4cf2-bae9-f7dfdba8d1d1 queue=RECON.IN","logger_name":"com.ntt.recon.service.ProducerService","thread_name":"scheduling-1","level":"INFO","level_value":20000,"appName":"recon-producer-app","application":"recon-producer-app"}
{"@timestamp":"2026-05-10T09:34:33.06590926Z","@version":"1","message":"event=transaction_published transactionId=txn-0d722d35-e124-436f-b8d9-5dc41c22f3c4 queue=RECON.IN","logger_name":"com.ntt.recon.service.ProducerService","thread_name":"scheduling-1","level":"INFO","level_value":20000,"appName":"recon-producer-app","application":"recon-producer-app"}
{"@timestamp":"2026-05-10T09:34:34.060881451Z","@version":"1","message":"event=transaction_published transactionId=txn-5817b04d-da2b-4adb-80ef-d3551b571ab1 queue=RECON.IN","logger_name":"com.ntt.recon.service.ProducerService","thread_name":"scheduling-1","level":"INFO","level_value":20000,"appName":"recon-producer-app","application":"recon-producer-app"}
{"@timestamp":"2026-05-10T09:34:34.064732757Z","@version":"1","message":"event=transaction_published transactionId=txn-7d1b2eeb-5b38-443d-aacb-14ba15eed2db queue=RECON.IN","logger_name":"com.ntt.recon.service.ProducerService","thread_name":"scheduling-1","level":"INFO","level_value":20000,"appName":"recon-producer-app","application":"recon-producer-app"}
{"@timestamp":"2026-05-10T09:34:35.063552818Z","@version":"1","message":"event=transaction_published transactionId=txn-a57df02a-c397-4b90-9c99-1797bb6c4083 queue=RECON.IN","logger_name":"com.ntt.recon.service.ProducerService","thread_name":"scheduling-1","level":"INFO","level_value":20000,"appName":"recon-producer-app","application":"recon-producer-app"}
{"@timestamp":"2026-05-10T09:34:35.067042541Z","@version":"1","message":"event=transaction_published transactionId=txn-09ea3f84-46e7-478a-b8b4-18fdd9760df0 queue=RECON.IN","logger_name":"com.ntt.recon.service.ProducerService","thread_name":"scheduling-1","level":"INFO","level_value":20000,"appName":"recon-producer-app","application":"recon-producer-app"}
{"@timestamp":"2026-05-10T09:34:36.060238976Z","@version":"1","message":"event=transaction_published transactionId=txn-3a9bdb4e-d5b5-4504-baa4-3787067f0be5 queue=RECON.IN","logger_name":"com.ntt.recon.service.ProducerService","thread_name":"scheduling-1","level":"INFO","level_value":20000,"appName":"recon-producer-app","application":"recon-producer-app"}
{"@timestamp":"2026-05-10T09:34:36.064209571Z","@version":"1","message":"event=transaction_published transactionId=txn-872ec8d9-342d-4aa5-abcd-c800b1d2f9c4 queue=RECON.IN","logger_name":"com.ntt.recon.service.ProducerService","thread_name":"scheduling-1","level":"INFO","level_value":20000,"appName":"recon-producer-app","application":"recon-producer-app"}
{"@timestamp":"2026-05-10T09:34:37.05949217Z","@version":"1","message":"event=transaction_published transactionId=txn-ab25793b-e3ec-44bd-b54e-528d02fbd3ed queue=RECON.IN","logger_name":"com.ntt.recon.service.ProducerService","thread_name":"scheduling-1","level":"INFO","level_value":20000,"appName":"recon-producer-app","application":"recon-producer-app"}
{"@timestamp":"2026-05-10T09:34:37.064419477Z","@version":"1","message":"event=transaction_published transactionId=txn-c860d936-f199-40db-819c-1ccdccbf48cd queue=RECON.IN","logger_name":"com.ntt.recon.service.ProducerService","thread_name":"scheduling-1","level":"INFO","level_value":20000,"appName":"recon-producer-app","application":"recon-producer-app"}
{"@timestamp":"2026-05-10T09:34:38.060904525Z","@version":"1","message":"event=transaction_published transactionId=txn-7bc58f30-3be1-4deb-bd58-07cf85abfbaf queue=RECON.IN","logger_name":"com.ntt.recon.service.ProducerService","thread_name":"scheduling-1","level":"INFO","level_value":20000,"appName":"recon-producer-app","application":"recon-producer-app"}
{"@timestamp":"2026-05-10T09:34:38.065697667Z","@version":"1","message":"event=transaction_published transactionId=txn-202a3172-9862-460c-a129-bfa4367015bd queue=RECON.IN","logger_name":"com.ntt.recon.service.ProducerService","thread_name":"scheduling-1","level":"INFO","level_value":20000,"appName":"recon-producer-app","application":"recon-producer-app"}
{"@timestamp":"2026-05-10T09:34:39.059983444Z","@version":"1","message":"event=transaction_published transactionId=txn-884c7dcb-d9a6-4661-9108-b876af08a3cb queue=RECON.IN","logger_name":"com.ntt.recon.service.ProducerService","thread_name":"scheduling-1","level":"INFO","level_value":20000,"appName":"recon-producer-app","application":"recon-producer-app"}
{"@timestamp":"2026-05-10T09:34:39.064674121Z","@version":"1","message":"event=transaction_published transactionId=txn-25a19309-e6aa-4583-a7d6-71ddda164e88 queue=RECON.IN","logger_name":"com.ntt.recon.service.ProducerService","thread_name":"scheduling-1","level":"INFO","level_value":20000,"appName":"recon-producer-app","application":"recon-producer-app"}
{"@timestamp":"2026-05-10T09:34:40.060562057Z","@version":"1","message":"event=transaction_published transactionId=txn-c4fbc01f-8713-46b4-9529-c3b2de2a7d0b queue=RECON.IN","logger_name":"com.ntt.recon.service.ProducerService","thread_name":"scheduling-1","level":"INFO","level_value":20000,"appName":"recon-producer-app","application":"recon-producer-app"}
{"@timestamp":"2026-05-10T09:34:40.065078169Z","@version":"1","message":"event=transaction_published transactionId=txn-577cbe9f-0d49-4ba8-8873-c5e83e6c0d47 queue=RECON.IN","logger_name":"com.ntt.recon.service.ProducerService","thread_name":"scheduling-1","level":"INFO","level_value":20000,"appName":"recon-producer-app","application":"recon-producer-app"}
{"@timestamp":"2026-05-10T09:34:41.061891545Z","@version":"1","message":"event=transaction_published transactionId=txn-0011d27e-4323-42ac-a0a0-3eca525e6f8f queue=RECON.IN","logger_name":"com.ntt.recon.service.ProducerService","thread_name":"scheduling-1","level":"INFO","level_value":20000,"appName":"recon-producer-app","application":"recon-producer-app"}
{"@timestamp":"2026-05-10T09:34:41.065407127Z","@version":"1","message":"event=transaction_published transactionId=txn-85ce1f1b-5184-45d1-a4cd-f108b8b6d3dc queue=RECON.IN","logger_name":"com.ntt.recon.service.ProducerService","thread_name":"scheduling-1","level":"INFO","level_value":20000,"appName":"recon-producer-app","application":"recon-producer-app"}
{"@timestamp":"2026-05-10T09:34:42.062929114Z","@version":"1","message":"event=transaction_published transactionId=txn-b206d4a6-ee8d-4928-99ff-3ad287f5724a queue=RECON.IN","logger_name":"com.ntt.recon.service.ProducerService","thread_name":"scheduling-1","level":"INFO","level_value":20000,"appName":"recon-producer-app","application":"recon-producer-app"}
{"@timestamp":"2026-05-10T09:34:42.068053746Z","@version":"1","message":"event=transaction_published transactionId=txn-0f0300ea-521f-4b48-bd52-51b509664101 queue=RECON.IN","logger_name":"com.ntt.recon.service.ProducerService","thread_name":"scheduling-1","level":"INFO","level_value":20000,"appName":"recon-producer-app","application":"recon-producer-app"}
{"@timestamp":"2026-05-10T09:34:43.06182457Z","@version":"1","message":"event=transaction_published transactionId=txn-e9551708-a391-4e9e-a804-1be336754072 queue=RECON.IN","logger_name":"com.ntt.recon.service.ProducerService","thread_name":"scheduling-1","level":"INFO","level_value":20000,"appName":"recon-producer-app","application":"recon-producer-app"}
{"@timestamp":"2026-05-10T09:34:43.065638526Z","@version":"1","message":"event=transaction_published transactionId=txn-92b69aa3-8ed4-4b90-9813-9cf4768ecacf queue=RECON.IN","logger_name":"com.ntt.recon.service.ProducerService","thread_name":"scheduling-1","level":"INFO","level_value":20000,"appName":"recon-producer-app","application":"recon-producer-app"}
{"@timestamp":"2026-05-10T09:34:44.062108977Z","@version":"1","message":"event=transaction_published transactionId=txn-7d0e74fd-decc-4a72-b0a7-3e272de9b6dc queue=RECON.IN","logger_name":"com.ntt.recon.service.ProducerService","thread_name":"scheduling-1","level":"INFO","level_value":20000,"appName":"recon-producer-app","application":"recon-producer-app"}
{"@timestamp":"2026-05-10T09:34:44.066181942Z","@version":"1","message":"event=transaction_published transactionId=txn-17812a0a-7b0d-417e-b7eb-5089363ced40 queue=RECON.IN","logger_name":"com.ntt.recon.service.ProducerService","thread_name":"scheduling-1","level":"INFO","level_value":20000,"appName":"recon-producer-app","application":"recon-producer-app"}
{"@timestamp":"2026-05-10T09:34:45.067054671Z","@version":"1","message":"event=transaction_published transactionId=txn-09dee6b1-bd0c-4b38-a5bc-e9a868185cfb queue=RECON.IN","logger_name":"com.ntt.recon.service.ProducerService","thread_name":"scheduling-1","level":"INFO","level_value":20000,"appName":"recon-producer-app","application":"recon-producer-app"}
{"@timestamp":"2026-05-10T09:34:45.073569388Z","@version":"1","message":"event=transaction_published transactionId=txn-78c571c8-4a52-4191-ad42-7237d9e77c27 queue=RECON.IN","logger_name":"com.ntt.recon.service.ProducerService","thread_name":"scheduling-1","level":"INFO","level_value":20000,"appName":"recon-producer-app","application":"recon-producer-app"}
{"@timestamp":"2026-05-10T09:34:46.061948938Z","@version":"1","message":"event=transaction_published transactionId=txn-9cb2e3e5-5add-43a3-bcdf-3203e7022f86 queue=RECON.IN","logger_name":"com.ntt.recon.service.ProducerService","thread_name":"scheduling-1","level":"INFO","level_value":20000,"appName":"recon-producer-app","application":"recon-producer-app"}
{"@timestamp":"2026-05-10T09:34:46.06645119Z","@version":"1","message":"event=transaction_published transactionId=txn-e687f15a-429f-4229-9c64-087227595ae1 queue=RECON.IN","logger_name":"com.ntt.recon.service.ProducerService","thread_name":"scheduling-1","level":"INFO","level_value":20000,"appName":"recon-producer-app","application":"recon-producer-app"}
{"@timestamp":"2026-05-10T09:34:47.064575384Z","@version":"1","message":"event=transaction_published transactionId=txn-74905bb2-9416-4c23-bec4-76a5794a6a5c queue=RECON.IN","logger_name":"com.ntt.recon.service.ProducerService","thread_name":"scheduling-1","level":"INFO","level_value":20000,"appName":"recon-producer-app","application":"recon-producer-app"}
{"@timestamp":"2026-05-10T09:34:47.069789314Z","@version":"1","message":"event=transaction_published transactionId=txn-36942c41-f72e-436c-ba8c-030a06ef3760 queue=RECON.IN","logger_name":"com.ntt.recon.service.ProducerService","thread_name":"scheduling-1","level":"INFO","level_value":20000,"appName":"recon-producer-app","application":"recon-producer-app"}
{"@timestamp":"2026-05-10T09:34:48.060469949Z","@version":"1","message":"event=transaction_published transactionId=txn-8e80dbc7-06be-47f2-a6e3-8b34b2b03369 queue=RECON.IN","logger_name":"com.ntt.recon.service.ProducerService","thread_name":"scheduling-1","level":"INFO","level_value":20000,"appName":"recon-producer-app","application":"recon-producer-app"}
{"@timestamp":"2026-05-10T09:34:48.067144522Z","@version":"1","message":"event=transaction_published transactionId=txn-a45ab581-e18d-4373-9921-fa61dd3f97ef queue=RECON.IN","logger_name":"com.ntt.recon.service.ProducerService","thread_name":"scheduling-1","level":"INFO","level_value":20000,"appName":"recon-producer-app","application":"recon-producer-app"}
{"@timestamp":"2026-05-10T09:34:49.061911125Z","@version":"1","message":"event=transaction_published transactionId=txn-b22799f9-e17b-4439-ab16-d5fd1cedb4df queue=RECON.IN","logger_name":"com.ntt.recon.service.ProducerService","thread_name":"scheduling-1","level":"INFO","level_value":20000,"appName":"recon-producer-app","application":"recon-producer-app"}
{"@timestamp":"2026-05-10T09:34:49.065554846Z","@version":"1","message":"event=transaction_published transactionId=txn-a8dac17f-639e-42cb-9528-358a01d3f33e queue=RECON.IN","logger_name":"com.ntt.recon.service.ProducerService","thread_name":"scheduling-1","level":"INFO","level_value":20000,"appName":"recon-producer-app","application":"recon-producer-app"}
{"@timestamp":"2026-05-10T09:34:50.060439472Z","@version":"1","message":"event=transaction_published transactionId=txn-63df547b-8b68-4457-9042-f6ddfd801b25 queue=RECON.IN","logger_name":"com.ntt.recon.service.ProducerService","thread_name":"scheduling-1","level":"INFO","level_value":20000,"appName":"recon-producer-app","application":"recon-producer-app"}
{"@timestamp":"2026-05-10T09:34:50.064340353Z","@version":"1","message":"event=transaction_published transactionId=txn-50633930-3a76-4d5b-b464-f15e3b253ffd queue=RECON.IN","logger_name":"com.ntt.recon.service.ProducerService","thread_name":"scheduling-1","level":"INFO","level_value":20000,"appName":"recon-producer-app","application":"recon-producer-app"}
{"@timestamp":"2026-05-10T09:34:51.061007559Z","@version":"1","message":"event=transaction_published transactionId=txn-f7003783-a9f8-4100-a6c1-ab2f6f3cb6d6 queue=RECON.IN","logger_name":"com.ntt.recon.service.ProducerService","thread_name":"scheduling-1","level":"INFO","level_value":20000,"appName":"recon-producer-app","application":"recon-producer-app"}
{"@timestamp":"2026-05-10T09:34:51.065468608Z","@version":"1","message":"event=transaction_published transactionId=txn-f30f8062-64a2-42bb-a0cd-809b36ddb2dd queue=RECON.IN","logger_name":"com.ntt.recon.service.ProducerService","thread_name":"scheduling-1","level":"INFO","level_value":20000,"appName":"recon-producer-app","application":"recon-producer-app"}
{"@timestamp":"2026-05-10T09:34:52.061540501Z","@version":"1","message":"event=transaction_published transactionId=txn-40850f29-d33e-46a5-8d79-ab36b04be5c6 queue=RECON.IN","logger_name":"com.ntt.recon.service.ProducerService","thread_name":"scheduling-1","level":"INFO","level_value":20000,"appName":"recon-producer-app","application":"recon-producer-app"}
{"@timestamp":"2026-05-10T09:34:52.065539875Z","@version":"1","message":"event=transaction_published transactionId=txn-8736eaea-1674-4455-a953-a2e8c0ce5c9a queue=RECON.IN","logger_name":"com.ntt.recon.service.ProducerService","thread_name":"scheduling-1","level":"INFO","level_value":20000,"appName":"recon-producer-app","application":"recon-producer-app"}
{"@timestamp":"2026-05-10T09:34:53.062442105Z","@version":"1","message":"event=transaction_published transactionId=txn-4d88e01e-b1f7-411d-a400-c7db318176be queue=RECON.IN","logger_name":"com.ntt.recon.service.ProducerService","thread_name":"scheduling-1","level":"INFO","level_value":20000,"appName":"recon-producer-app","application":"recon-producer-app"}
{"@timestamp":"2026-05-10T09:34:53.072927494Z","@version":"1","message":"event=transaction_published transactionId=txn-adb2b33a-ab72-4db1-8fe8-0b21f223c13b queue=RECON.IN","logger_name":"com.ntt.recon.service.ProducerService","thread_name":"scheduling-1","level":"INFO","level_value":20000,"appName":"recon-producer-app","application":"recon-producer-app"}
{"@timestamp":"2026-05-10T09:34:54.060625017Z","@version":"1","message":"event=transaction_published transactionId=txn-5407e7b7-ce6c-448f-8fc4-b35f22c13ece queue=RECON.IN","logger_name":"com.ntt.recon.service.ProducerService","thread_name":"scheduling-1","level":"INFO","level_value":20000,"appName":"recon-producer-app","application":"recon-producer-app"}
{"@timestamp":"2026-05-10T09:34:54.066168712Z","@version":"1","message":"event=transaction_published transactionId=txn-e078e16b-e842-4ab8-a55e-beccaa03edc9 queue=RECON.IN","logger_name":"com.ntt.recon.service.ProducerService","thread_name":"scheduling-1","level":"INFO","level_value":20000,"appName":"recon-producer-app","application":"recon-producer-app"}
{"@timestamp":"2026-05-10T09:34:55.06054329Z","@version":"1","message":"event=transaction_published transactionId=txn-b9920617-2883-47d8-870c-9376afa37858 queue=RECON.IN","logger_name":"com.ntt.recon.service.ProducerService","thread_name":"scheduling-1","level":"INFO","level_value":20000,"appName":"recon-producer-app","application":"recon-producer-app"}
{"@timestamp":"2026-05-10T09:34:55.066276235Z","@version":"1","message":"event=transaction_published transactionId=txn-c5a62a31-8fac-44bb-b78e-44b7f31f4bce queue=RECON.IN","logger_name":"com.ntt.recon.service.ProducerService","thread_name":"scheduling-1","level":"INFO","level_value":20000,"appName":"recon-producer-app","application":"recon-producer-app"}
{"@timestamp":"2026-05-10T09:34:56.060361809Z","@version":"1","message":"event=transaction_published transactionId=txn-ca16beec-f5b7-47d9-abf7-565f1db63063 queue=RECON.IN","logger_name":"com.ntt.recon.service.ProducerService","thread_name":"scheduling-1","level":"INFO","level_value":20000,"appName":"recon-producer-app","application":"recon-producer-app"}
{"@timestamp":"2026-05-10T09:34:56.06545042Z","@version":"1","message":"event=transaction_published transactionId=txn-6cdd6577-5371-417d-92d7-4b5b662e62c3 queue=RECON.IN","logger_name":"com.ntt.recon.service.ProducerService","thread_name":"scheduling-1","level":"INFO","level_value":20000,"appName":"recon-producer-app","application":"recon-producer-app"}
{"@timestamp":"2026-05-10T09:34:57.06195082Z","@version":"1","message":"event=transaction_published transactionId=txn-b1643e4b-d90b-4999-8e1d-028e2fdcddb4 queue=RECON.IN","logger_name":"com.ntt.recon.service.ProducerService","thread_name":"scheduling-1","level":"INFO","level_value":20000,"appName":"recon-producer-app","application":"recon-producer-app"}
{"@timestamp":"2026-05-10T09:34:57.065632064Z","@version":"1","message":"event=transaction_published transactionId=txn-2b310e9c-68ba-4c5f-b489-f4d52fdae039 queue=RECON.IN","logger_name":"com.ntt.recon.service.ProducerService","thread_name":"scheduling-1","level":"INFO","level_value":20000,"appName":"recon-producer-app","application":"recon-producer-app"}
{"@timestamp":"2026-05-10T09:34:58.06146762Z","@version":"1","message":"event=transaction_published transactionId=txn-e0b8b0bc-fb45-49a1-8875-49936202a7f0 queue=RECON.IN","logger_name":"com.ntt.recon.service.ProducerService","thread_name":"scheduling-1","level":"INFO","level_value":20000,"appName":"recon-producer-app","application":"recon-producer-app"}
{"@timestamp":"2026-05-10T09:34:58.065122898Z","@version":"1","message":"event=transaction_published transactionId=txn-c25391f8-ca41-424d-ab06-f2075ea3937a queue=RECON.IN","logger_name":"com.ntt.recon.service.ProducerService","thread_name":"scheduling-1","level":"INFO","level_value":20000,"appName":"recon-producer-app","application":"recon-producer-app"}
{"@timestamp":"2026-05-10T09:34:59.060622401Z","@version":"1","message":"event=transaction_published transactionId=txn-6236c7c2-a472-4409-b59f-c3df9929047a queue=RECON.IN","logger_name":"com.ntt.recon.service.ProducerService","thread_name":"scheduling-1","level":"INFO","level_value":20000,"appName":"recon-producer-app","application":"recon-producer-app"}
{"@timestamp":"2026-05-10T09:34:59.064075128Z","@version":"1","message":"event=transaction_published transactionId=txn-1f3c2149-21cc-4d55-91e3-a4049df382cf queue=RECON.IN","logger_name":"com.ntt.recon.service.ProducerService","thread_name":"scheduling-1","level":"INFO","level_value":20000,"appName":"recon-producer-app","application":"recon-producer-app"}
{"@timestamp":"2026-05-10T09:35:00.080695952Z","@version":"1","message":"event=transaction_published transactionId=txn-42387204-6687-4cdd-a1fa-ea0d4a6a1b7e queue=RECON.IN","logger_name":"com.ntt.recon.service.ProducerService","thread_name":"scheduling-1","level":"INFO","level_value":20000,"appName":"recon-producer-app","application":"recon-producer-app"}
{"@timestamp":"2026-05-10T09:35:00.090832173Z","@version":"1","message":"event=transaction_published transactionId=txn-5bf3aab4-d865-4ef8-91be-7a83d1376ce2 queue=RECON.IN","logger_name":"com.ntt.recon.service.ProducerService","thread_name":"scheduling-1","level":"INFO","level_value":20000,"appName":"recon-producer-app","application":"recon-producer-app"}
{"@timestamp":"2026-05-10T09:35:01.067438122Z","@version":"1","message":"event=transaction_published transactionId=txn-562ef9b4-cc1c-42e2-bb25-c9c2619ede95 queue=RECON.IN","logger_name":"com.ntt.recon.service.ProducerService","thread_name":"scheduling-1","level":"INFO","level_value":20000,"appName":"recon-producer-app","application":"recon-producer-app"}
{"@timestamp":"2026-05-10T09:35:01.07473642Z","@version":"1","message":"event=transaction_published transactionId=txn-cf691230-d2aa-43a9-a15a-d84b8fd6c082 queue=RECON.IN","logger_name":"com.ntt.recon.service.ProducerService","thread_name":"scheduling-1","level":"INFO","level_value":20000,"appName":"recon-producer-app","application":"recon-producer-app"}
{"@timestamp":"2026-05-10T09:35:02.236547342Z","@version":"1","message":"event=transaction_published transactionId=txn-3339f68c-1276-44ca-8f7b-79f71ff50208 queue=RECON.IN","logger_name":"com.ntt.recon.service.ProducerService","thread_name":"scheduling-1","level":"INFO","level_value":20000,"appName":"recon-producer-app","application":"recon-producer-app"}
{"@timestamp":"2026-05-10T09:35:02.265442912Z","@version":"1","message":"event=transaction_published transactionId=txn-83be8358-de2a-46c3-845f-3bffb1aaa7a5 queue=RECON.IN","logger_name":"com.ntt.recon.service.ProducerService","thread_name":"scheduling-1","level":"INFO","level_value":20000,"appName":"recon-producer-app","application":"recon-producer-app"}
{"@timestamp":"2026-05-10T09:35:03.074502165Z","@version":"1","message":"event=transaction_published transactionId=txn-50f3c65c-f095-48f7-9432-03273cabb2e6 queue=RECON.IN","logger_name":"com.ntt.recon.service.ProducerService","thread_name":"scheduling-1","level":"INFO","level_value":20000,"appName":"recon-producer-app","application":"recon-producer-app"}
{"@timestamp":"2026-05-10T09:35:03.080910762Z","@version":"1","message":"event=transaction_published transactionId=txn-0309acc6-70e8-43c9-ace4-b815058206ea queue=RECON.IN","logger_name":"com.ntt.recon.service.ProducerService","thread_name":"scheduling-1","level":"INFO","level_value":20000,"appName":"recon-producer-app","application":"recon-producer-app"}
{"@timestamp":"2026-05-10T09:35:04.060668256Z","@version":"1","message":"event=transaction_published transactionId=txn-8e8174da-45ea-4af1-b7f0-e1c0f5a82f24 queue=RECON.IN","logger_name":"com.ntt.recon.service.ProducerService","thread_name":"scheduling-1","level":"INFO","level_value":20000,"appName":"recon-producer-app","application":"recon-producer-app"}
{"@timestamp":"2026-05-10T09:35:04.066347638Z","@version":"1","message":"event=transaction_published transactionId=txn-a7fc311c-4f05-451e-a80b-53b481727394 queue=RECON.IN","logger_name":"com.ntt.recon.service.ProducerService","thread_name":"scheduling-1","level":"INFO","level_value":20000,"appName":"recon-producer-app","application":"recon-producer-app"}
{"@timestamp":"2026-05-10T09:35:05.0645016Z","@version":"1","message":"event=transaction_published transactionId=txn-2fc71248-0d75-4631-829f-b3fcf37afa52 queue=RECON.IN","logger_name":"com.ntt.recon.service.ProducerService","thread_name":"scheduling-1","level":"INFO","level_value":20000,"appName":"recon-producer-app","application":"recon-producer-app"}
{"@timestamp":"2026-05-10T09:35:05.06964167Z","@version":"1","message":"event=transaction_published transactionId=txn-707c5228-04bd-47bd-bd0b-64f39f608fbb queue=RECON.IN","logger_name":"com.ntt.recon.service.ProducerService","thread_name":"scheduling-1","level":"INFO","level_value":20000,"appName":"recon-producer-app","application":"recon-producer-app"}


==========================================================================================
CONSUMER LOG PROOF - RECOVERY PROCESSING AFTER SCALE UP
==========================================================================================
COMMAND: kubectl logs -n recon-platform deploy/recon-consumer-app --since=20m | Select-String -Pattern 'message_reconciled|transaction_processed|duplicate_message_ignored|Started|JmsListener|reconciled' | Select-Object -First 120

{"@timestamp":"2026-05-10T09:41:46.062153732Z","@version":"1","message":"Received message of type [class com.ibm.jakarta.jms.JMSTextMessage] from consumer [com.ibm.mq.jakarta.jms.MQQueueReceiver@29f6ce6c] of session [Cached JMS Session: {\"ConnectionId\":\"414D5143514D31202020202020202020674F006A00450040\",\"ObjectId\":\"com.ibm.msg.client.jakarta.wmq.internal.WMQSession@6dacd0e1\",\"Channel\":\"DEV.APP.SVRCONN\",\"Port\":\"1414\",\"ConnectionMode\":\"WMQ_CM_CLIENT\",\"Host\":\"ibm-mq.recon-platform.svc.cluster.local/10.100.195.132\",\"ResolvedQueueManager\":\"QM1\",\"QueueManager\":\"QM1\"}]","logger_name":"org.springframework.jms.listener.DefaultMessageListenerContainer","thread_name":"org.springframework.jms.JmsListenerEndpointContainer#1-7","level":"DEBUG","level_value":10000,"appName":"recon-consumer-app","application":"recon-consumer-app"}
{"@timestamp":"2026-05-10T09:41:46.062486243Z","@version":"1","message":"Processing [LazyResolutionMessage [rawMessage=\n  JMSMessage class: jms_text\n  JMSType:          null\n  JMSDeliveryMode:  2\n  JMSDeliveryDelay: 0\n  JMSDeliveryTime:  0\n  JMSExpiration:    0\n  JMSPriority:      4\n  JMSMessageID:     ID:414d5120514d31202020202020202020674f006a8f430040\n  JMSTimestamp:     1778406106057\n  JMSCorrelationID: 3304b6f8-62c4-443c-9658-f529a3b205a9\n  JMSDestination:   queue:///RECON.IN\n  JMSReplyTo:       null\n  JMSRedelivered:   false\n    JMSXAppID: /opt/recon/app.jar          \n    JMSXDeliveryCount: 1\n    JMSXUserID: app         \n    JMS_IBM_Character_Set: UTF-8\n    JMS_IBM_Encoding: 273\n    JMS_IBM_Format: MQSTR   \n    JMS_IBM_MsgType: 8\n    JMS_IBM_PutApplType: 28\n    JMS_IBM_PutDate: 20260510\n    JMS_IBM_PutTime: 09414605\n    _type: com.ntt.recon.domain.ReconciliationTransaction\n    correlationId: 3304b6f8-62c4-443c-9658-f529a3b205a9\n    source: recon-producer-eks\n    traceId: f8835e0f207ceaf482774df603aba660\n    traceparent: 00-f8835e0f207ceaf482774df603aba660-90e1f4e8d7030b36-01\n{\"transactionId\":\"txn-02a4422a-559c-4894-b88d-a103094e327d\",\"sourceSystem\":\"CORE_BANKING\",\"accountNu ...]]","logger_name":"org.springframework.jms.listener.adapter.MessagingMessageListenerAdapter","thread_name":"org.springframework.jms.JmsListenerEndpointContainer#1-7","level":"DEBUG","level_value":10000,"appName":"recon-consumer-app","application":"recon-consumer-app"}
{"@timestamp":"2026-05-10T09:41:46.063164942Z","@version":"1","message":"event=transaction_consumed transactionId=txn-02a4422a-559c-4894-b88d-a103094e327d","logger_name":"com.ntt.recon.service.ConsumerListener","thread_name":"org.springframework.jms.JmsListenerEndpointContainer#1-7","level":"INFO","level_value":20000,"appName":"recon-consumer-app","traceId":"f8835e0f207ceaf482774df603aba660","spanId":"90e1f4e8d7030b36","correlationId":"3304b6f8-62c4-443c-9658-f529a3b205a9","application":"recon-consumer-app"}
{"@timestamp":"2026-05-10T09:41:46.063338271Z","@version":"1","message":"Created or retrieved circuit breaker 'databaseCircuitBreaker' with failure rate '50.0' for method: 'com.ntt.recon.service.ReconciliationService#reconcileWithRetry'","logger_name":"io.github.resilience4j.spring6.circuitbreaker.configure.CircuitBreakerAspect","thread_name":"org.springframework.jms.JmsListenerEndpointContainer#1-7","level":"DEBUG","level_value":10000,"appName":"recon-consumer-app","traceId":"f8835e0f207ceaf482774df603aba660","spanId":"90e1f4e8d7030b36","correlationId":"3304b6f8-62c4-443c-9658-f529a3b205a9","application":"recon-consumer-app"}
{"@timestamp":"2026-05-10T09:41:46.063548354Z","@version":"1","message":"Created or retrieved bulkhead 'databaseBulkhead' with max concurrent call '20' and max wait time '250ms' for method: 'com.ntt.recon.service.ReconciliationService#reconcileWithRetry'","logger_name":"io.github.resilience4j.spring6.bulkhead.configure.BulkheadAspect","thread_name":"org.springframework.jms.JmsListenerEndpointContainer#1-7","level":"DEBUG","level_value":10000,"appName":"recon-consumer-app","traceId":"f8835e0f207ceaf482774df603aba660","spanId":"90e1f4e8d7030b36","correlationId":"3304b6f8-62c4-443c-9658-f529a3b205a9","application":"recon-consumer-app"}
{"@timestamp":"2026-05-10T09:41:46.063774301Z","@version":"1","message":"Creating new EntityManager for shared EntityManager invocation","logger_name":"org.springframework.orm.jpa.SharedEntityManagerCreator$SharedEntityManagerInvocationHandler","thread_name":"org.springframework.jms.JmsListenerEndpointContainer#1-7","level":"DEBUG","level_value":10000,"appName":"recon-consumer-app","traceId":"f8835e0f207ceaf482774df603aba660","spanId":"90e1f4e8d7030b36","correlationId":"3304b6f8-62c4-443c-9658-f529a3b205a9","application":"recon-consumer-app"}
{"@timestamp":"2026-05-10T09:41:46.064612852Z","@version":"1","message":"Created new SQL alias : rr1_0","logger_name":"org.hibernate.orm.sql.ast.create","thread_name":"org.springframework.jms.JmsListenerEndpointContainer#1-7","level":"DEBUG","level_value":10000,"appName":"recon-consumer-app","traceId":"f8835e0f207ceaf482774df603aba660","spanId":"90e1f4e8d7030b36","correlationId":"3304b6f8-62c4-443c-9658-f529a3b205a9","application":"recon-consumer-app"}
{"@timestamp":"2026-05-10T09:41:46.064669434Z","@version":"1","message":"Registration of TableGroup [StandardTableGroup(com.ntt.recon.domain.ReconciliationRecord(5))] with identifierForTableGroup [com.ntt.recon.domain.ReconciliationRecord] for NavigablePath [com.ntt.recon.domain.ReconciliationRecord] ","logger_name":"org.hibernate.orm.sql.ast.create","thread_name":"org.springframework.jms.JmsListenerEndpointContainer#1-7","level":"DEBUG","level_value":10000,"appName":"recon-consumer-app","traceId":"f8835e0f207ceaf482774df603aba660","spanId":"90e1f4e8d7030b36","correlationId":"3304b6f8-62c4-443c-9658-f529a3b205a9","application":"recon-consumer-app"}
{"@timestamp":"2026-05-10T09:41:46.064835419Z","@version":"1","message":"Determining mapping-model type for SqmParameter : org.hibernate.query.sqm.tree.expression.SqmJpaCriteriaParameterWrapper@65570fff","logger_name":"org.hibernate.query.sqm.sql.BaseSqmToSqlAstConverter","thread_name":"org.springframework.jms.JmsListenerEndpointContainer#1-7","level":"DEBUG","level_value":10000,"appName":"recon-consumer-app","traceId":"f8835e0f207ceaf482774df603aba660","spanId":"90e1f4e8d7030b36","correlationId":"3304b6f8-62c4-443c-9658-f529a3b205a9","application":"recon-consumer-app"}
{"@timestamp":"2026-05-10T09:41:46.06486295Z","@version":"1","message":"Determining mapping-model type for SqmPath : SqmBasicValuedSimplePath(com.ntt.recon.domain.ReconciliationRecord(5).correlationId) ","logger_name":"org.hibernate.query.sqm.sql.BaseSqmToSqlAstConverter","thread_name":"org.springframework.jms.JmsListenerEndpointContainer#1-7","level":"DEBUG","level_value":10000,"appName":"recon-consumer-app","traceId":"f8835e0f207ceaf482774df603aba660","spanId":"90e1f4e8d7030b36","correlationId":"3304b6f8-62c4-443c-9658-f529a3b205a9","application":"recon-consumer-app"}
{"@timestamp":"2026-05-10T09:41:46.06512094Z","@version":"1","message":"DomainResult Graph:\n \\-BasicResult [com.ntt.recon.domain.ReconciliationRecord(5).id]\n","logger_name":"org.hibernate.orm.results.graph.AST","thread_name":"org.springframework.jms.JmsListenerEndpointContainer#1-7","level":"DEBUG","level_value":10000,"appName":"recon-consumer-app","traceId":"f8835e0f207ceaf482774df603aba660","spanId":"90e1f4e8d7030b36","correlationId":"3304b6f8-62c4-443c-9658-f529a3b205a9","application":"recon-consumer-app"}
{"@timestamp":"2026-05-10T09:41:46.065370795Z","@version":"1","message":"SQL AST Tree:\n    SelectStatement {\n      FromClause {\n        StandardTableGroup (rr1 : com.ntt.recon.domain.ReconciliationRecord(5)) {\n          primaryTableReference : reconciliation_record as rr1_0\n        }\n      }\n    }\n","logger_name":"org.hibernate.orm.sql.ast.tree","thread_name":"org.springframework.jms.JmsListenerEndpointContainer#1-7","level":"DEBUG","level_value":10000,"appName":"recon-consumer-app","traceId":"f8835e0f207ceaf482774df603aba660","spanId":"90e1f4e8d7030b36","correlationId":"3304b6f8-62c4-443c-9658-f529a3b205a9","application":"recon-consumer-app"}
{"@timestamp":"2026-05-10T09:41:46.065607096Z","@version":"1","message":"Skipping reading Query result cache data: cache-enabled = false, cache-mode = NORMAL","logger_name":"org.hibernate.orm.sql.exec","thread_name":"org.springframework.jms.JmsListenerEndpointContainer#1-7","level":"DEBUG","level_value":10000,"appName":"recon-consumer-app","traceId":"f8835e0f207ceaf482774df603aba660","spanId":"90e1f4e8d7030b36","correlationId":"3304b6f8-62c4-443c-9658-f529a3b205a9","application":"recon-consumer-app"}
{"@timestamp":"2026-05-10T09:41:46.065667291Z","@version":"1","message":"Initializer list is empty","logger_name":"org.hibernate.orm.results","thread_name":"org.springframework.jms.JmsListenerEndpointContainer#1-7","level":"DEBUG","level_value":10000,"appName":"recon-consumer-app","traceId":"f8835e0f207ceaf482774df603aba660","spanId":"90e1f4e8d7030b36","correlationId":"3304b6f8-62c4-443c-9658-f529a3b205a9","application":"recon-consumer-app"}
{"@timestamp":"2026-05-10T09:41:46.065721898Z","@version":"1","message":"select rr1_0.id from reconciliation_record rr1_0 where rr1_0.correlation_id=? fetch first ? rows only","logger_name":"org.hibernate.SQL","thread_name":"org.springframework.jms.JmsListenerEndpointContainer#1-7","level":"DEBUG","level_value":10000,"appName":"recon-consumer-app","traceId":"f8835e0f207ceaf482774df603aba660","spanId":"90e1f4e8d7030b36","correlationId":"3304b6f8-62c4-443c-9658-f529a3b205a9","application":"recon-consumer-app"}
{"@timestamp":"2026-05-10T09:41:46.066486848Z","@version":"1","message":"Received message of type [class com.ibm.jakarta.jms.JMSTextMessage] from consumer [com.ibm.mq.jakarta.jms.MQQueueReceiver@666bbe06] of session [Cached JMS Session: {\"ConnectionId\":\"414D5143514D31202020202020202020674F006A00450040\",\"ObjectId\":\"com.ibm.msg.client.jakarta.wmq.internal.WMQSession@2ed522d2\",\"Channel\":\"DEV.APP.SVRCONN\",\"Port\":\"1414\",\"ConnectionMode\":\"WMQ_CM_CLIENT\",\"Host\":\"ibm-mq.recon-platform.svc.cluster.local/10.100.195.132\",\"ResolvedQueueManager\":\"QM1\",\"QueueManager\":\"QM1\"}]","logger_name":"org.springframework.jms.listener.DefaultMessageListenerContainer","thread_name":"org.springframework.jms.JmsListenerEndpointContainer#1-8","level":"DEBUG","level_value":10000,"appName":"recon-consumer-app","application":"recon-consumer-app"}
{"@timestamp":"2026-05-10T09:41:46.066693256Z","@version":"1","message":"Processing [LazyResolutionMessage [rawMessage=\n  JMSMessage class: jms_text\n  JMSType:          null\n  JMSDeliveryMode:  2\n  JMSDeliveryDelay: 0\n  JMSDeliveryTime:  0\n  JMSExpiration:    0\n  JMSPriority:      4\n  JMSMessageID:     ID:414d5120514d31202020202020202020674f006a90430040\n  JMSTimestamp:     1778406106062\n  JMSCorrelationID: 36b02638-c373-4bcc-8ce4-e8b1a4a0594e\n  JMSDestination:   queue:///RECON.IN\n  JMSReplyTo:       null\n  JMSRedelivered:   false\n    JMSXAppID: /opt/recon/app.jar          \n    JMSXDeliveryCount: 1\n    JMSXUserID: app         \n    JMS_IBM_Character_Set: UTF-8\n    JMS_IBM_Encoding: 273\n    JMS_IBM_Format: MQSTR   \n    JMS_IBM_MsgType: 8\n    JMS_IBM_PutApplType: 28\n    JMS_IBM_PutDate: 20260510\n    JMS_IBM_PutTime: 09414606\n    _type: com.ntt.recon.domain.ReconciliationTransaction\n    correlationId: 36b02638-c373-4bcc-8ce4-e8b1a4a0594e\n    source: recon-producer-eks\n    traceId: f8835e0f207ceaf482774df603aba660\n    traceparent: 00-f8835e0f207ceaf482774df603aba660-90e1f4e8d7030b36-01\n{\"transactionId\":\"txn-518a2014-be6b-4318-8263-8797e37eeea5\",\"sourceSystem\":\"CORE_BANKING\",\"accountNu ...]]","logger_name":"org.springframework.jms.listener.adapter.MessagingMessageListenerAdapter","thread_name":"org.springframework.jms.JmsListenerEndpointContainer#1-8","level":"DEBUG","level_value":10000,"appName":"recon-consumer-app","application":"recon-consumer-app"}
{"@timestamp":"2026-05-10T09:41:46.067302309Z","@version":"1","message":"event=transaction_consumed transactionId=txn-518a2014-be6b-4318-8263-8797e37eeea5","logger_name":"com.ntt.recon.service.ConsumerListener","thread_name":"org.springframework.jms.JmsListenerEndpointContainer#1-8","level":"INFO","level_value":20000,"appName":"recon-consumer-app","traceId":"f8835e0f207ceaf482774df603aba660","spanId":"90e1f4e8d7030b36","correlationId":"36b02638-c373-4bcc-8ce4-e8b1a4a0594e","application":"recon-consumer-app"}
{"@timestamp":"2026-05-10T09:41:46.067557103Z","@version":"1","message":"Created or retrieved circuit breaker 'databaseCircuitBreaker' with failure rate '50.0' for method: 'com.ntt.recon.service.ReconciliationService#reconcileWithRetry'","logger_name":"io.github.resilience4j.spring6.circuitbreaker.configure.CircuitBreakerAspect","thread_name":"org.springframework.jms.JmsListenerEndpointContainer#1-8","level":"DEBUG","level_value":10000,"appName":"recon-consumer-app","traceId":"f8835e0f207ceaf482774df603aba660","spanId":"90e1f4e8d7030b36","correlationId":"36b02638-c373-4bcc-8ce4-e8b1a4a0594e","application":"recon-consumer-app"}
{"@timestamp":"2026-05-10T09:41:46.067733841Z","@version":"1","message":"Created or retrieved bulkhead 'databaseBulkhead' with max concurrent call '20' and max wait time '250ms' for method: 'com.ntt.recon.service.ReconciliationService#reconcileWithRetry'","logger_name":"io.github.resilience4j.spring6.bulkhead.configure.BulkheadAspect","thread_name":"org.springframework.jms.JmsListenerEndpointContainer#1-8","level":"DEBUG","level_value":10000,"appName":"recon-consumer-app","traceId":"f8835e0f207ceaf482774df603aba660","spanId":"90e1f4e8d7030b36","correlationId":"36b02638-c373-4bcc-8ce4-e8b1a4a0594e","application":"recon-consumer-app"}
{"@timestamp":"2026-05-10T09:41:46.067899169Z","@version":"1","message":"Creating new EntityManager for shared EntityManager invocation","logger_name":"org.springframework.orm.jpa.SharedEntityManagerCreator$SharedEntityManagerInvocationHandler","thread_name":"org.springframework.jms.JmsListenerEndpointContainer#1-8","level":"DEBUG","level_value":10000,"appName":"recon-consumer-app","traceId":"f8835e0f207ceaf482774df603aba660","spanId":"90e1f4e8d7030b36","correlationId":"36b02638-c373-4bcc-8ce4-e8b1a4a0594e","application":"recon-consumer-app"}
{"@timestamp":"2026-05-10T09:41:46.068619357Z","@version":"1","message":"Created new SQL alias : rr1_0","logger_name":"org.hibernate.orm.sql.ast.create","thread_name":"org.springframework.jms.JmsListenerEndpointContainer#1-8","level":"DEBUG","level_value":10000,"appName":"recon-consumer-app","traceId":"f8835e0f207ceaf482774df603aba660","spanId":"90e1f4e8d7030b36","correlationId":"36b02638-c373-4bcc-8ce4-e8b1a4a0594e","application":"recon-consumer-app"}
{"@timestamp":"2026-05-10T09:41:46.068672623Z","@version":"1","message":"Registration of TableGroup [StandardTableGroup(com.ntt.recon.domain.ReconciliationRecord(5))] with identifierForTableGroup [com.ntt.recon.domain.ReconciliationRecord] for NavigablePath [com.ntt.recon.domain.ReconciliationRecord] ","logger_name":"org.hibernate.orm.sql.ast.create","thread_name":"org.springframework.jms.JmsListenerEndpointContainer#1-8","level":"DEBUG","level_value":10000,"appName":"recon-consumer-app","traceId":"f8835e0f207ceaf482774df603aba660","spanId":"90e1f4e8d7030b36","correlationId":"36b02638-c373-4bcc-8ce4-e8b1a4a0594e","application":"recon-consumer-app"}
{"@timestamp":"2026-05-10T09:41:46.069034804Z","@version":"1","message":"Determining mapping-model type for SqmParameter : org.hibernate.query.sqm.tree.expression.SqmJpaCriteriaParameterWrapper@3b2fb0fd","logger_name":"org.hibernate.query.sqm.sql.BaseSqmToSqlAstConverter","thread_name":"org.springframework.jms.JmsListenerEndpointContainer#1-8","level":"DEBUG","level_value":10000,"appName":"recon-consumer-app","traceId":"f8835e0f207ceaf482774df603aba660","spanId":"90e1f4e8d7030b36","correlationId":"36b02638-c373-4bcc-8ce4-e8b1a4a0594e","application":"recon-consumer-app"}
{"@timestamp":"2026-05-10T09:41:46.069156254Z","@version":"1","message":"Determining mapping-model type for SqmPath : SqmBasicValuedSimplePath(com.ntt.recon.domain.ReconciliationRecord(5).correlationId) ","logger_name":"org.hibernate.query.sqm.sql.BaseSqmToSqlAstConverter","thread_name":"org.springframework.jms.JmsListenerEndpointContainer#1-8","level":"DEBUG","level_value":10000,"appName":"recon-consumer-app","traceId":"f8835e0f207ceaf482774df603aba660","spanId":"90e1f4e8d7030b36","correlationId":"36b02638-c373-4bcc-8ce4-e8b1a4a0594e","application":"recon-consumer-app"}
{"@timestamp":"2026-05-10T09:41:46.069444187Z","@version":"1","message":"DomainResult Graph:\n \\-BasicResult [com.ntt.recon.domain.ReconciliationRecord(5).id]\n","logger_name":"org.hibernate.orm.results.graph.AST","thread_name":"org.springframework.jms.JmsListenerEndpointContainer#1-8","level":"DEBUG","level_value":10000,"appName":"recon-consumer-app","traceId":"f8835e0f207ceaf482774df603aba660","spanId":"90e1f4e8d7030b36","correlationId":"36b02638-c373-4bcc-8ce4-e8b1a4a0594e","application":"recon-consumer-app"}
{"@timestamp":"2026-05-10T09:41:46.069607115Z","@version":"1","message":"SQL AST Tree:\n    SelectStatement {\n      FromClause {\n        StandardTableGroup (rr1 : com.ntt.recon.domain.ReconciliationRecord(5)) {\n          primaryTableReference : reconciliation_record as rr1_0\n        }\n      }\n    }\n","logger_name":"org.hibernate.orm.sql.ast.tree","thread_name":"org.springframework.jms.JmsListenerEndpointContainer#1-8","level":"DEBUG","level_value":10000,"appName":"recon-consumer-app","traceId":"f8835e0f207ceaf482774df603aba660","spanId":"90e1f4e8d7030b36","correlationId":"36b02638-c373-4bcc-8ce4-e8b1a4a0594e","application":"recon-consumer-app"}
{"@timestamp":"2026-05-10T09:41:46.06988287Z","@version":"1","message":"Skipping reading Query result cache data: cache-enabled = false, cache-mode = NORMAL","logger_name":"org.hibernate.orm.sql.exec","thread_name":"org.springframework.jms.JmsListenerEndpointContainer#1-8","level":"DEBUG","level_value":10000,"appName":"recon-consumer-app","traceId":"f8835e0f207ceaf482774df603aba660","spanId":"90e1f4e8d7030b36","correlationId":"36b02638-c373-4bcc-8ce4-e8b1a4a0594e","application":"recon-consumer-app"}
{"@timestamp":"2026-05-10T09:41:46.070029553Z","@version":"1","message":"Initializer list is empty","logger_name":"org.hibernate.orm.results","thread_name":"org.springframework.jms.JmsListenerEndpointContainer#1-8","level":"DEBUG","level_value":10000,"appName":"recon-consumer-app","traceId":"f8835e0f207ceaf482774df603aba660","spanId":"90e1f4e8d7030b36","correlationId":"36b02638-c373-4bcc-8ce4-e8b1a4a0594e","application":"recon-consumer-app"}
{"@timestamp":"2026-05-10T09:41:46.07016072Z","@version":"1","message":"select rr1_0.id from reconciliation_record rr1_0 where rr1_0.correlation_id=? fetch first ? rows only","logger_name":"org.hibernate.SQL","thread_name":"org.springframework.jms.JmsListenerEndpointContainer#1-8","level":"DEBUG","level_value":10000,"appName":"recon-consumer-app","traceId":"f8835e0f207ceaf482774df603aba660","spanId":"90e1f4e8d7030b36","correlationId":"36b02638-c373-4bcc-8ce4-e8b1a4a0594e","application":"recon-consumer-app"}
{"@timestamp":"2026-05-10T09:41:46.070590183Z","@version":"1","message":"Creating new transaction with name [org.springframework.data.jpa.repository.support.SimpleJpaRepository.saveAndFlush]: PROPAGATION_REQUIRED,ISOLATION_DEFAULT","logger_name":"org.springframework.orm.jpa.JpaTransactionManager","thread_name":"org.springframework.jms.JmsListenerEndpointContainer#1-7","level":"DEBUG","level_value":10000,"appName":"recon-consumer-app","traceId":"f8835e0f207ceaf482774df603aba660","spanId":"90e1f4e8d7030b36","correlationId":"3304b6f8-62c4-443c-9658-f529a3b205a9","application":"recon-consumer-app"}
{"@timestamp":"2026-05-10T09:41:46.070758044Z","@version":"1","message":"Opened new EntityManager [SessionImpl(766883731<open>)] for JPA transaction","logger_name":"org.springframework.orm.jpa.JpaTransactionManager","thread_name":"org.springframework.jms.JmsListenerEndpointContainer#1-7","level":"DEBUG","level_value":10000,"appName":"recon-consumer-app","traceId":"f8835e0f207ceaf482774df603aba660","spanId":"90e1f4e8d7030b36","correlationId":"3304b6f8-62c4-443c-9658-f529a3b205a9","application":"recon-consumer-app"}
{"@timestamp":"2026-05-10T09:41:46.070879614Z","@version":"1","message":"On TransactionImpl creation, JpaCompliance#isJpaTransactionComplianceEnabled == false","logger_name":"org.hibernate.engine.transaction.internal.TransactionImpl","thread_name":"org.springframework.jms.JmsListenerEndpointContainer#1-7","level":"DEBUG","level_value":10000,"appName":"recon-consumer-app","traceId":"f8835e0f207ceaf482774df603aba660","spanId":"90e1f4e8d7030b36","correlationId":"3304b6f8-62c4-443c-9658-f529a3b205a9","application":"recon-consumer-app"}
{"@timestamp":"2026-05-10T09:41:46.070968285Z","@version":"1","message":"begin","logger_name":"org.hibernate.engine.transaction.internal.TransactionImpl","thread_name":"org.springframework.jms.JmsListenerEndpointContainer#1-7","level":"DEBUG","level_value":10000,"appName":"recon-consumer-app","traceId":"f8835e0f207ceaf482774df603aba660","spanId":"90e1f4e8d7030b36","correlationId":"3304b6f8-62c4-443c-9658-f529a3b205a9","application":"recon-consumer-app"}
{"@timestamp":"2026-05-10T09:41:46.071126377Z","@version":"1","message":"Exposing JPA transaction as JDBC [org.springframework.orm.jpa.vendor.HibernateJpaDialect$HibernateConnectionHandle@27009f28]","logger_name":"org.springframework.orm.jpa.JpaTransactionManager","thread_name":"org.springframework.jms.JmsListenerEndpointContainer#1-7","level":"DEBUG","level_value":10000,"appName":"recon-consumer-app","traceId":"f8835e0f207ceaf482774df603aba660","spanId":"90e1f4e8d7030b36","correlationId":"3304b6f8-62c4-443c-9658-f529a3b205a9","application":"recon-consumer-app"}
{"@timestamp":"2026-05-10T09:41:46.071299268Z","@version":"1","message":"jakarta.persistence.PersistenceUnitUtil.getIdentifier is only intended to work with enhanced entities (although Hibernate also adapts this support to its proxies); however the passed entity was not enhanced (nor a proxy).. may not be able to read identifier","logger_name":"org.hibernate.jpa.internal.PersistenceUnitUtilImpl","thread_name":"org.springframework.jms.JmsListenerEndpointContainer#1-7","level":"DEBUG","level_value":10000,"appName":"recon-consumer-app","traceId":"f8835e0f207ceaf482774df603aba660","spanId":"90e1f4e8d7030b36","correlationId":"3304b6f8-62c4-443c-9658-f529a3b205a9","application":"recon-consumer-app"}
{"@timestamp":"2026-05-10T09:41:46.071558531Z","@version":"1","message":"Generated identifier: b173b640-3b2b-455f-9c48-7eb72442533e, using strategy: org.hibernate.id.UUIDGenerator","logger_name":"org.hibernate.event.internal.AbstractSaveEventListener","thread_name":"org.springframework.jms.JmsListenerEndpointContainer#1-7","level":"DEBUG","level_value":10000,"appName":"recon-consumer-app","traceId":"f8835e0f207ceaf482774df603aba660","spanId":"90e1f4e8d7030b36","correlationId":"3304b6f8-62c4-443c-9658-f529a3b205a9","application":"recon-consumer-app"}
{"@timestamp":"2026-05-10T09:41:46.071802884Z","@version":"1","message":"Processing flush-time cascades","logger_name":"org.hibernate.event.internal.AbstractFlushingEventListener","thread_name":"org.springframework.jms.JmsListenerEndpointContainer#1-7","level":"DEBUG","level_value":10000,"appName":"recon-consumer-app","traceId":"f8835e0f207ceaf482774df603aba660","spanId":"90e1f4e8d7030b36","correlationId":"3304b6f8-62c4-443c-9658-f529a3b205a9","application":"recon-consumer-app"}
{"@timestamp":"2026-05-10T09:41:46.071922614Z","@version":"1","message":"Dirty checking collections","logger_name":"org.hibernate.event.internal.AbstractFlushingEventListener","thread_name":"org.springframework.jms.JmsListenerEndpointContainer#1-7","level":"DEBUG","level_value":10000,"appName":"recon-consumer-app","traceId":"f8835e0f207ceaf482774df603aba660","spanId":"90e1f4e8d7030b36","correlationId":"3304b6f8-62c4-443c-9658-f529a3b205a9","application":"recon-consumer-app"}
{"@timestamp":"2026-05-10T09:41:46.072113527Z","@version":"1","message":"Flushed: 1 insertions, 0 updates, 0 deletions to 1 objects","logger_name":"org.hibernate.event.internal.AbstractFlushingEventListener","thread_name":"org.springframework.jms.JmsListenerEndpointContainer#1-7","level":"DEBUG","level_value":10000,"appName":"recon-consumer-app","traceId":"f8835e0f207ceaf482774df603aba660","spanId":"90e1f4e8d7030b36","correlationId":"3304b6f8-62c4-443c-9658-f529a3b205a9","application":"recon-consumer-app"}
{"@timestamp":"2026-05-10T09:41:46.072228471Z","@version":"1","message":"Flushed: 0 (re)creations, 0 updates, 0 removals to 0 collections","logger_name":"org.hibernate.event.internal.AbstractFlushingEventListener","thread_name":"org.springframework.jms.JmsListenerEndpointContainer#1-7","level":"DEBUG","level_value":10000,"appName":"recon-consumer-app","traceId":"f8835e0f207ceaf482774df603aba660","spanId":"90e1f4e8d7030b36","correlationId":"3304b6f8-62c4-443c-9658-f529a3b205a9","application":"recon-consumer-app"}
{"@timestamp":"2026-05-10T09:41:46.072312469Z","@version":"1","message":"Listing entities:","logger_name":"org.hibernate.internal.util.EntityPrinter","thread_name":"org.springframework.jms.JmsListenerEndpointContainer#1-7","level":"DEBUG","level_value":10000,"appName":"recon-consumer-app","traceId":"f8835e0f207ceaf482774df603aba660","spanId":"90e1f4e8d7030b36","correlationId":"3304b6f8-62c4-443c-9658-f529a3b205a9","application":"recon-consumer-app"}
{"@timestamp":"2026-05-10T09:41:46.072460779Z","@version":"1","message":"com.ntt.recon.domain.ReconciliationRecord{amount=665.84, retryCount=0, sourceSystem=CORE_BANKING, accountNumber=ACCT-779166, transactionTime=2026-05-10T09:41:46.057167341Z, version=0, transactionId=txn-02a4422a-559c-4894-b88d-a103094e327d, createdAt=2026-05-10T09:41:46.070508179Z, failureReason=null, correlationId=3304b6f8-62c4-443c-9658-f529a3b205a9, currency=SGD, id=b173b640-3b2b-455f-9c48-7eb72442533e, status=RECONCILED, updatedAt=2026-05-10T09:41:46.070513568Z}","logger_name":"org.hibernate.internal.util.EntityPrinter","thread_name":"org.springframework.jms.JmsListenerEndpointContainer#1-7","level":"DEBUG","level_value":10000,"appName":"recon-consumer-app","traceId":"f8835e0f207ceaf482774df603aba660","spanId":"90e1f4e8d7030b36","correlationId":"3304b6f8-62c4-443c-9658-f529a3b205a9","application":"recon-consumer-app"}
{"@timestamp":"2026-05-10T09:41:46.07282627Z","@version":"1","message":"insert into reconciliation_record (account_number,amount,correlation_id,created_at,currency,failure_reason,retry_count,source_system,status,transaction_id,transaction_time,updated_at,version,id) values (?,?,?,?,?,?,?,?,?,?,?,?,?,?)","logger_name":"org.hibernate.SQL","thread_name":"org.springframework.jms.JmsListenerEndpointContainer#1-7","level":"DEBUG","level_value":10000,"appName":"recon-consumer-app","traceId":"f8835e0f207ceaf482774df603aba660","spanId":"90e1f4e8d7030b36","correlationId":"3304b6f8-62c4-443c-9658-f529a3b205a9","application":"recon-consumer-app"}
{"@timestamp":"2026-05-10T09:41:46.073706441Z","@version":"1","message":"Creating new transaction with name [org.springframework.data.jpa.repository.support.SimpleJpaRepository.saveAndFlush]: PROPAGATION_REQUIRED,ISOLATION_DEFAULT","logger_name":"org.springframework.orm.jpa.JpaTransactionManager","thread_name":"org.springframework.jms.JmsListenerEndpointContainer#1-8","level":"DEBUG","level_value":10000,"appName":"recon-consumer-app","traceId":"f8835e0f207ceaf482774df603aba660","spanId":"90e1f4e8d7030b36","correlationId":"36b02638-c373-4bcc-8ce4-e8b1a4a0594e","application":"recon-consumer-app"}
{"@timestamp":"2026-05-10T09:41:46.073953203Z","@version":"1","message":"Opened new EntityManager [SessionImpl(880510841<open>)] for JPA transaction","logger_name":"org.springframework.orm.jpa.JpaTransactionManager","thread_name":"org.springframework.jms.JmsListenerEndpointContainer#1-8","level":"DEBUG","level_value":10000,"appName":"recon-consumer-app","traceId":"f8835e0f207ceaf482774df603aba660","spanId":"90e1f4e8d7030b36","correlationId":"36b02638-c373-4bcc-8ce4-e8b1a4a0594e","application":"recon-consumer-app"}
{"@timestamp":"2026-05-10T09:41:46.074053673Z","@version":"1","message":"On TransactionImpl creation, JpaCompliance#isJpaTransactionComplianceEnabled == false","logger_name":"org.hibernate.engine.transaction.internal.TransactionImpl","thread_name":"org.springframework.jms.JmsListenerEndpointContainer#1-8","level":"DEBUG","level_value":10000,"appName":"recon-consumer-app","traceId":"f8835e0f207ceaf482774df603aba660","spanId":"90e1f4e8d7030b36","correlationId":"36b02638-c373-4bcc-8ce4-e8b1a4a0594e","application":"recon-consumer-app"}
{"@timestamp":"2026-05-10T09:41:46.074125532Z","@version":"1","message":"begin","logger_name":"org.hibernate.engine.transaction.internal.TransactionImpl","thread_name":"org.springframework.jms.JmsListenerEndpointContainer#1-8","level":"DEBUG","level_value":10000,"appName":"recon-consumer-app","traceId":"f8835e0f207ceaf482774df603aba660","spanId":"90e1f4e8d7030b36","correlationId":"36b02638-c373-4bcc-8ce4-e8b1a4a0594e","application":"recon-consumer-app"}
{"@timestamp":"2026-05-10T09:41:46.074286279Z","@version":"1","message":"Exposing JPA transaction as JDBC [org.springframework.orm.jpa.vendor.HibernateJpaDialect$HibernateConnectionHandle@601b6a30]","logger_name":"org.springframework.orm.jpa.JpaTransactionManager","thread_name":"org.springframework.jms.JmsListenerEndpointContainer#1-8","level":"DEBUG","level_value":10000,"appName":"recon-consumer-app","traceId":"f8835e0f207ceaf482774df603aba660","spanId":"90e1f4e8d7030b36","correlationId":"36b02638-c373-4bcc-8ce4-e8b1a4a0594e","application":"recon-consumer-app"}
{"@timestamp":"2026-05-10T09:41:46.074497009Z","@version":"1","message":"jakarta.persistence.PersistenceUnitUtil.getIdentifier is only intended to work with enhanced entities (although Hibernate also adapts this support to its proxies); however the passed entity was not enhanced (nor a proxy).. may not be able to read identifier","logger_name":"org.hibernate.jpa.internal.PersistenceUnitUtilImpl","thread_name":"org.springframework.jms.JmsListenerEndpointContainer#1-8","level":"DEBUG","level_value":10000,"appName":"recon-consumer-app","traceId":"f8835e0f207ceaf482774df603aba660","spanId":"90e1f4e8d7030b36","correlationId":"36b02638-c373-4bcc-8ce4-e8b1a4a0594e","application":"recon-consumer-app"}
{"@timestamp":"2026-05-10T09:41:46.074684817Z","@version":"1","message":"Generated identifier: 1af14e94-df73-42fc-a00b-fc98bda8ca6b, using strategy: org.hibernate.id.UUIDGenerator","logger_name":"org.hibernate.event.internal.AbstractSaveEventListener","thread_name":"org.springframework.jms.JmsListenerEndpointContainer#1-8","level":"DEBUG","level_value":10000,"appName":"recon-consumer-app","traceId":"f8835e0f207ceaf482774df603aba660","spanId":"90e1f4e8d7030b36","correlationId":"36b02638-c373-4bcc-8ce4-e8b1a4a0594e","application":"recon-consumer-app"}
{"@timestamp":"2026-05-10T09:41:46.074829264Z","@version":"1","message":"Initiating transaction commit","logger_name":"org.springframework.orm.jpa.JpaTransactionManager","thread_name":"org.springframework.jms.JmsListenerEndpointContainer#1-7","level":"DEBUG","level_value":10000,"appName":"recon-consumer-app","traceId":"f8835e0f207ceaf482774df603aba660","spanId":"90e1f4e8d7030b36","correlationId":"3304b6f8-62c4-443c-9658-f529a3b205a9","application":"recon-consumer-app"}
{"@timestamp":"2026-05-10T09:41:46.074870496Z","@version":"1","message":"Committing JPA transaction on EntityManager [SessionImpl(766883731<open>)]","logger_name":"org.springframework.orm.jpa.JpaTransactionManager","thread_name":"org.springframework.jms.JmsListenerEndpointContainer#1-7","level":"DEBUG","level_value":10000,"appName":"recon-consumer-app","traceId":"f8835e0f207ceaf482774df603aba660","spanId":"90e1f4e8d7030b36","correlationId":"3304b6f8-62c4-443c-9658-f529a3b205a9","application":"recon-consumer-app"}
{"@timestamp":"2026-05-10T09:41:46.074885878Z","@version":"1","message":"committing","logger_name":"org.hibernate.engine.transaction.internal.TransactionImpl","thread_name":"org.springframework.jms.JmsListenerEndpointContainer#1-7","level":"DEBUG","level_value":10000,"appName":"recon-consumer-app","traceId":"f8835e0f207ceaf482774df603aba660","spanId":"90e1f4e8d7030b36","correlationId":"3304b6f8-62c4-443c-9658-f529a3b205a9","application":"recon-consumer-app"}
{"@timestamp":"2026-05-10T09:41:46.074920482Z","@version":"1","message":"Processing flush-time cascades","logger_name":"org.hibernate.event.internal.AbstractFlushingEventListener","thread_name":"org.springframework.jms.JmsListenerEndpointContainer#1-7","level":"DEBUG","level_value":10000,"appName":"recon-consumer-app","traceId":"f8835e0f207ceaf482774df603aba660","spanId":"90e1f4e8d7030b36","correlationId":"3304b6f8-62c4-443c-9658-f529a3b205a9","application":"recon-consumer-app"}
{"@timestamp":"2026-05-10T09:41:46.07494538Z","@version":"1","message":"Dirty checking collections","logger_name":"org.hibernate.event.internal.AbstractFlushingEventListener","thread_name":"org.springframework.jms.JmsListenerEndpointContainer#1-7","level":"DEBUG","level_value":10000,"appName":"recon-consumer-app","traceId":"f8835e0f207ceaf482774df603aba660","spanId":"90e1f4e8d7030b36","correlationId":"3304b6f8-62c4-443c-9658-f529a3b205a9","application":"recon-consumer-app"}
{"@timestamp":"2026-05-10T09:41:46.074927119Z","@version":"1","message":"Processing flush-time cascades","logger_name":"org.hibernate.event.internal.AbstractFlushingEventListener","thread_name":"org.springframework.jms.JmsListenerEndpointContainer#1-8","level":"DEBUG","level_value":10000,"appName":"recon-consumer-app","traceId":"f8835e0f207ceaf482774df603aba660","spanId":"90e1f4e8d7030b36","correlationId":"36b02638-c373-4bcc-8ce4-e8b1a4a0594e","application":"recon-consumer-app"}
{"@timestamp":"2026-05-10T09:41:46.075015218Z","@version":"1","message":"Dirty checking collections","logger_name":"org.hibernate.event.internal.AbstractFlushingEventListener","thread_name":"org.springframework.jms.JmsListenerEndpointContainer#1-8","level":"DEBUG","level_value":10000,"appName":"recon-consumer-app","traceId":"f8835e0f207ceaf482774df603aba660","spanId":"90e1f4e8d7030b36","correlationId":"36b02638-c373-4bcc-8ce4-e8b1a4a0594e","application":"recon-consumer-app"}
{"@timestamp":"2026-05-10T09:41:46.07504485Z","@version":"1","message":"Flushed: 0 insertions, 0 updates, 0 deletions to 1 objects","logger_name":"org.hibernate.event.internal.AbstractFlushingEventListener","thread_name":"org.springframework.jms.JmsListenerEndpointContainer#1-7","level":"DEBUG","level_value":10000,"appName":"recon-consumer-app","traceId":"f8835e0f207ceaf482774df603aba660","spanId":"90e1f4e8d7030b36","correlationId":"3304b6f8-62c4-443c-9658-f529a3b205a9","application":"recon-consumer-app"}
{"@timestamp":"2026-05-10T09:41:46.075065763Z","@version":"1","message":"Flushed: 0 (re)creations, 0 updates, 0 removals to 0 collections","logger_name":"org.hibernate.event.internal.AbstractFlushingEventListener","thread_name":"org.springframework.jms.JmsListenerEndpointContainer#1-7","level":"DEBUG","level_value":10000,"appName":"recon-consumer-app","traceId":"f8835e0f207ceaf482774df603aba660","spanId":"90e1f4e8d7030b36","correlationId":"3304b6f8-62c4-443c-9658-f529a3b205a9","application":"recon-consumer-app"}
{"@timestamp":"2026-05-10T09:41:46.075079441Z","@version":"1","message":"Listing entities:","logger_name":"org.hibernate.internal.util.EntityPrinter","thread_name":"org.springframework.jms.JmsListenerEndpointContainer#1-7","level":"DEBUG","level_value":10000,"appName":"recon-consumer-app","traceId":"f8835e0f207ceaf482774df603aba660","spanId":"90e1f4e8d7030b36","correlationId":"3304b6f8-62c4-443c-9658-f529a3b205a9","application":"recon-consumer-app"}
{"@timestamp":"2026-05-10T09:41:46.075152025Z","@version":"1","message":"Flushed: 1 insertions, 0 updates, 0 deletions to 1 objects","logger_name":"org.hibernate.event.internal.AbstractFlushingEventListener","thread_name":"org.springframework.jms.JmsListenerEndpointContainer#1-8","level":"DEBUG","level_value":10000,"appName":"recon-consumer-app","traceId":"f8835e0f207ceaf482774df603aba660","spanId":"90e1f4e8d7030b36","correlationId":"36b02638-c373-4bcc-8ce4-e8b1a4a0594e","application":"recon-consumer-app"}
{"@timestamp":"2026-05-10T09:41:46.075213405Z","@version":"1","message":"Flushed: 0 (re)creations, 0 updates, 0 removals to 0 collections","logger_name":"org.hibernate.event.internal.AbstractFlushingEventListener","thread_name":"org.springframework.jms.JmsListenerEndpointContainer#1-8","level":"DEBUG","level_value":10000,"appName":"recon-consumer-app","traceId":"f8835e0f207ceaf482774df603aba660","spanId":"90e1f4e8d7030b36","correlationId":"36b02638-c373-4bcc-8ce4-e8b1a4a0594e","application":"recon-consumer-app"}
{"@timestamp":"2026-05-10T09:41:46.075269112Z","@version":"1","message":"Listing entities:","logger_name":"org.hibernate.internal.util.EntityPrinter","thread_name":"org.springframework.jms.JmsListenerEndpointContainer#1-8","level":"DEBUG","level_value":10000,"appName":"recon-consumer-app","traceId":"f8835e0f207ceaf482774df603aba660","spanId":"90e1f4e8d7030b36","correlationId":"36b02638-c373-4bcc-8ce4-e8b1a4a0594e","application":"recon-consumer-app"}
{"@timestamp":"2026-05-10T09:41:46.075379155Z","@version":"1","message":"com.ntt.recon.domain.ReconciliationRecord{amount=1671.93, retryCount=0, sourceSystem=CORE_BANKING, accountNumber=ACCT-704566, transactionTime=2026-05-10T09:41:46.061889388Z, version=0, transactionId=txn-518a2014-be6b-4318-8263-8797e37eeea5, createdAt=2026-05-10T09:41:46.073632953Z, failureReason=null, correlationId=36b02638-c373-4bcc-8ce4-e8b1a4a0594e, currency=SGD, id=1af14e94-df73-42fc-a00b-fc98bda8ca6b, status=RECONCILED, updatedAt=2026-05-10T09:41:46.073638991Z}","logger_name":"org.hibernate.internal.util.EntityPrinter","thread_name":"org.springframework.jms.JmsListenerEndpointContainer#1-8","level":"DEBUG","level_value":10000,"appName":"recon-consumer-app","traceId":"f8835e0f207ceaf482774df603aba660","spanId":"90e1f4e8d7030b36","correlationId":"36b02638-c373-4bcc-8ce4-e8b1a4a0594e","application":"recon-consumer-app"}
{"@timestamp":"2026-05-10T09:41:46.075726689Z","@version":"1","message":"insert into reconciliation_record (account_number,amount,correlation_id,created_at,currency,failure_reason,retry_count,source_system,status,transaction_id,transaction_time,updated_at,version,id) values (?,?,?,?,?,?,?,?,?,?,?,?,?,?)","logger_name":"org.hibernate.SQL","thread_name":"org.springframework.jms.JmsListenerEndpointContainer#1-8","level":"DEBUG","level_value":10000,"appName":"recon-consumer-app","traceId":"f8835e0f207ceaf482774df603aba660","spanId":"90e1f4e8d7030b36","correlationId":"36b02638-c373-4bcc-8ce4-e8b1a4a0594e","application":"recon-consumer-app"}
{"@timestamp":"2026-05-10T09:41:46.076606921Z","@version":"1","message":"com.ntt.recon.domain.ReconciliationRecord{amount=665.84, retryCount=0, sourceSystem=CORE_BANKING, accountNumber=ACCT-779166, transactionTime=2026-05-10T09:41:46.057167341Z, version=0, transactionId=txn-02a4422a-559c-4894-b88d-a103094e327d, createdAt=2026-05-10T09:41:46.070508179Z, failureReason=null, correlationId=3304b6f8-62c4-443c-9658-f529a3b205a9, currency=SGD, id=b173b640-3b2b-455f-9c48-7eb72442533e, status=RECONCILED, updatedAt=2026-05-10T09:41:46.070513568Z}","logger_name":"org.hibernate.internal.util.EntityPrinter","thread_name":"org.springframework.jms.JmsListenerEndpointContainer#1-7","level":"DEBUG","level_value":10000,"appName":"recon-consumer-app","traceId":"f8835e0f207ceaf482774df603aba660","spanId":"90e1f4e8d7030b36","correlationId":"3304b6f8-62c4-443c-9658-f529a3b205a9","application":"recon-consumer-app"}
{"@timestamp":"2026-05-10T09:41:46.077586782Z","@version":"1","message":"Initiating transaction commit","logger_name":"org.springframework.orm.jpa.JpaTransactionManager","thread_name":"org.springframework.jms.JmsListenerEndpointContainer#1-8","level":"DEBUG","level_value":10000,"appName":"recon-consumer-app","traceId":"f8835e0f207ceaf482774df603aba660","spanId":"90e1f4e8d7030b36","correlationId":"36b02638-c373-4bcc-8ce4-e8b1a4a0594e","application":"recon-consumer-app"}
{"@timestamp":"2026-05-10T09:41:46.077633895Z","@version":"1","message":"Committing JPA transaction on EntityManager [SessionImpl(880510841<open>)]","logger_name":"org.springframework.orm.jpa.JpaTransactionManager","thread_name":"org.springframework.jms.JmsListenerEndpointContainer#1-8","level":"DEBUG","level_value":10000,"appName":"recon-consumer-app","traceId":"f8835e0f207ceaf482774df603aba660","spanId":"90e1f4e8d7030b36","correlationId":"36b02638-c373-4bcc-8ce4-e8b1a4a0594e","application":"recon-consumer-app"}
{"@timestamp":"2026-05-10T09:41:46.077646345Z","@version":"1","message":"committing","logger_name":"org.hibernate.engine.transaction.internal.TransactionImpl","thread_name":"org.springframework.jms.JmsListenerEndpointContainer#1-8","level":"DEBUG","level_value":10000,"appName":"recon-consumer-app","traceId":"f8835e0f207ceaf482774df603aba660","spanId":"90e1f4e8d7030b36","correlationId":"36b02638-c373-4bcc-8ce4-e8b1a4a0594e","application":"recon-consumer-app"}
{"@timestamp":"2026-05-10T09:41:46.077715156Z","@version":"1","message":"Processing flush-time cascades","logger_name":"org.hibernate.event.internal.AbstractFlushingEventListener","thread_name":"org.springframework.jms.JmsListenerEndpointContainer#1-8","level":"DEBUG","level_value":10000,"appName":"recon-consumer-app","traceId":"f8835e0f207ceaf482774df603aba660","spanId":"90e1f4e8d7030b36","correlationId":"36b02638-c373-4bcc-8ce4-e8b1a4a0594e","application":"recon-consumer-app"}
{"@timestamp":"2026-05-10T09:41:46.077791253Z","@version":"1","message":"Dirty checking collections","logger_name":"org.hibernate.event.internal.AbstractFlushingEventListener","thread_name":"org.springframework.jms.JmsListenerEndpointContainer#1-8","level":"DEBUG","level_value":10000,"appName":"recon-consumer-app","traceId":"f8835e0f207ceaf482774df603aba660","spanId":"90e1f4e8d7030b36","correlationId":"36b02638-c373-4bcc-8ce4-e8b1a4a0594e","application":"recon-consumer-app"}
{"@timestamp":"2026-05-10T09:41:46.07790006Z","@version":"1","message":"Flushed: 0 insertions, 0 updates, 0 deletions to 1 objects","logger_name":"org.hibernate.event.internal.AbstractFlushingEventListener","thread_name":"org.springframework.jms.JmsListenerEndpointContainer#1-8","level":"DEBUG","level_value":10000,"appName":"recon-consumer-app","traceId":"f8835e0f207ceaf482774df603aba660","spanId":"90e1f4e8d7030b36","correlationId":"36b02638-c373-4bcc-8ce4-e8b1a4a0594e","application":"recon-consumer-app"}
{"@timestamp":"2026-05-10T09:41:46.077918917Z","@version":"1","message":"Flushed: 0 (re)creations, 0 updates, 0 removals to 0 collections","logger_name":"org.hibernate.event.internal.AbstractFlushingEventListener","thread_name":"org.springframework.jms.JmsListenerEndpointContainer#1-8","level":"DEBUG","level_value":10000,"appName":"recon-consumer-app","traceId":"f8835e0f207ceaf482774df603aba660","spanId":"90e1f4e8d7030b36","correlationId":"36b02638-c373-4bcc-8ce4-e8b1a4a0594e","application":"recon-consumer-app"}
{"@timestamp":"2026-05-10T09:41:46.077930933Z","@version":"1","message":"Listing entities:","logger_name":"org.hibernate.internal.util.EntityPrinter","thread_name":"org.springframework.jms.JmsListenerEndpointContainer#1-8","level":"DEBUG","level_value":10000,"appName":"recon-consumer-app","traceId":"f8835e0f207ceaf482774df603aba660","spanId":"90e1f4e8d7030b36","correlationId":"36b02638-c373-4bcc-8ce4-e8b1a4a0594e","application":"recon-consumer-app"}
{"@timestamp":"2026-05-10T09:41:46.077984557Z","@version":"1","message":"com.ntt.recon.domain.ReconciliationRecord{amount=1671.93, retryCount=0, sourceSystem=CORE_BANKING, accountNumber=ACCT-704566, transactionTime=2026-05-10T09:41:46.061889388Z, version=0, transactionId=txn-518a2014-be6b-4318-8263-8797e37eeea5, createdAt=2026-05-10T09:41:46.073632953Z, failureReason=null, correlationId=36b02638-c373-4bcc-8ce4-e8b1a4a0594e, currency=SGD, id=1af14e94-df73-42fc-a00b-fc98bda8ca6b, status=RECONCILED, updatedAt=2026-05-10T09:41:46.073638991Z}","logger_name":"org.hibernate.internal.util.EntityPrinter","thread_name":"org.springframework.jms.JmsListenerEndpointContainer#1-8","level":"DEBUG","level_value":10000,"appName":"recon-consumer-app","traceId":"f8835e0f207ceaf482774df603aba660","spanId":"90e1f4e8d7030b36","correlationId":"36b02638-c373-4bcc-8ce4-e8b1a4a0594e","application":"recon-consumer-app"}
{"@timestamp":"2026-05-10T09:41:46.078341485Z","@version":"1","message":"Closing JPA EntityManager [SessionImpl(766883731<open>)] after transaction","logger_name":"org.springframework.orm.jpa.JpaTransactionManager","thread_name":"org.springframework.jms.JmsListenerEndpointContainer#1-7","level":"DEBUG","level_value":10000,"appName":"recon-consumer-app","traceId":"f8835e0f207ceaf482774df603aba660","spanId":"90e1f4e8d7030b36","correlationId":"3304b6f8-62c4-443c-9658-f529a3b205a9","application":"recon-consumer-app"}
{"@timestamp":"2026-05-10T09:41:46.078527799Z","@version":"1","message":"CircuitBreaker 'databaseCircuitBreaker' succeeded:","logger_name":"io.github.resilience4j.circuitbreaker.internal.CircuitBreakerStateMachine","thread_name":"org.springframework.jms.JmsListenerEndpointContainer#1-7","level":"DEBUG","level_value":10000,"appName":"recon-consumer-app","traceId":"f8835e0f207ceaf482774df603aba660","spanId":"90e1f4e8d7030b36","correlationId":"3304b6f8-62c4-443c-9658-f529a3b205a9","application":"recon-consumer-app"}
{"@timestamp":"2026-05-10T09:41:46.078625842Z","@version":"1","message":"Event SUCCESS published: 2026-05-10T09:41:46.078552234Z[GMT]: CircuitBreaker 'databaseCircuitBreaker' recorded a successful call. Elapsed time: 15 ms","logger_name":"io.github.resilience4j.circuitbreaker.internal.CircuitBreakerStateMachine","thread_name":"org.springframework.jms.JmsListenerEndpointContainer#1-7","level":"DEBUG","level_value":10000,"appName":"recon-consumer-app","traceId":"f8835e0f207ceaf482774df603aba660","spanId":"90e1f4e8d7030b36","correlationId":"3304b6f8-62c4-443c-9658-f529a3b205a9","application":"recon-consumer-app"}
{"@timestamp":"2026-05-10T09:41:46.079835468Z","@version":"1","message":"Closing JPA EntityManager [SessionImpl(880510841<open>)] after transaction","logger_name":"org.springframework.orm.jpa.JpaTransactionManager","thread_name":"org.springframework.jms.JmsListenerEndpointContainer#1-8","level":"DEBUG","level_value":10000,"appName":"recon-consumer-app","traceId":"f8835e0f207ceaf482774df603aba660","spanId":"90e1f4e8d7030b36","correlationId":"36b02638-c373-4bcc-8ce4-e8b1a4a0594e","application":"recon-consumer-app"}
{"@timestamp":"2026-05-10T09:41:46.080015407Z","@version":"1","message":"CircuitBreaker 'databaseCircuitBreaker' succeeded:","logger_name":"io.github.resilience4j.circuitbreaker.internal.CircuitBreakerStateMachine","thread_name":"org.springframework.jms.JmsListenerEndpointContainer#1-8","level":"DEBUG","level_value":10000,"appName":"recon-consumer-app","traceId":"f8835e0f207ceaf482774df603aba660","spanId":"90e1f4e8d7030b36","correlationId":"36b02638-c373-4bcc-8ce4-e8b1a4a0594e","application":"recon-consumer-app"}
{"@timestamp":"2026-05-10T09:41:46.0800818Z","@version":"1","message":"Event SUCCESS published: 2026-05-10T09:41:46.080060184Z[GMT]: CircuitBreaker 'databaseCircuitBreaker' recorded a successful call. Elapsed time: 12 ms","logger_name":"io.github.resilience4j.circuitbreaker.internal.CircuitBreakerStateMachine","thread_name":"org.springframework.jms.JmsListenerEndpointContainer#1-8","level":"DEBUG","level_value":10000,"appName":"recon-consumer-app","traceId":"f8835e0f207ceaf482774df603aba660","spanId":"90e1f4e8d7030b36","correlationId":"36b02638-c373-4bcc-8ce4-e8b1a4a0594e","application":"recon-consumer-app"}
{"@timestamp":"2026-05-10T09:41:47.060631397Z","@version":"1","message":"Received message of type [class com.ibm.jakarta.jms.JMSTextMessage] from consumer [com.ibm.mq.jakarta.jms.MQQueueReceiver@161bdbaa] of session [Cached JMS Session: {\"ConnectionId\":\"414D5143514D31202020202020202020674F006A00450040\",\"ObjectId\":\"com.ibm.msg.client.jakarta.wmq.internal.WMQSession@708683f5\",\"Channel\":\"DEV.APP.SVRCONN\",\"Port\":\"1414\",\"ConnectionMode\":\"WMQ_CM_CLIENT\",\"Host\":\"ibm-mq.recon-platform.svc.cluster.local/10.100.195.132\",\"ResolvedQueueManager\":\"QM1\",\"QueueManager\":\"QM1\"}]","logger_name":"org.springframework.jms.listener.DefaultMessageListenerContainer","thread_name":"org.springframework.jms.JmsListenerEndpointContainer#1-2","level":"DEBUG","level_value":10000,"appName":"recon-consumer-app","application":"recon-consumer-app"}
{"@timestamp":"2026-05-10T09:41:47.062604625Z","@version":"1","message":"Processing [LazyResolutionMessage [rawMessage=\n  JMSMessage class: jms_text\n  JMSType:          null\n  JMSDeliveryMode:  2\n  JMSDeliveryDelay: 0\n  JMSDeliveryTime:  0\n  JMSExpiration:    0\n  JMSPriority:      4\n  JMSMessageID:     ID:414d5120514d31202020202020202020674f006a91430040\n  JMSTimestamp:     1778406107056\n  JMSCorrelationID: 78aee145-076a-442c-b064-b4497b77ec75\n  JMSDestination:   queue:///RECON.IN\n  JMSReplyTo:       null\n  JMSRedelivered:   false\n    JMSXAppID: /opt/recon/app.jar          \n    JMSXDeliveryCount: 1\n    JMSXUserID: app         \n    JMS_IBM_Character_Set: UTF-8\n    JMS_IBM_Encoding: 273\n    JMS_IBM_Format: MQSTR   \n    JMS_IBM_MsgType: 8\n    JMS_IBM_PutApplType: 28\n    JMS_IBM_PutDate: 20260510\n    JMS_IBM_PutTime: 09414705\n    _type: com.ntt.recon.domain.ReconciliationTransaction\n    correlationId: 78aee145-076a-442c-b064-b4497b77ec75\n    source: recon-producer-eks\n    traceId: 865e0f865ed8fce41e3e6a1b4aecb358\n    traceparent: 00-865e0f865ed8fce41e3e6a1b4aecb358-5fa517fbbd672e9d-01\n{\"transactionId\":\"txn-0a5a86f0-55d1-4463-9db6-4c309f609bc3\",\"sourceSystem\":\"CORE_BANKING\",\"accountNu ...]]","logger_name":"org.springframework.jms.listener.adapter.MessagingMessageListenerAdapter","thread_name":"org.springframework.jms.JmsListenerEndpointContainer#1-2","level":"DEBUG","level_value":10000,"appName":"recon-consumer-app","application":"recon-consumer-app"}
{"@timestamp":"2026-05-10T09:41:47.063289202Z","@version":"1","message":"event=transaction_consumed transactionId=txn-0a5a86f0-55d1-4463-9db6-4c309f609bc3","logger_name":"com.ntt.recon.service.ConsumerListener","thread_name":"org.springframework.jms.JmsListenerEndpointContainer#1-2","level":"INFO","level_value":20000,"appName":"recon-consumer-app","traceId":"865e0f865ed8fce41e3e6a1b4aecb358","spanId":"5fa517fbbd672e9d","correlationId":"78aee145-076a-442c-b064-b4497b77ec75","application":"recon-consumer-app"}
{"@timestamp":"2026-05-10T09:41:47.063470324Z","@version":"1","message":"Created or retrieved circuit breaker 'databaseCircuitBreaker' with failure rate '50.0' for method: 'com.ntt.recon.service.ReconciliationService#reconcileWithRetry'","logger_name":"io.github.resilience4j.spring6.circuitbreaker.configure.CircuitBreakerAspect","thread_name":"org.springframework.jms.JmsListenerEndpointContainer#1-2","level":"DEBUG","level_value":10000,"appName":"recon-consumer-app","traceId":"865e0f865ed8fce41e3e6a1b4aecb358","spanId":"5fa517fbbd672e9d","correlationId":"78aee145-076a-442c-b064-b4497b77ec75","application":"recon-consumer-app"}
{"@timestamp":"2026-05-10T09:41:47.063663343Z","@version":"1","message":"Created or retrieved bulkhead 'databaseBulkhead' with max concurrent call '20' and max wait time '250ms' for method: 'com.ntt.recon.service.ReconciliationService#reconcileWithRetry'","logger_name":"io.github.resilience4j.spring6.bulkhead.configure.BulkheadAspect","thread_name":"org.springframework.jms.JmsListenerEndpointContainer#1-2","level":"DEBUG","level_value":10000,"appName":"recon-consumer-app","traceId":"865e0f865ed8fce41e3e6a1b4aecb358","spanId":"5fa517fbbd672e9d","correlationId":"78aee145-076a-442c-b064-b4497b77ec75","application":"recon-consumer-app"}
{"@timestamp":"2026-05-10T09:41:47.063843172Z","@version":"1","message":"Creating new EntityManager for shared EntityManager invocation","logger_name":"org.springframework.orm.jpa.SharedEntityManagerCreator$SharedEntityManagerInvocationHandler","thread_name":"org.springframework.jms.JmsListenerEndpointContainer#1-2","level":"DEBUG","level_value":10000,"appName":"recon-consumer-app","traceId":"865e0f865ed8fce41e3e6a1b4aecb358","spanId":"5fa517fbbd672e9d","correlationId":"78aee145-076a-442c-b064-b4497b77ec75","application":"recon-consumer-app"}
{"@timestamp":"2026-05-10T09:41:47.064497335Z","@version":"1","message":"Created new SQL alias : rr1_0","logger_name":"org.hibernate.orm.sql.ast.create","thread_name":"org.springframework.jms.JmsListenerEndpointContainer#1-2","level":"DEBUG","level_value":10000,"appName":"recon-consumer-app","traceId":"865e0f865ed8fce41e3e6a1b4aecb358","spanId":"5fa517fbbd672e9d","correlationId":"78aee145-076a-442c-b064-b4497b77ec75","application":"recon-consumer-app"}
{"@timestamp":"2026-05-10T09:41:47.064565069Z","@version":"1","message":"Registration of TableGroup [StandardTableGroup(com.ntt.recon.domain.ReconciliationRecord(5))] with identifierForTableGroup [com.ntt.recon.domain.ReconciliationRecord] for NavigablePath [com.ntt.recon.domain.ReconciliationRecord] ","logger_name":"org.hibernate.orm.sql.ast.create","thread_name":"org.springframework.jms.JmsListenerEndpointContainer#1-2","level":"DEBUG","level_value":10000,"appName":"recon-consumer-app","traceId":"865e0f865ed8fce41e3e6a1b4aecb358","spanId":"5fa517fbbd672e9d","correlationId":"78aee145-076a-442c-b064-b4497b77ec75","application":"recon-consumer-app"}
{"@timestamp":"2026-05-10T09:41:47.065046015Z","@version":"1","message":"Received message of type [class com.ibm.jakarta.jms.JMSTextMessage] from consumer [com.ibm.mq.jakarta.jms.MQQueueReceiver@59159f53] of session [Cached JMS Session: {\"ConnectionId\":\"414D5143514D31202020202020202020674F006A00450040\",\"ObjectId\":\"com.ibm.msg.client.jakarta.wmq.internal.WMQSession@7a73c372\",\"Channel\":\"DEV.APP.SVRCONN\",\"Port\":\"1414\",\"ConnectionMode\":\"WMQ_CM_CLIENT\",\"Host\":\"ibm-mq.recon-platform.svc.cluster.local/10.100.195.132\",\"ResolvedQueueManager\":\"QM1\",\"QueueManager\":\"QM1\"}]","logger_name":"org.springframework.jms.listener.DefaultMessageListenerContainer","thread_name":"org.springframework.jms.JmsListenerEndpointContainer#1-1","level":"DEBUG","level_value":10000,"appName":"recon-consumer-app","application":"recon-consumer-app"}
{"@timestamp":"2026-05-10T09:41:47.065194168Z","@version":"1","message":"Processing [LazyResolutionMessage [rawMessage=\n  JMSMessage class: jms_text\n  JMSType:          null\n  JMSDeliveryMode:  2\n  JMSDeliveryDelay: 0\n  JMSDeliveryTime:  0\n  JMSExpiration:    0\n  JMSPriority:      4\n  JMSMessageID:     ID:414d5120514d31202020202020202020674f006a92430040\n  JMSTimestamp:     1778406107059\n  JMSCorrelationID: 8505a82e-a96b-4c88-ab18-4aaabef834a6\n  JMSDestination:   queue:///RECON.IN\n  JMSReplyTo:       null\n  JMSRedelivered:   false\n    JMSXAppID: /opt/recon/app.jar          \n    JMSXDeliveryCount: 1\n    JMSXUserID: app         \n    JMS_IBM_Character_Set: UTF-8\n    JMS_IBM_Encoding: 273\n    JMS_IBM_Format: MQSTR   \n    JMS_IBM_MsgType: 8\n    JMS_IBM_PutApplType: 28\n    JMS_IBM_PutDate: 20260510\n    JMS_IBM_PutTime: 09414706\n    _type: com.ntt.recon.domain.ReconciliationTransaction\n    correlationId: 8505a82e-a96b-4c88-ab18-4aaabef834a6\n    source: recon-producer-eks\n    traceId: 865e0f865ed8fce41e3e6a1b4aecb358\n    traceparent: 00-865e0f865ed8fce41e3e6a1b4aecb358-5fa517fbbd672e9d-01\n{\"transactionId\":\"txn-b7583533-be36-42d0-8181-9ab077f925f5\",\"sourceSystem\":\"CARD\",\"accountNumber\":\"A ...]]","logger_name":"org.springframework.jms.listener.adapter.MessagingMessageListenerAdapter","thread_name":"org.springframework.jms.JmsListenerEndpointContainer#1-1","level":"DEBUG","level_value":10000,"appName":"recon-consumer-app","application":"recon-consumer-app"}
{"@timestamp":"2026-05-10T09:41:47.065598251Z","@version":"1","message":"event=transaction_consumed transactionId=txn-b7583533-be36-42d0-8181-9ab077f925f5","logger_name":"com.ntt.recon.service.ConsumerListener","thread_name":"org.springframework.jms.JmsListenerEndpointContainer#1-1","level":"INFO","level_value":20000,"appName":"recon-consumer-app","traceId":"865e0f865ed8fce41e3e6a1b4aecb358","spanId":"5fa517fbbd672e9d","correlationId":"8505a82e-a96b-4c88-ab18-4aaabef834a6","application":"recon-consumer-app"}
{"@timestamp":"2026-05-10T09:41:47.065715867Z","@version":"1","message":"Created or retrieved circuit breaker 'databaseCircuitBreaker' with failure rate '50.0' for method: 'com.ntt.recon.service.ReconciliationService#reconcileWithRetry'","logger_name":"io.github.resilience4j.spring6.circuitbreaker.configure.CircuitBreakerAspect","thread_name":"org.springframework.jms.JmsListenerEndpointContainer#1-1","level":"DEBUG","level_value":10000,"appName":"recon-consumer-app","traceId":"865e0f865ed8fce41e3e6a1b4aecb358","spanId":"5fa517fbbd672e9d","correlationId":"8505a82e-a96b-4c88-ab18-4aaabef834a6","application":"recon-consumer-app"}
{"@timestamp":"2026-05-10T09:41:47.065860135Z","@version":"1","message":"Created or retrieved bulkhead 'databaseBulkhead' with max concurrent call '20' and max wait time '250ms' for method: 'com.ntt.recon.service.ReconciliationService#reconcileWithRetry'","logger_name":"io.github.resilience4j.spring6.bulkhead.configure.BulkheadAspect","thread_name":"org.springframework.jms.JmsListenerEndpointContainer#1-1","level":"DEBUG","level_value":10000,"appName":"recon-consumer-app","traceId":"865e0f865ed8fce41e3e6a1b4aecb358","spanId":"5fa517fbbd672e9d","correlationId":"8505a82e-a96b-4c88-ab18-4aaabef834a6","application":"recon-consumer-app"}
{"@timestamp":"2026-05-10T09:41:47.066012114Z","@version":"1","message":"Creating new EntityManager for shared EntityManager invocation","logger_name":"org.springframework.orm.jpa.SharedEntityManagerCreator$SharedEntityManagerInvocationHandler","thread_name":"org.springframework.jms.JmsListenerEndpointContainer#1-1","level":"DEBUG","level_value":10000,"appName":"recon-consumer-app","traceId":"865e0f865ed8fce41e3e6a1b4aecb358","spanId":"5fa517fbbd672e9d","correlationId":"8505a82e-a96b-4c88-ab18-4aaabef834a6","application":"recon-consumer-app"}
{"@timestamp":"2026-05-10T09:41:47.066491749Z","@version":"1","message":"Created new SQL alias : rr1_0","logger_name":"org.hibernate.orm.sql.ast.create","thread_name":"org.springframework.jms.JmsListenerEndpointContainer#1-1","level":"DEBUG","level_value":10000,"appName":"recon-consumer-app","traceId":"865e0f865ed8fce41e3e6a1b4aecb358","spanId":"5fa517fbbd672e9d","correlationId":"8505a82e-a96b-4c88-ab18-4aaabef834a6","application":"recon-consumer-app"}
{"@timestamp":"2026-05-10T09:41:47.066549997Z","@version":"1","message":"Registration of TableGroup [StandardTableGroup(com.ntt.recon.domain.ReconciliationRecord(5))] with identifierForTableGroup [com.ntt.recon.domain.ReconciliationRecord] for NavigablePath [com.ntt.recon.domain.ReconciliationRecord] ","logger_name":"org.hibernate.orm.sql.ast.create","thread_name":"org.springframework.jms.JmsListenerEndpointContainer#1-1","level":"DEBUG","level_value":10000,"appName":"recon-consumer-app","traceId":"865e0f865ed8fce41e3e6a1b4aecb358","spanId":"5fa517fbbd672e9d","correlationId":"8505a82e-a96b-4c88-ab18-4aaabef834a6","application":"recon-consumer-app"}
{"@timestamp":"2026-05-10T09:41:47.066714802Z","@version":"1","message":"Determining mapping-model type for SqmParameter : org.hibernate.query.sqm.tree.expression.SqmJpaCriteriaParameterWrapper@524c54bf","logger_name":"org.hibernate.query.sqm.sql.BaseSqmToSqlAstConverter","thread_name":"org.springframework.jms.JmsListenerEndpointContainer#1-1","level":"DEBUG","level_value":10000,"appName":"recon-consumer-app","traceId":"865e0f865ed8fce41e3e6a1b4aecb358","spanId":"5fa517fbbd672e9d","correlationId":"8505a82e-a96b-4c88-ab18-4aaabef834a6","application":"recon-consumer-app"}
{"@timestamp":"2026-05-10T09:41:47.066750756Z","@version":"1","message":"Determining mapping-model type for SqmPath : SqmBasicValuedSimplePath(com.ntt.recon.domain.ReconciliationRecord(5).correlationId) ","logger_name":"org.hibernate.query.sqm.sql.BaseSqmToSqlAstConverter","thread_name":"org.springframework.jms.JmsListenerEndpointContainer#1-1","level":"DEBUG","level_value":10000,"appName":"recon-consumer-app","traceId":"865e0f865ed8fce41e3e6a1b4aecb358","spanId":"5fa517fbbd672e9d","correlationId":"8505a82e-a96b-4c88-ab18-4aaabef834a6","application":"recon-consumer-app"}
{"@timestamp":"2026-05-10T09:41:47.066950382Z","@version":"1","message":"DomainResult Graph:\n \\-BasicResult [com.ntt.recon.domain.ReconciliationRecord(5).id]\n","logger_name":"org.hibernate.orm.results.graph.AST","thread_name":"org.springframework.jms.JmsListenerEndpointContainer#1-1","level":"DEBUG","level_value":10000,"appName":"recon-consumer-app","traceId":"865e0f865ed8fce41e3e6a1b4aecb358","spanId":"5fa517fbbd672e9d","correlationId":"8505a82e-a96b-4c88-ab18-4aaabef834a6","application":"recon-consumer-app"}
{"@timestamp":"2026-05-10T09:41:47.067018152Z","@version":"1","message":"SQL AST Tree:\n    SelectStatement {\n      FromClause {\n        StandardTableGroup (rr1 : com.ntt.recon.domain.ReconciliationRecord(5)) {\n          primaryTableReference : reconciliation_record as rr1_0\n        }\n      }\n    }\n","logger_name":"org.hibernate.orm.sql.ast.tree","thread_name":"org.springframework.jms.JmsListenerEndpointContainer#1-1","level":"DEBUG","level_value":10000,"appName":"recon-consumer-app","traceId":"865e0f865ed8fce41e3e6a1b4aecb358","spanId":"5fa517fbbd672e9d","correlationId":"8505a82e-a96b-4c88-ab18-4aaabef834a6","application":"recon-consumer-app"}
{"@timestamp":"2026-05-10T09:41:47.067201392Z","@version":"1","message":"Skipping reading Query result cache data: cache-enabled = false, cache-mode = NORMAL","logger_name":"org.hibernate.orm.sql.exec","thread_name":"org.springframework.jms.JmsListenerEndpointContainer#1-1","level":"DEBUG","level_value":10000,"appName":"recon-consumer-app","traceId":"865e0f865ed8fce41e3e6a1b4aecb358","spanId":"5fa517fbbd672e9d","correlationId":"8505a82e-a96b-4c88-ab18-4aaabef834a6","application":"recon-consumer-app"}
{"@timestamp":"2026-05-10T09:41:47.06725015Z","@version":"1","message":"Initializer list is empty","logger_name":"org.hibernate.orm.results","thread_name":"org.springframework.jms.JmsListenerEndpointContainer#1-1","level":"DEBUG","level_value":10000,"appName":"recon-consumer-app","traceId":"865e0f865ed8fce41e3e6a1b4aecb358","spanId":"5fa517fbbd672e9d","correlationId":"8505a82e-a96b-4c88-ab18-4aaabef834a6","application":"recon-consumer-app"}
{"@timestamp":"2026-05-10T09:41:47.067301978Z","@version":"1","message":"select rr1_0.id from reconciliation_record rr1_0 where rr1_0.correlation_id=? fetch first ? rows only","logger_name":"org.hibernate.SQL","thread_name":"org.springframework.jms.JmsListenerEndpointContainer#1-1","level":"DEBUG","level_value":10000,"appName":"recon-consumer-app","traceId":"865e0f865ed8fce41e3e6a1b4aecb358","spanId":"5fa517fbbd672e9d","correlationId":"8505a82e-a96b-4c88-ab18-4aaabef834a6","application":"recon-consumer-app"}
{"@timestamp":"2026-05-10T09:41:47.067571418Z","@version":"1","message":"Determining mapping-model type for SqmParameter : org.hibernate.query.sqm.tree.expression.SqmJpaCriteriaParameterWrapper@5df30b51","logger_name":"org.hibernate.query.sqm.sql.BaseSqmToSqlAstConverter","thread_name":"org.springframework.jms.JmsListenerEndpointContainer#1-2","level":"DEBUG","level_value":10000,"appName":"recon-consumer-app","traceId":"865e0f865ed8fce41e3e6a1b4aecb358","spanId":"5fa517fbbd672e9d","correlationId":"78aee145-076a-442c-b064-b4497b77ec75","application":"recon-consumer-app"}
{"@timestamp":"2026-05-10T09:41:47.067610187Z","@version":"1","message":"Determining mapping-model type for SqmPath : SqmBasicValuedSimplePath(com.ntt.recon.domain.ReconciliationRecord(5).correlationId) ","logger_name":"org.hibernate.query.sqm.sql.BaseSqmToSqlAstConverter","thread_name":"org.springframework.jms.JmsListenerEndpointContainer#1-2","level":"DEBUG","level_value":10000,"appName":"recon-consumer-app","traceId":"865e0f865ed8fce41e3e6a1b4aecb358","spanId":"5fa517fbbd672e9d","correlationId":"78aee145-076a-442c-b064-b4497b77ec75","application":"recon-consumer-app"}
{"@timestamp":"2026-05-10T09:41:47.067779854Z","@version":"1","message":"DomainResult Graph:\n \\-BasicResult [com.ntt.recon.domain.ReconciliationRecord(5).id]\n","logger_name":"org.hibernate.orm.results.graph.AST","thread_name":"org.springframework.jms.JmsListenerEndpointContainer#1-2","level":"DEBUG","level_value":10000,"appName":"recon-consumer-app","traceId":"865e0f865ed8fce41e3e6a1b4aecb358","spanId":"5fa517fbbd672e9d","correlationId":"78aee145-076a-442c-b064-b4497b77ec75","application":"recon-consumer-app"}
{"@timestamp":"2026-05-10T09:41:47.067826029Z","@version":"1","message":"SQL AST Tree:\n    SelectStatement {\n      FromClause {\n        StandardTableGroup (rr1 : com.ntt.recon.domain.ReconciliationRecord(5)) {\n          primaryTableReference : reconciliation_record as rr1_0\n        }\n      }\n    }\n","logger_name":"org.hibernate.orm.sql.ast.tree","thread_name":"org.springframework.jms.JmsListenerEndpointContainer#1-2","level":"DEBUG","level_value":10000,"appName":"recon-consumer-app","traceId":"865e0f865ed8fce41e3e6a1b4aecb358","spanId":"5fa517fbbd672e9d","correlationId":"78aee145-076a-442c-b064-b4497b77ec75","application":"recon-consumer-app"}
{"@timestamp":"2026-05-10T09:41:47.067977101Z","@version":"1","message":"Skipping reading Query result cache data: cache-enabled = false, cache-mode = NORMAL","logger_name":"org.hibernate.orm.sql.exec","thread_name":"org.springframework.jms.JmsListenerEndpointContainer#1-2","level":"DEBUG","level_value":10000,"appName":"recon-consumer-app","traceId":"865e0f865ed8fce41e3e6a1b4aecb358","spanId":"5fa517fbbd672e9d","correlationId":"78aee145-076a-442c-b064-b4497b77ec75","application":"recon-consumer-app"}
{"@timestamp":"2026-05-10T09:41:47.068012697Z","@version":"1","message":"Initializer list is empty","logger_name":"org.hibernate.orm.results","thread_name":"org.springframework.jms.JmsListenerEndpointContainer#1-2","level":"DEBUG","level_value":10000,"appName":"recon-consumer-app","traceId":"865e0f865ed8fce41e3e6a1b4aecb358","spanId":"5fa517fbbd672e9d","correlationId":"78aee145-076a-442c-b064-b4497b77ec75","application":"recon-consumer-app"}
{"@timestamp":"2026-05-10T09:41:47.06804903Z","@version":"1","message":"select rr1_0.id from reconciliation_record rr1_0 where rr1_0.correlation_id=? fetch first ? rows only","logger_name":"org.hibernate.SQL","thread_name":"org.springframework.jms.JmsListenerEndpointContainer#1-2","level":"DEBUG","level_value":10000,"appName":"recon-consumer-app","traceId":"865e0f865ed8fce41e3e6a1b4aecb358","spanId":"5fa517fbbd672e9d","correlationId":"78aee145-076a-442c-b064-b4497b77ec75","application":"recon-consumer-app"}
{"@timestamp":"2026-05-10T09:41:47.070308961Z","@version":"1","message":"Creating new transaction with name [org.springframework.data.jpa.repository.support.SimpleJpaRepository.saveAndFlush]: PROPAGATION_REQUIRED,ISOLATION_DEFAULT","logger_name":"org.springframework.orm.jpa.JpaTransactionManager","thread_name":"org.springframework.jms.JmsListenerEndpointContainer#1-1","level":"DEBUG","level_value":10000,"appName":"recon-consumer-app","traceId":"865e0f865ed8fce41e3e6a1b4aecb358","spanId":"5fa517fbbd672e9d","correlationId":"8505a82e-a96b-4c88-ab18-4aaabef834a6","application":"recon-consumer-app"}
{"@timestamp":"2026-05-10T09:41:47.070482008Z","@version":"1","message":"Opened new EntityManager [SessionImpl(454665230<open>)] for JPA transaction","logger_name":"org.springframework.orm.jpa.JpaTransactionManager","thread_name":"org.springframework.jms.JmsListenerEndpointContainer#1-1","level":"DEBUG","level_value":10000,"appName":"recon-consumer-app","traceId":"865e0f865ed8fce41e3e6a1b4aecb358","spanId":"5fa517fbbd672e9d","correlationId":"8505a82e-a96b-4c88-ab18-4aaabef834a6","application":"recon-consumer-app"}
{"@timestamp":"2026-05-10T09:41:47.070940224Z","@version":"1","message":"On TransactionImpl creation, JpaCompliance#isJpaTransactionComplianceEnabled == false","logger_name":"org.hibernate.engine.transaction.internal.TransactionImpl","thread_name":"org.springframework.jms.JmsListenerEndpointContainer#1-1","level":"DEBUG","level_value":10000,"appName":"recon-consumer-app","traceId":"865e0f865ed8fce41e3e6a1b4aecb358","spanId":"5fa517fbbd672e9d","correlationId":"8505a82e-a96b-4c88-ab18-4aaabef834a6","application":"recon-consumer-app"}
{"@timestamp":"2026-05-10T09:41:47.070963105Z","@version":"1","message":"begin","logger_name":"org.hibernate.engine.transaction.internal.TransactionImpl","thread_name":"org.springframework.jms.JmsListenerEndpointContainer#1-1","level":"DEBUG","level_value":10000,"appName":"recon-consumer-app","traceId":"865e0f865ed8fce41e3e6a1b4aecb358","spanId":"5fa517fbbd672e9d","correlationId":"8505a82e-a96b-4c88-ab18-4aaabef834a6","application":"recon-consumer-app"}
{"@timestamp":"2026-05-10T09:41:47.07108662Z","@version":"1","message":"Exposing JPA transaction as JDBC [org.springframework.orm.jpa.vendor.HibernateJpaDialect$HibernateConnectionHandle@244e6610]","logger_name":"org.springframework.orm.jpa.JpaTransactionManager","thread_name":"org.springframework.jms.JmsListenerEndpointContainer#1-1","level":"DEBUG","level_value":10000,"appName":"recon-consumer-app","traceId":"865e0f865ed8fce41e3e6a1b4aecb358","spanId":"5fa517fbbd672e9d","correlationId":"8505a82e-a96b-4c88-ab18-4aaabef834a6","application":"recon-consumer-app"}
{"@timestamp":"2026-05-10T09:41:47.071191638Z","@version":"1","message":"jakarta.persistence.PersistenceUnitUtil.getIdentifier is only intended to work with enhanced entities (although Hibernate also adapts this support to its proxies); however the passed entity was not enhanced (nor a proxy).. may not be able to read identifier","logger_name":"org.hibernate.jpa.internal.PersistenceUnitUtilImpl","thread_name":"org.springframework.jms.JmsListenerEndpointContainer#1-1","level":"DEBUG","level_value":10000,"appName":"recon-consumer-app","traceId":"865e0f865ed8fce41e3e6a1b4aecb358","spanId":"5fa517fbbd672e9d","correlationId":"8505a82e-a96b-4c88-ab18-4aaabef834a6","application":"recon-consumer-app"}
{"@timestamp":"2026-05-10T09:41:47.070882444Z","@version":"1","message":"Creating new transaction with name [org.springframework.data.jpa.repository.support.SimpleJpaRepository.saveAndFlush]: PROPAGATION_REQUIRED,ISOLATION_DEFAULT","logger_name":"org.springframework.orm.jpa.JpaTransactionManager","thread_name":"org.springframework.jms.JmsListenerEndpointContainer#1-2","level":"DEBUG","level_value":10000,"appName":"recon-consumer-app","traceId":"865e0f865ed8fce41e3e6a1b4aecb358","spanId":"5fa517fbbd672e9d","correlationId":"78aee145-076a-442c-b064-b4497b77ec75","application":"recon-consumer-app"}
{"@timestamp":"2026-05-10T09:41:47.071383567Z","@version":"1","message":"Generated identifier: 0988ddf7-08d4-48c5-a582-e31f4f80a371, using strategy: org.hibernate.id.UUIDGenerator","logger_name":"org.hibernate.event.internal.AbstractSaveEventListener","thread_name":"org.springframework.jms.JmsListenerEndpointContainer#1-1","level":"DEBUG","level_value":10000,"appName":"recon-consumer-app","traceId":"865e0f865ed8fce41e3e6a1b4aecb358","spanId":"5fa517fbbd672e9d","correlationId":"8505a82e-a96b-4c88-ab18-4aaabef834a6","application":"recon-consumer-app"}


==========================================================================================
PODS AFTER CONSUMER RECOVERY
==========================================================================================
COMMAND: kubectl get pods -n recon-platform -o wide
NAME                                   READY   STATUS    RESTARTS   AGE     IP               NODE                                                NOMINATED NODE   READINESS GATES
ibm-mq-0                               1/1     Running   0          17m     192.168.13.38    ip-192-168-23-26.ap-southeast-1.compute.internal    <none>           <none>
recon-consumer-app-784f77dff8-rqbx5    1/1     Running   0          4m36s   192.168.48.123   ip-192-168-59-106.ap-southeast-1.compute.internal   <none>           <none>
recon-dashboard-api-7c7dcc4768-4vprs   1/1     Running   0          112m    192.168.75.43    ip-192-168-90-90.ap-southeast-1.compute.internal    <none>           <none>
recon-producer-app-7878df768-p65k4     1/1     Running   0          112m    192.168.41.193   ip-192-168-59-106.ap-southeast-1.compute.internal   <none>           <none>

==========================================================================================
DEPLOYMENTS AFTER CONSUMER RECOVERY
==========================================================================================
COMMAND: kubectl get deployments -n recon-platform
NAME                  READY   UP-TO-DATE   AVAILABLE   AGE
recon-consumer-app    1/1     1            1           43h
recon-dashboard-api   1/1     1            1           43h
recon-producer-app    1/1     1            1           43h

==========================================================================================
PROOF COUNTS FROM EVIDENCE LOG
==========================================================================================
ACTION - SCALE CONSUMER DOWN TO ZERO=1
QUEUE DEPTH DURING CONSUMER DOWN - EXPECT RECON.IN BACKLOG=1
ACTION - SCALE CONSUMER BACK TO ONE=1
deployment "recon-consumer-app" successfully rolled out=1
transaction_published=121
message_reconciled=1
CompletedAt=2026-05-10T17:44:05.5012355+08:00
