
==========================================================================================
SCENARIO 04 - IBM MQ OUTAGE AND RECOVERY
==========================================================================================
StartedAt=2026-05-10T17:24:42.2654330+08:00
Expected proof: MQ pod scaled down, producer/consumer connection failures, MQ pod scaled back up, applications recover without manual app restart.

==========================================================================================
PODS BEFORE MQ OUTAGE
==========================================================================================
COMMAND: kubectl get pods -n recon-platform -o wide
NAME                                   READY   STATUS    RESTARTS   AGE    IP               NODE                                                NOMINATED NODE   READINESS GATES
ibm-mq-0                               1/1     Running   0          103m   192.168.26.214   ip-192-168-23-26.ap-southeast-1.compute.internal    <none>           <none>
recon-consumer-app-784f77dff8-ktzvg    1/1     Running   0          93m    192.168.41.165   ip-192-168-59-106.ap-southeast-1.compute.internal   <none>           <none>
recon-dashboard-api-7c7dcc4768-4vprs   1/1     Running   0          93m    192.168.75.43    ip-192-168-90-90.ap-southeast-1.compute.internal    <none>           <none>
recon-producer-app-7878df768-p65k4     1/1     Running   0          93m    192.168.41.193   ip-192-168-59-106.ap-southeast-1.compute.internal   <none>           <none>

==========================================================================================
STATEFULSET BEFORE MQ OUTAGE
==========================================================================================
COMMAND: kubectl get statefulset ibm-mq -n recon-platform
NAME     READY   AGE
ibm-mq   1/1     43h

==========================================================================================
DEPLOYMENTS BEFORE MQ OUTAGE
==========================================================================================
COMMAND: kubectl get deployments -n recon-platform
NAME                  READY   UP-TO-DATE   AVAILABLE   AGE
recon-consumer-app    1/1     1            1           43h
recon-dashboard-api   1/1     1            1           43h
recon-producer-app    1/1     1            1           43h

==========================================================================================
PORT FORWARD HEALTH
==========================================================================================
DashboardForwardReady=True

==========================================================================================
BASELINE STATUS BEFORE MQ OUTAGE
==========================================================================================
REQUEST: Get http://localhost:28083/api/reconciliation/status
{
  "failed": 726,
  "total": 15566,
  "reconciled": 13359,
  "invalid": 1481,
  "dlq": 0
}

==========================================================================================
BASELINE QUEUE DEPTH BEFORE MQ OUTAGE
==========================================================================================
REQUEST: Get http://localhost:28083/api/reconciliation/queues
{
  "inputQueue": {
    "available": true,
    "depth": 0,
    "name": "RECON.IN"
  },
  "deadLetterQueue": {
    "available": true,
    "depth": 0,
    "name": "SYSTEM.DEAD.LETTER.QUEUE"
  },
  "retryQueue": {
    "available": true,
    "depth": 0,
    "name": "RECON.RETRY"
  },
  "backoutQueue": {
    "available": true,
    "depth": 726,
    "name": "RECON.BACKOUT"
  }
}

==========================================================================================
ACTION - SCALE IBM MQ DOWN TO ZERO
==========================================================================================
COMMAND: kubectl scale statefulset/ibm-mq -n recon-platform --replicas=0
statefulset.apps/ibm-mq scaled

==========================================================================================
WAIT WINDOW - MQ DOWN
==========================================================================================
Waiting 90 seconds while MQ is unavailable. Producer and consumer should log MQ connection failures and gracefully retry.

==========================================================================================
PODS DURING MQ OUTAGE
==========================================================================================
COMMAND: kubectl get pods -n recon-platform -o wide
NAME                                   READY   STATUS    RESTARTS   AGE   IP               NODE                                                NOMINATED NODE   READINESS GATES
recon-consumer-app-784f77dff8-ktzvg    1/1     Running   0          94m   192.168.41.165   ip-192-168-59-106.ap-southeast-1.compute.internal   <none>           <none>
recon-dashboard-api-7c7dcc4768-4vprs   1/1     Running   0          94m   192.168.75.43    ip-192-168-90-90.ap-southeast-1.compute.internal    <none>           <none>
recon-producer-app-7878df768-p65k4     1/1     Running   0          94m   192.168.41.193   ip-192-168-59-106.ap-southeast-1.compute.internal   <none>           <none>

==========================================================================================
STATEFULSET DURING MQ OUTAGE
==========================================================================================
COMMAND: kubectl get statefulset ibm-mq -n recon-platform
NAME     READY   AGE
ibm-mq   0/0     43h

==========================================================================================
STATUS DURING MQ OUTAGE
==========================================================================================
REQUEST: Get http://localhost:28083/api/reconciliation/status
{
  "failed": 726,
  "total": 15572,
  "reconciled": 13365,
  "invalid": 1481,
  "dlq": 0
}

==========================================================================================
QUEUE DEPTH DURING MQ OUTAGE
==========================================================================================
REQUEST: Get http://localhost:28083/api/reconciliation/queues
{
  "inputQueue": {
    "available": false,
    "depth": -1,
    "name": "RECON.IN"
  },
  "deadLetterQueue": {
    "available": false,
    "depth": -1,
    "name": "SYSTEM.DEAD.LETTER.QUEUE"
  },
  "retryQueue": {
    "available": false,
    "depth": -1,
    "name": "RECON.RETRY"
  },
  "backoutQueue": {
    "available": false,
    "depth": -1,
    "name": "RECON.BACKOUT"
  }
}

==========================================================================================
ACTION - SCALE IBM MQ BACK TO ONE
==========================================================================================
COMMAND: kubectl scale statefulset/ibm-mq -n recon-platform --replicas=1
statefulset.apps/ibm-mq scaled

==========================================================================================
WAIT FOR IBM MQ POD READY AFTER RECOVERY
==========================================================================================
COMMAND: kubectl wait --for=condition=ready pod/ibm-mq-0 -n recon-platform --timeout=300s
pod/ibm-mq-0 condition met

==========================================================================================
WAIT WINDOW - APPLICATION RECOVERY AFTER MQ RETURNS
==========================================================================================
Waiting 120 seconds for JMS connections to recover and normal publish/consume flow to resume.

==========================================================================================
STATUS AFTER MQ RECOVERY
==========================================================================================
REQUEST: Get http://localhost:28083/api/reconciliation/status
{
  "failed": 726,
  "total": 15834,
  "reconciled": 13593,
  "invalid": 1515,
  "dlq": 0
}

==========================================================================================
QUEUE DEPTH AFTER MQ RECOVERY
==========================================================================================
REQUEST: Get http://localhost:28083/api/reconciliation/queues
{
  "inputQueue": {
    "available": true,
    "depth": 0,
    "name": "RECON.IN"
  },
  "deadLetterQueue": {
    "available": true,
    "depth": 0,
    "name": "SYSTEM.DEAD.LETTER.QUEUE"
  },
  "retryQueue": {
    "available": true,
    "depth": 0,
    "name": "RECON.RETRY"
  },
  "backoutQueue": {
    "available": true,
    "depth": 726,
    "name": "RECON.BACKOUT"
  }
}

==========================================================================================
PORT FORWARD OUTPUT
==========================================================================================
Dashboard port-forward stdout:
Forwarding from 127.0.0.1:28083 -> 8083
Forwarding from [::1]:28083 -> 8083
Handling connection for 28083
Handling connection for 28083
Handling connection for 28083
Handling connection for 28083
Handling connection for 28083
Handling connection for 28083
Handling connection for 28083
Dashboard port-forward stderr:

==========================================================================================
PRODUCER LOG PROOF - MQ OUTAGE AND RECOVERY
==========================================================================================
COMMAND: kubectl logs -n recon-platform deploy/recon-producer-app --since=20m | Select-String -Pattern 'MQJE001|MQRC|JMSWMQ|connection|Connection|reconnect|Reconnect|failed|Failed|Exception|transaction_published|published' | Select-Object -First 180

{"@timestamp":"2026-05-10T09:09:59.051882623Z","@version":"1","message":"Executing callback on JMS Session: Cached JMS Session: {\"ConnectionId\":\"414D5143514D31202020202020202020BC36006A00440040\",\"ObjectId\":\"com.ibm.msg.client.jakarta.wmq.internal.WMQSession@36562985\",\"Channel\":\"DEV.APP.SVRCONN\",\"Port\":\"1414\",\"ConnectionMode\":\"WMQ_CM_CLIENT\",\"Host\":\"ibm-mq.recon-platform.svc.cluster.local/10.100.195.132\",\"ResolvedQueueManager\":\"QM1\",\"QueueManager\":\"QM1\"}","logger_name":"org.springframework.jms.core.JmsTemplate","thread_name":"scheduling-1","level":"DEBUG","level_value":10000,"appName":"recon-producer-app","traceId":"561a2948d340567c41e80141f2f486ef","spanId":"bd28cd00e09beee3","application":"recon-producer-app"}
{"@timestamp":"2026-05-10T09:09:59.056546481Z","@version":"1","message":"Executing callback on JMS Session: Cached JMS Session: {\"ConnectionId\":\"414D5143514D31202020202020202020BC36006A00440040\",\"ObjectId\":\"com.ibm.msg.client.jakarta.wmq.internal.WMQSession@36562985\",\"Channel\":\"DEV.APP.SVRCONN\",\"Port\":\"1414\",\"ConnectionMode\":\"WMQ_CM_CLIENT\",\"Host\":\"ibm-mq.recon-platform.svc.cluster.local/10.100.195.132\",\"ResolvedQueueManager\":\"QM1\",\"QueueManager\":\"QM1\"}","logger_name":"org.springframework.jms.core.JmsTemplate","thread_name":"scheduling-1","level":"DEBUG","level_value":10000,"appName":"recon-producer-app","traceId":"561a2948d340567c41e80141f2f486ef","spanId":"bd28cd00e09beee3","correlationId":"55df35bd-da8f-4fa2-8735-695613251901","application":"recon-producer-app"}
{"@timestamp":"2026-05-10T09:09:59.060516271Z","@version":"1","message":"event=transaction_published transactionId=txn-aa8b1354-5d6e-4b57-8d53-9d5bf1cafdb9 queue=RECON.IN","logger_name":"com.ntt.recon.service.ProducerService","thread_name":"scheduling-1","level":"INFO","level_value":20000,"appName":"recon-producer-app","application":"recon-producer-app"}
{"@timestamp":"2026-05-10T09:09:59.060620665Z","@version":"1","message":"Executing callback on JMS Session: Cached JMS Session: {\"ConnectionId\":\"414D5143514D31202020202020202020BC36006A00440040\",\"ObjectId\":\"com.ibm.msg.client.jakarta.wmq.internal.WMQSession@36562985\",\"Channel\":\"DEV.APP.SVRCONN\",\"Port\":\"1414\",\"ConnectionMode\":\"WMQ_CM_CLIENT\",\"Host\":\"ibm-mq.recon-platform.svc.cluster.local/10.100.195.132\",\"ResolvedQueueManager\":\"QM1\",\"QueueManager\":\"QM1\"}","logger_name":"org.springframework.jms.core.JmsTemplate","thread_name":"scheduling-1","level":"DEBUG","level_value":10000,"appName":"recon-producer-app","traceId":"561a2948d340567c41e80141f2f486ef","spanId":"bd28cd00e09beee3","correlationId":"9b2e976f-87be-454f-8d2c-406ccba5b6c1","application":"recon-producer-app"}
{"@timestamp":"2026-05-10T09:09:59.064172983Z","@version":"1","message":"event=transaction_published transactionId=txn-ec2da462-3981-481d-b3bf-2f553e20d88f queue=RECON.IN","logger_name":"com.ntt.recon.service.ProducerService","thread_name":"scheduling-1","level":"INFO","level_value":20000,"appName":"recon-producer-app","application":"recon-producer-app"}
{"@timestamp":"2026-05-10T09:10:00.051914149Z","@version":"1","message":"Executing callback on JMS Session: Cached JMS Session: {\"ConnectionId\":\"414D5143514D31202020202020202020BC36006A00440040\",\"ObjectId\":\"com.ibm.msg.client.jakarta.wmq.internal.WMQSession@36562985\",\"Channel\":\"DEV.APP.SVRCONN\",\"Port\":\"1414\",\"ConnectionMode\":\"WMQ_CM_CLIENT\",\"Host\":\"ibm-mq.recon-platform.svc.cluster.local/10.100.195.132\",\"ResolvedQueueManager\":\"QM1\",\"QueueManager\":\"QM1\"}","logger_name":"org.springframework.jms.core.JmsTemplate","thread_name":"scheduling-1","level":"DEBUG","level_value":10000,"appName":"recon-producer-app","traceId":"19891cea5d910123c86aeb3047b5c9dc","spanId":"856fed638625ef89","application":"recon-producer-app"}
{"@timestamp":"2026-05-10T09:10:00.057811673Z","@version":"1","message":"Executing callback on JMS Session: Cached JMS Session: {\"ConnectionId\":\"414D5143514D31202020202020202020BC36006A00440040\",\"ObjectId\":\"com.ibm.msg.client.jakarta.wmq.internal.WMQSession@36562985\",\"Channel\":\"DEV.APP.SVRCONN\",\"Port\":\"1414\",\"ConnectionMode\":\"WMQ_CM_CLIENT\",\"Host\":\"ibm-mq.recon-platform.svc.cluster.local/10.100.195.132\",\"ResolvedQueueManager\":\"QM1\",\"QueueManager\":\"QM1\"}","logger_name":"org.springframework.jms.core.JmsTemplate","thread_name":"scheduling-1","level":"DEBUG","level_value":10000,"appName":"recon-producer-app","traceId":"19891cea5d910123c86aeb3047b5c9dc","spanId":"856fed638625ef89","correlationId":"5227c043-340e-4312-8d63-e8e4afc9f541","application":"recon-producer-app"}
{"@timestamp":"2026-05-10T09:10:00.062902361Z","@version":"1","message":"event=transaction_published transactionId=txn-4959f31d-d4bc-44ca-bed3-f7e9144f19b9 queue=RECON.IN","logger_name":"com.ntt.recon.service.ProducerService","thread_name":"scheduling-1","level":"INFO","level_value":20000,"appName":"recon-producer-app","application":"recon-producer-app"}
{"@timestamp":"2026-05-10T09:10:00.063098083Z","@version":"1","message":"Executing callback on JMS Session: Cached JMS Session: {\"ConnectionId\":\"414D5143514D31202020202020202020BC36006A00440040\",\"ObjectId\":\"com.ibm.msg.client.jakarta.wmq.internal.WMQSession@36562985\",\"Channel\":\"DEV.APP.SVRCONN\",\"Port\":\"1414\",\"ConnectionMode\":\"WMQ_CM_CLIENT\",\"Host\":\"ibm-mq.recon-platform.svc.cluster.local/10.100.195.132\",\"ResolvedQueueManager\":\"QM1\",\"QueueManager\":\"QM1\"}","logger_name":"org.springframework.jms.core.JmsTemplate","thread_name":"scheduling-1","level":"DEBUG","level_value":10000,"appName":"recon-producer-app","traceId":"19891cea5d910123c86aeb3047b5c9dc","spanId":"856fed638625ef89","correlationId":"65a69380-0dea-4cb3-9b28-10e37b67b20b","application":"recon-producer-app"}
{"@timestamp":"2026-05-10T09:10:00.072301595Z","@version":"1","message":"event=transaction_published transactionId=txn-1e3423ab-feba-4685-a971-620d0fd9a780 queue=RECON.IN","logger_name":"com.ntt.recon.service.ProducerService","thread_name":"scheduling-1","level":"INFO","level_value":20000,"appName":"recon-producer-app","application":"recon-producer-app"}
{"@timestamp":"2026-05-10T09:10:01.051865587Z","@version":"1","message":"Executing callback on JMS Session: Cached JMS Session: {\"ConnectionId\":\"414D5143514D31202020202020202020BC36006A00440040\",\"ObjectId\":\"com.ibm.msg.client.jakarta.wmq.internal.WMQSession@36562985\",\"Channel\":\"DEV.APP.SVRCONN\",\"Port\":\"1414\",\"ConnectionMode\":\"WMQ_CM_CLIENT\",\"Host\":\"ibm-mq.recon-platform.svc.cluster.local/10.100.195.132\",\"ResolvedQueueManager\":\"QM1\",\"QueueManager\":\"QM1\"}","logger_name":"org.springframework.jms.core.JmsTemplate","thread_name":"scheduling-1","level":"DEBUG","level_value":10000,"appName":"recon-producer-app","traceId":"b85cc4488b75d87fb2db97740f7a2993","spanId":"62e6398f189865e0","application":"recon-producer-app"}
{"@timestamp":"2026-05-10T09:10:01.057008219Z","@version":"1","message":"Executing callback on JMS Session: Cached JMS Session: {\"ConnectionId\":\"414D5143514D31202020202020202020BC36006A00440040\",\"ObjectId\":\"com.ibm.msg.client.jakarta.wmq.internal.WMQSession@36562985\",\"Channel\":\"DEV.APP.SVRCONN\",\"Port\":\"1414\",\"ConnectionMode\":\"WMQ_CM_CLIENT\",\"Host\":\"ibm-mq.recon-platform.svc.cluster.local/10.100.195.132\",\"ResolvedQueueManager\":\"QM1\",\"QueueManager\":\"QM1\"}","logger_name":"org.springframework.jms.core.JmsTemplate","thread_name":"scheduling-1","level":"DEBUG","level_value":10000,"appName":"recon-producer-app","traceId":"b85cc4488b75d87fb2db97740f7a2993","spanId":"62e6398f189865e0","correlationId":"41db2827-101d-47ad-bb0c-59c9f2454364","application":"recon-producer-app"}
{"@timestamp":"2026-05-10T09:10:01.063700696Z","@version":"1","message":"event=transaction_published transactionId=txn-88520d50-1cd7-4741-84d4-bd07eb360b38 queue=RECON.IN","logger_name":"com.ntt.recon.service.ProducerService","thread_name":"scheduling-1","level":"INFO","level_value":20000,"appName":"recon-producer-app","application":"recon-producer-app"}
{"@timestamp":"2026-05-10T09:10:01.063877576Z","@version":"1","message":"Executing callback on JMS Session: Cached JMS Session: {\"ConnectionId\":\"414D5143514D31202020202020202020BC36006A00440040\",\"ObjectId\":\"com.ibm.msg.client.jakarta.wmq.internal.WMQSession@36562985\",\"Channel\":\"DEV.APP.SVRCONN\",\"Port\":\"1414\",\"ConnectionMode\":\"WMQ_CM_CLIENT\",\"Host\":\"ibm-mq.recon-platform.svc.cluster.local/10.100.195.132\",\"ResolvedQueueManager\":\"QM1\",\"QueueManager\":\"QM1\"}","logger_name":"org.springframework.jms.core.JmsTemplate","thread_name":"scheduling-1","level":"DEBUG","level_value":10000,"appName":"recon-producer-app","traceId":"b85cc4488b75d87fb2db97740f7a2993","spanId":"62e6398f189865e0","correlationId":"e5b9e6f5-916c-4b26-8488-3ab2eb76dd78","application":"recon-producer-app"}
{"@timestamp":"2026-05-10T09:10:01.068910563Z","@version":"1","message":"event=transaction_published transactionId=txn-40a683f3-b053-47e6-8478-3a757e2ae689 queue=RECON.IN","logger_name":"com.ntt.recon.service.ProducerService","thread_name":"scheduling-1","level":"INFO","level_value":20000,"appName":"recon-producer-app","application":"recon-producer-app"}
{"@timestamp":"2026-05-10T09:10:02.064869678Z","@version":"1","message":"Executing callback on JMS Session: Cached JMS Session: {\"ConnectionId\":\"414D5143514D31202020202020202020BC36006A00440040\",\"ObjectId\":\"com.ibm.msg.client.jakarta.wmq.internal.WMQSession@36562985\",\"Channel\":\"DEV.APP.SVRCONN\",\"Port\":\"1414\",\"ConnectionMode\":\"WMQ_CM_CLIENT\",\"Host\":\"ibm-mq.recon-platform.svc.cluster.local/10.100.195.132\",\"ResolvedQueueManager\":\"QM1\",\"QueueManager\":\"QM1\"}","logger_name":"org.springframework.jms.core.JmsTemplate","thread_name":"scheduling-1","level":"DEBUG","level_value":10000,"appName":"recon-producer-app","traceId":"d08a0299eefe91e2199223ae2ab78b54","spanId":"891812cc15e92e2b","application":"recon-producer-app"}
{"@timestamp":"2026-05-10T09:10:02.23019794Z","@version":"1","message":"Executing callback on JMS Session: Cached JMS Session: {\"ConnectionId\":\"414D5143514D31202020202020202020BC36006A00440040\",\"ObjectId\":\"com.ibm.msg.client.jakarta.wmq.internal.WMQSession@36562985\",\"Channel\":\"DEV.APP.SVRCONN\",\"Port\":\"1414\",\"ConnectionMode\":\"WMQ_CM_CLIENT\",\"Host\":\"ibm-mq.recon-platform.svc.cluster.local/10.100.195.132\",\"ResolvedQueueManager\":\"QM1\",\"QueueManager\":\"QM1\"}","logger_name":"org.springframework.jms.core.JmsTemplate","thread_name":"scheduling-1","level":"DEBUG","level_value":10000,"appName":"recon-producer-app","traceId":"d08a0299eefe91e2199223ae2ab78b54","spanId":"891812cc15e92e2b","correlationId":"c14eba87-bcd6-4b86-a2e6-ead4cf7e070f","application":"recon-producer-app"}
{"@timestamp":"2026-05-10T09:10:02.240549592Z","@version":"1","message":"event=transaction_published transactionId=txn-fd43bbe2-975f-4440-9f86-c2e0d8c5ac8e queue=RECON.IN","logger_name":"com.ntt.recon.service.ProducerService","thread_name":"scheduling-1","level":"INFO","level_value":20000,"appName":"recon-producer-app","application":"recon-producer-app"}
{"@timestamp":"2026-05-10T09:10:02.240678783Z","@version":"1","message":"Executing callback on JMS Session: Cached JMS Session: {\"ConnectionId\":\"414D5143514D31202020202020202020BC36006A00440040\",\"ObjectId\":\"com.ibm.msg.client.jakarta.wmq.internal.WMQSession@36562985\",\"Channel\":\"DEV.APP.SVRCONN\",\"Port\":\"1414\",\"ConnectionMode\":\"WMQ_CM_CLIENT\",\"Host\":\"ibm-mq.recon-platform.svc.cluster.local/10.100.195.132\",\"ResolvedQueueManager\":\"QM1\",\"QueueManager\":\"QM1\"}","logger_name":"org.springframework.jms.core.JmsTemplate","thread_name":"scheduling-1","level":"DEBUG","level_value":10000,"appName":"recon-producer-app","traceId":"d08a0299eefe91e2199223ae2ab78b54","spanId":"891812cc15e92e2b","correlationId":"96bf9b42-dbd1-461d-a3f3-78f5e7ef5f0e","application":"recon-producer-app"}
{"@timestamp":"2026-05-10T09:10:02.257252692Z","@version":"1","message":"event=transaction_published transactionId=txn-a6d74eab-f963-43c1-b7a7-c80ef5ce5293 queue=RECON.IN","logger_name":"com.ntt.recon.service.ProducerService","thread_name":"scheduling-1","level":"INFO","level_value":20000,"appName":"recon-producer-app","application":"recon-producer-app"}
{"@timestamp":"2026-05-10T09:10:03.052012088Z","@version":"1","message":"Executing callback on JMS Session: Cached JMS Session: {\"ConnectionId\":\"414D5143514D31202020202020202020BC36006A00440040\",\"ObjectId\":\"com.ibm.msg.client.jakarta.wmq.internal.WMQSession@36562985\",\"Channel\":\"DEV.APP.SVRCONN\",\"Port\":\"1414\",\"ConnectionMode\":\"WMQ_CM_CLIENT\",\"Host\":\"ibm-mq.recon-platform.svc.cluster.local/10.100.195.132\",\"ResolvedQueueManager\":\"QM1\",\"QueueManager\":\"QM1\"}","logger_name":"org.springframework.jms.core.JmsTemplate","thread_name":"scheduling-1","level":"DEBUG","level_value":10000,"appName":"recon-producer-app","traceId":"a57108f9a3c3a903e0fa492150dfd113","spanId":"c891dc6459bc1b3a","application":"recon-producer-app"}
{"@timestamp":"2026-05-10T09:10:03.076770899Z","@version":"1","message":"Executing callback on JMS Session: Cached JMS Session: {\"ConnectionId\":\"414D5143514D31202020202020202020BC36006A00440040\",\"ObjectId\":\"com.ibm.msg.client.jakarta.wmq.internal.WMQSession@36562985\",\"Channel\":\"DEV.APP.SVRCONN\",\"Port\":\"1414\",\"ConnectionMode\":\"WMQ_CM_CLIENT\",\"Host\":\"ibm-mq.recon-platform.svc.cluster.local/10.100.195.132\",\"ResolvedQueueManager\":\"QM1\",\"QueueManager\":\"QM1\"}","logger_name":"org.springframework.jms.core.JmsTemplate","thread_name":"scheduling-1","level":"DEBUG","level_value":10000,"appName":"recon-producer-app","traceId":"a57108f9a3c3a903e0fa492150dfd113","spanId":"c891dc6459bc1b3a","correlationId":"f4b37062-c5d0-420a-be2a-a9ab67743484","application":"recon-producer-app"}
{"@timestamp":"2026-05-10T09:10:03.085787619Z","@version":"1","message":"event=transaction_published transactionId=txn-ca1fe468-f497-49ea-813b-e0c38866d9d6 queue=RECON.IN","logger_name":"com.ntt.recon.service.ProducerService","thread_name":"scheduling-1","level":"INFO","level_value":20000,"appName":"recon-producer-app","application":"recon-producer-app"}
{"@timestamp":"2026-05-10T09:10:03.086145483Z","@version":"1","message":"Executing callback on JMS Session: Cached JMS Session: {\"ConnectionId\":\"414D5143514D31202020202020202020BC36006A00440040\",\"ObjectId\":\"com.ibm.msg.client.jakarta.wmq.internal.WMQSession@36562985\",\"Channel\":\"DEV.APP.SVRCONN\",\"Port\":\"1414\",\"ConnectionMode\":\"WMQ_CM_CLIENT\",\"Host\":\"ibm-mq.recon-platform.svc.cluster.local/10.100.195.132\",\"ResolvedQueueManager\":\"QM1\",\"QueueManager\":\"QM1\"}","logger_name":"org.springframework.jms.core.JmsTemplate","thread_name":"scheduling-1","level":"DEBUG","level_value":10000,"appName":"recon-producer-app","traceId":"a57108f9a3c3a903e0fa492150dfd113","spanId":"c891dc6459bc1b3a","correlationId":"82e7d49c-4aba-4b97-9034-571d93918fdd","application":"recon-producer-app"}
{"@timestamp":"2026-05-10T09:10:03.094628763Z","@version":"1","message":"event=transaction_published transactionId=txn-0a45aa3f-9e99-407f-afab-92f450fdb934 queue=RECON.IN","logger_name":"com.ntt.recon.service.ProducerService","thread_name":"scheduling-1","level":"INFO","level_value":20000,"appName":"recon-producer-app","application":"recon-producer-app"}
{"@timestamp":"2026-05-10T09:10:04.051863335Z","@version":"1","message":"Executing callback on JMS Session: Cached JMS Session: {\"ConnectionId\":\"414D5143514D31202020202020202020BC36006A00440040\",\"ObjectId\":\"com.ibm.msg.client.jakarta.wmq.internal.WMQSession@36562985\",\"Channel\":\"DEV.APP.SVRCONN\",\"Port\":\"1414\",\"ConnectionMode\":\"WMQ_CM_CLIENT\",\"Host\":\"ibm-mq.recon-platform.svc.cluster.local/10.100.195.132\",\"ResolvedQueueManager\":\"QM1\",\"QueueManager\":\"QM1\"}","logger_name":"org.springframework.jms.core.JmsTemplate","thread_name":"scheduling-1","level":"DEBUG","level_value":10000,"appName":"recon-producer-app","traceId":"ea28c03335496cd54be2b12f9c09b402","spanId":"5582737037ae37b0","application":"recon-producer-app"}
{"@timestamp":"2026-05-10T09:10:04.057625994Z","@version":"1","message":"Executing callback on JMS Session: Cached JMS Session: {\"ConnectionId\":\"414D5143514D31202020202020202020BC36006A00440040\",\"ObjectId\":\"com.ibm.msg.client.jakarta.wmq.internal.WMQSession@36562985\",\"Channel\":\"DEV.APP.SVRCONN\",\"Port\":\"1414\",\"ConnectionMode\":\"WMQ_CM_CLIENT\",\"Host\":\"ibm-mq.recon-platform.svc.cluster.local/10.100.195.132\",\"ResolvedQueueManager\":\"QM1\",\"QueueManager\":\"QM1\"}","logger_name":"org.springframework.jms.core.JmsTemplate","thread_name":"scheduling-1","level":"DEBUG","level_value":10000,"appName":"recon-producer-app","traceId":"ea28c03335496cd54be2b12f9c09b402","spanId":"5582737037ae37b0","correlationId":"b350310e-89f1-4538-b5ba-a37dca324537","application":"recon-producer-app"}
{"@timestamp":"2026-05-10T09:10:04.062217275Z","@version":"1","message":"event=transaction_published transactionId=txn-b69e40d3-45fe-4a32-8a05-681b7f1583a3 queue=RECON.IN","logger_name":"com.ntt.recon.service.ProducerService","thread_name":"scheduling-1","level":"INFO","level_value":20000,"appName":"recon-producer-app","application":"recon-producer-app"}
{"@timestamp":"2026-05-10T09:10:04.062374047Z","@version":"1","message":"Executing callback on JMS Session: Cached JMS Session: {\"ConnectionId\":\"414D5143514D31202020202020202020BC36006A00440040\",\"ObjectId\":\"com.ibm.msg.client.jakarta.wmq.internal.WMQSession@36562985\",\"Channel\":\"DEV.APP.SVRCONN\",\"Port\":\"1414\",\"ConnectionMode\":\"WMQ_CM_CLIENT\",\"Host\":\"ibm-mq.recon-platform.svc.cluster.local/10.100.195.132\",\"ResolvedQueueManager\":\"QM1\",\"QueueManager\":\"QM1\"}","logger_name":"org.springframework.jms.core.JmsTemplate","thread_name":"scheduling-1","level":"DEBUG","level_value":10000,"appName":"recon-producer-app","traceId":"ea28c03335496cd54be2b12f9c09b402","spanId":"5582737037ae37b0","correlationId":"8a68f65d-2d42-47aa-99bb-8fe3bfc77d3f","application":"recon-producer-app"}
{"@timestamp":"2026-05-10T09:10:04.065482151Z","@version":"1","message":"event=transaction_published transactionId=txn-deaaf633-1c81-4101-9591-d1219eafa2cd queue=RECON.IN","logger_name":"com.ntt.recon.service.ProducerService","thread_name":"scheduling-1","level":"INFO","level_value":20000,"appName":"recon-producer-app","application":"recon-producer-app"}
{"@timestamp":"2026-05-10T09:10:05.051877168Z","@version":"1","message":"Executing callback on JMS Session: Cached JMS Session: {\"ConnectionId\":\"414D5143514D31202020202020202020BC36006A00440040\",\"ObjectId\":\"com.ibm.msg.client.jakarta.wmq.internal.WMQSession@36562985\",\"Channel\":\"DEV.APP.SVRCONN\",\"Port\":\"1414\",\"ConnectionMode\":\"WMQ_CM_CLIENT\",\"Host\":\"ibm-mq.recon-platform.svc.cluster.local/10.100.195.132\",\"ResolvedQueueManager\":\"QM1\",\"QueueManager\":\"QM1\"}","logger_name":"org.springframework.jms.core.JmsTemplate","thread_name":"scheduling-1","level":"DEBUG","level_value":10000,"appName":"recon-producer-app","traceId":"a8814e9b4486c5a00a71d0a9eb005607","spanId":"787d6cb96bd85dd0","application":"recon-producer-app"}
{"@timestamp":"2026-05-10T09:10:05.056605452Z","@version":"1","message":"Executing callback on JMS Session: Cached JMS Session: {\"ConnectionId\":\"414D5143514D31202020202020202020BC36006A00440040\",\"ObjectId\":\"com.ibm.msg.client.jakarta.wmq.internal.WMQSession@36562985\",\"Channel\":\"DEV.APP.SVRCONN\",\"Port\":\"1414\",\"ConnectionMode\":\"WMQ_CM_CLIENT\",\"Host\":\"ibm-mq.recon-platform.svc.cluster.local/10.100.195.132\",\"ResolvedQueueManager\":\"QM1\",\"QueueManager\":\"QM1\"}","logger_name":"org.springframework.jms.core.JmsTemplate","thread_name":"scheduling-1","level":"DEBUG","level_value":10000,"appName":"recon-producer-app","traceId":"a8814e9b4486c5a00a71d0a9eb005607","spanId":"787d6cb96bd85dd0","correlationId":"0f16587d-dc85-4d91-8bf7-37df47bfe1eb","application":"recon-producer-app"}
{"@timestamp":"2026-05-10T09:10:05.060723702Z","@version":"1","message":"event=transaction_published transactionId=txn-5a94c9a9-d00f-4eb3-853a-63b0175e24aa queue=RECON.IN","logger_name":"com.ntt.recon.service.ProducerService","thread_name":"scheduling-1","level":"INFO","level_value":20000,"appName":"recon-producer-app","application":"recon-producer-app"}
{"@timestamp":"2026-05-10T09:10:05.060849051Z","@version":"1","message":"Executing callback on JMS Session: Cached JMS Session: {\"ConnectionId\":\"414D5143514D31202020202020202020BC36006A00440040\",\"ObjectId\":\"com.ibm.msg.client.jakarta.wmq.internal.WMQSession@36562985\",\"Channel\":\"DEV.APP.SVRCONN\",\"Port\":\"1414\",\"ConnectionMode\":\"WMQ_CM_CLIENT\",\"Host\":\"ibm-mq.recon-platform.svc.cluster.local/10.100.195.132\",\"ResolvedQueueManager\":\"QM1\",\"QueueManager\":\"QM1\"}","logger_name":"org.springframework.jms.core.JmsTemplate","thread_name":"scheduling-1","level":"DEBUG","level_value":10000,"appName":"recon-producer-app","traceId":"a8814e9b4486c5a00a71d0a9eb005607","spanId":"787d6cb96bd85dd0","correlationId":"67cd713a-9bac-4f08-94fa-4e983aa483f8","application":"recon-producer-app"}
{"@timestamp":"2026-05-10T09:10:05.065042523Z","@version":"1","message":"event=transaction_published transactionId=txn-40295fc5-2cc3-4312-8c7c-ff818b8b1c79 queue=RECON.IN","logger_name":"com.ntt.recon.service.ProducerService","thread_name":"scheduling-1","level":"INFO","level_value":20000,"appName":"recon-producer-app","application":"recon-producer-app"}
{"@timestamp":"2026-05-10T09:10:06.051863264Z","@version":"1","message":"Executing callback on JMS Session: Cached JMS Session: {\"ConnectionId\":\"414D5143514D31202020202020202020BC36006A00440040\",\"ObjectId\":\"com.ibm.msg.client.jakarta.wmq.internal.WMQSession@36562985\",\"Channel\":\"DEV.APP.SVRCONN\",\"Port\":\"1414\",\"ConnectionMode\":\"WMQ_CM_CLIENT\",\"Host\":\"ibm-mq.recon-platform.svc.cluster.local/10.100.195.132\",\"ResolvedQueueManager\":\"QM1\",\"QueueManager\":\"QM1\"}","logger_name":"org.springframework.jms.core.JmsTemplate","thread_name":"scheduling-1","level":"DEBUG","level_value":10000,"appName":"recon-producer-app","traceId":"a291d9d54f1c4222c5de6171e9a1a607","spanId":"3cd9317031e13b84","application":"recon-producer-app"}
{"@timestamp":"2026-05-10T09:10:06.056181292Z","@version":"1","message":"Executing callback on JMS Session: Cached JMS Session: {\"ConnectionId\":\"414D5143514D31202020202020202020BC36006A00440040\",\"ObjectId\":\"com.ibm.msg.client.jakarta.wmq.internal.WMQSession@36562985\",\"Channel\":\"DEV.APP.SVRCONN\",\"Port\":\"1414\",\"ConnectionMode\":\"WMQ_CM_CLIENT\",\"Host\":\"ibm-mq.recon-platform.svc.cluster.local/10.100.195.132\",\"ResolvedQueueManager\":\"QM1\",\"QueueManager\":\"QM1\"}","logger_name":"org.springframework.jms.core.JmsTemplate","thread_name":"scheduling-1","level":"DEBUG","level_value":10000,"appName":"recon-producer-app","traceId":"a291d9d54f1c4222c5de6171e9a1a607","spanId":"3cd9317031e13b84","correlationId":"b4696b11-a4bb-4e72-a4a3-e17ca56cd6e5","application":"recon-producer-app"}
{"@timestamp":"2026-05-10T09:10:06.060481264Z","@version":"1","message":"event=transaction_published transactionId=txn-64b02e3c-906c-44ca-9e50-8db5ac24d8b8 queue=RECON.IN","logger_name":"com.ntt.recon.service.ProducerService","thread_name":"scheduling-1","level":"INFO","level_value":20000,"appName":"recon-producer-app","application":"recon-producer-app"}
{"@timestamp":"2026-05-10T09:10:06.060648625Z","@version":"1","message":"Executing callback on JMS Session: Cached JMS Session: {\"ConnectionId\":\"414D5143514D31202020202020202020BC36006A00440040\",\"ObjectId\":\"com.ibm.msg.client.jakarta.wmq.internal.WMQSession@36562985\",\"Channel\":\"DEV.APP.SVRCONN\",\"Port\":\"1414\",\"ConnectionMode\":\"WMQ_CM_CLIENT\",\"Host\":\"ibm-mq.recon-platform.svc.cluster.local/10.100.195.132\",\"ResolvedQueueManager\":\"QM1\",\"QueueManager\":\"QM1\"}","logger_name":"org.springframework.jms.core.JmsTemplate","thread_name":"scheduling-1","level":"DEBUG","level_value":10000,"appName":"recon-producer-app","traceId":"a291d9d54f1c4222c5de6171e9a1a607","spanId":"3cd9317031e13b84","correlationId":"88a95f08-24f1-43fa-b65c-bc79643819a5","application":"recon-producer-app"}
{"@timestamp":"2026-05-10T09:10:06.071921673Z","@version":"1","message":"event=transaction_published transactionId=txn-5aa2b2b4-cc3c-41a6-a235-79e2fc5d25c3 queue=RECON.IN","logger_name":"com.ntt.recon.service.ProducerService","thread_name":"scheduling-1","level":"INFO","level_value":20000,"appName":"recon-producer-app","application":"recon-producer-app"}
{"@timestamp":"2026-05-10T09:10:07.051904093Z","@version":"1","message":"Executing callback on JMS Session: Cached JMS Session: {\"ConnectionId\":\"414D5143514D31202020202020202020BC36006A00440040\",\"ObjectId\":\"com.ibm.msg.client.jakarta.wmq.internal.WMQSession@36562985\",\"Channel\":\"DEV.APP.SVRCONN\",\"Port\":\"1414\",\"ConnectionMode\":\"WMQ_CM_CLIENT\",\"Host\":\"ibm-mq.recon-platform.svc.cluster.local/10.100.195.132\",\"ResolvedQueueManager\":\"QM1\",\"QueueManager\":\"QM1\"}","logger_name":"org.springframework.jms.core.JmsTemplate","thread_name":"scheduling-1","level":"DEBUG","level_value":10000,"appName":"recon-producer-app","traceId":"a2078719a9f7643f4d94809f75ebb570","spanId":"1fe4f687220185f9","application":"recon-producer-app"}
{"@timestamp":"2026-05-10T09:10:07.058555973Z","@version":"1","message":"Executing callback on JMS Session: Cached JMS Session: {\"ConnectionId\":\"414D5143514D31202020202020202020BC36006A00440040\",\"ObjectId\":\"com.ibm.msg.client.jakarta.wmq.internal.WMQSession@36562985\",\"Channel\":\"DEV.APP.SVRCONN\",\"Port\":\"1414\",\"ConnectionMode\":\"WMQ_CM_CLIENT\",\"Host\":\"ibm-mq.recon-platform.svc.cluster.local/10.100.195.132\",\"ResolvedQueueManager\":\"QM1\",\"QueueManager\":\"QM1\"}","logger_name":"org.springframework.jms.core.JmsTemplate","thread_name":"scheduling-1","level":"DEBUG","level_value":10000,"appName":"recon-producer-app","traceId":"a2078719a9f7643f4d94809f75ebb570","spanId":"1fe4f687220185f9","correlationId":"4eaa5e5e-cf32-4339-b7ac-7a1533878bfa","application":"recon-producer-app"}
{"@timestamp":"2026-05-10T09:10:07.067173621Z","@version":"1","message":"event=transaction_published transactionId=txn-f5bcf23e-943f-4df2-9938-f3734742f4ef queue=RECON.IN","logger_name":"com.ntt.recon.service.ProducerService","thread_name":"scheduling-1","level":"INFO","level_value":20000,"appName":"recon-producer-app","application":"recon-producer-app"}
{"@timestamp":"2026-05-10T09:10:07.067370461Z","@version":"1","message":"Executing callback on JMS Session: Cached JMS Session: {\"ConnectionId\":\"414D5143514D31202020202020202020BC36006A00440040\",\"ObjectId\":\"com.ibm.msg.client.jakarta.wmq.internal.WMQSession@36562985\",\"Channel\":\"DEV.APP.SVRCONN\",\"Port\":\"1414\",\"ConnectionMode\":\"WMQ_CM_CLIENT\",\"Host\":\"ibm-mq.recon-platform.svc.cluster.local/10.100.195.132\",\"ResolvedQueueManager\":\"QM1\",\"QueueManager\":\"QM1\"}","logger_name":"org.springframework.jms.core.JmsTemplate","thread_name":"scheduling-1","level":"DEBUG","level_value":10000,"appName":"recon-producer-app","traceId":"a2078719a9f7643f4d94809f75ebb570","spanId":"1fe4f687220185f9","correlationId":"454d1f87-9be4-41e9-a14f-31553f33568f","application":"recon-producer-app"}
{"@timestamp":"2026-05-10T09:10:07.071035874Z","@version":"1","message":"event=transaction_published transactionId=txn-e31262df-c407-4f48-a52b-bb49a21737c4 queue=RECON.IN","logger_name":"com.ntt.recon.service.ProducerService","thread_name":"scheduling-1","level":"INFO","level_value":20000,"appName":"recon-producer-app","application":"recon-producer-app"}
{"@timestamp":"2026-05-10T09:10:08.051880269Z","@version":"1","message":"Executing callback on JMS Session: Cached JMS Session: {\"ConnectionId\":\"414D5143514D31202020202020202020BC36006A00440040\",\"ObjectId\":\"com.ibm.msg.client.jakarta.wmq.internal.WMQSession@36562985\",\"Channel\":\"DEV.APP.SVRCONN\",\"Port\":\"1414\",\"ConnectionMode\":\"WMQ_CM_CLIENT\",\"Host\":\"ibm-mq.recon-platform.svc.cluster.local/10.100.195.132\",\"ResolvedQueueManager\":\"QM1\",\"QueueManager\":\"QM1\"}","logger_name":"org.springframework.jms.core.JmsTemplate","thread_name":"scheduling-1","level":"DEBUG","level_value":10000,"appName":"recon-producer-app","traceId":"19f8710d24034fbf5657507c8e207507","spanId":"84cbe28d955aac32","application":"recon-producer-app"}
{"@timestamp":"2026-05-10T09:10:08.056354439Z","@version":"1","message":"Executing callback on JMS Session: Cached JMS Session: {\"ConnectionId\":\"414D5143514D31202020202020202020BC36006A00440040\",\"ObjectId\":\"com.ibm.msg.client.jakarta.wmq.internal.WMQSession@36562985\",\"Channel\":\"DEV.APP.SVRCONN\",\"Port\":\"1414\",\"ConnectionMode\":\"WMQ_CM_CLIENT\",\"Host\":\"ibm-mq.recon-platform.svc.cluster.local/10.100.195.132\",\"ResolvedQueueManager\":\"QM1\",\"QueueManager\":\"QM1\"}","logger_name":"org.springframework.jms.core.JmsTemplate","thread_name":"scheduling-1","level":"DEBUG","level_value":10000,"appName":"recon-producer-app","traceId":"19f8710d24034fbf5657507c8e207507","spanId":"84cbe28d955aac32","correlationId":"5e7bc57e-30fb-4062-9114-351ca82d45dd","application":"recon-producer-app"}
{"@timestamp":"2026-05-10T09:10:08.060726603Z","@version":"1","message":"event=transaction_published transactionId=txn-554e66c9-727c-47ee-ac9c-bcf57a2291b4 queue=RECON.IN","logger_name":"com.ntt.recon.service.ProducerService","thread_name":"scheduling-1","level":"INFO","level_value":20000,"appName":"recon-producer-app","application":"recon-producer-app"}
{"@timestamp":"2026-05-10T09:10:08.060844578Z","@version":"1","message":"Executing callback on JMS Session: Cached JMS Session: {\"ConnectionId\":\"414D5143514D31202020202020202020BC36006A00440040\",\"ObjectId\":\"com.ibm.msg.client.jakarta.wmq.internal.WMQSession@36562985\",\"Channel\":\"DEV.APP.SVRCONN\",\"Port\":\"1414\",\"ConnectionMode\":\"WMQ_CM_CLIENT\",\"Host\":\"ibm-mq.recon-platform.svc.cluster.local/10.100.195.132\",\"ResolvedQueueManager\":\"QM1\",\"QueueManager\":\"QM1\"}","logger_name":"org.springframework.jms.core.JmsTemplate","thread_name":"scheduling-1","level":"DEBUG","level_value":10000,"appName":"recon-producer-app","traceId":"19f8710d24034fbf5657507c8e207507","spanId":"84cbe28d955aac32","correlationId":"7d90a003-9844-4a3c-a984-dae6b3e0b721","application":"recon-producer-app"}
{"@timestamp":"2026-05-10T09:10:08.06444254Z","@version":"1","message":"event=transaction_published transactionId=txn-0aa5d8a8-ac2b-423a-811b-e2dfd7bba3aa queue=RECON.IN","logger_name":"com.ntt.recon.service.ProducerService","thread_name":"scheduling-1","level":"INFO","level_value":20000,"appName":"recon-producer-app","application":"recon-producer-app"}
{"@timestamp":"2026-05-10T09:10:09.051916323Z","@version":"1","message":"Executing callback on JMS Session: Cached JMS Session: {\"ConnectionId\":\"414D5143514D31202020202020202020BC36006A00440040\",\"ObjectId\":\"com.ibm.msg.client.jakarta.wmq.internal.WMQSession@36562985\",\"Channel\":\"DEV.APP.SVRCONN\",\"Port\":\"1414\",\"ConnectionMode\":\"WMQ_CM_CLIENT\",\"Host\":\"ibm-mq.recon-platform.svc.cluster.local/10.100.195.132\",\"ResolvedQueueManager\":\"QM1\",\"QueueManager\":\"QM1\"}","logger_name":"org.springframework.jms.core.JmsTemplate","thread_name":"scheduling-1","level":"DEBUG","level_value":10000,"appName":"recon-producer-app","traceId":"9303e8a1dfccb23a6061cac4a41ce4b7","spanId":"52130a68b4107728","application":"recon-producer-app"}
{"@timestamp":"2026-05-10T09:10:09.056923748Z","@version":"1","message":"Executing callback on JMS Session: Cached JMS Session: {\"ConnectionId\":\"414D5143514D31202020202020202020BC36006A00440040\",\"ObjectId\":\"com.ibm.msg.client.jakarta.wmq.internal.WMQSession@36562985\",\"Channel\":\"DEV.APP.SVRCONN\",\"Port\":\"1414\",\"ConnectionMode\":\"WMQ_CM_CLIENT\",\"Host\":\"ibm-mq.recon-platform.svc.cluster.local/10.100.195.132\",\"ResolvedQueueManager\":\"QM1\",\"QueueManager\":\"QM1\"}","logger_name":"org.springframework.jms.core.JmsTemplate","thread_name":"scheduling-1","level":"DEBUG","level_value":10000,"appName":"recon-producer-app","traceId":"9303e8a1dfccb23a6061cac4a41ce4b7","spanId":"52130a68b4107728","correlationId":"81a6fd6c-4df8-4398-890f-8497908c2f63","application":"recon-producer-app"}
{"@timestamp":"2026-05-10T09:10:09.060245537Z","@version":"1","message":"event=transaction_published transactionId=txn-65f60a14-982a-4500-9a75-756d54ee920b queue=RECON.IN","logger_name":"com.ntt.recon.service.ProducerService","thread_name":"scheduling-1","level":"INFO","level_value":20000,"appName":"recon-producer-app","application":"recon-producer-app"}
{"@timestamp":"2026-05-10T09:10:09.060353198Z","@version":"1","message":"Executing callback on JMS Session: Cached JMS Session: {\"ConnectionId\":\"414D5143514D31202020202020202020BC36006A00440040\",\"ObjectId\":\"com.ibm.msg.client.jakarta.wmq.internal.WMQSession@36562985\",\"Channel\":\"DEV.APP.SVRCONN\",\"Port\":\"1414\",\"ConnectionMode\":\"WMQ_CM_CLIENT\",\"Host\":\"ibm-mq.recon-platform.svc.cluster.local/10.100.195.132\",\"ResolvedQueueManager\":\"QM1\",\"QueueManager\":\"QM1\"}","logger_name":"org.springframework.jms.core.JmsTemplate","thread_name":"scheduling-1","level":"DEBUG","level_value":10000,"appName":"recon-producer-app","traceId":"9303e8a1dfccb23a6061cac4a41ce4b7","spanId":"52130a68b4107728","correlationId":"0536b133-8495-4f61-96f2-896dce77125c","application":"recon-producer-app"}
{"@timestamp":"2026-05-10T09:10:09.063757514Z","@version":"1","message":"event=transaction_published transactionId=txn-1a8905cc-74c9-4cdb-bb1e-50f71c6824b0 queue=RECON.IN","logger_name":"com.ntt.recon.service.ProducerService","thread_name":"scheduling-1","level":"INFO","level_value":20000,"appName":"recon-producer-app","application":"recon-producer-app"}
{"@timestamp":"2026-05-10T09:10:10.051893187Z","@version":"1","message":"Executing callback on JMS Session: Cached JMS Session: {\"ConnectionId\":\"414D5143514D31202020202020202020BC36006A00440040\",\"ObjectId\":\"com.ibm.msg.client.jakarta.wmq.internal.WMQSession@36562985\",\"Channel\":\"DEV.APP.SVRCONN\",\"Port\":\"1414\",\"ConnectionMode\":\"WMQ_CM_CLIENT\",\"Host\":\"ibm-mq.recon-platform.svc.cluster.local/10.100.195.132\",\"ResolvedQueueManager\":\"QM1\",\"QueueManager\":\"QM1\"}","logger_name":"org.springframework.jms.core.JmsTemplate","thread_name":"scheduling-1","level":"DEBUG","level_value":10000,"appName":"recon-producer-app","traceId":"b4c2208d7154739e8a96294938df9c5f","spanId":"34218c1d0214294e","application":"recon-producer-app"}
{"@timestamp":"2026-05-10T09:10:10.056812394Z","@version":"1","message":"Executing callback on JMS Session: Cached JMS Session: {\"ConnectionId\":\"414D5143514D31202020202020202020BC36006A00440040\",\"ObjectId\":\"com.ibm.msg.client.jakarta.wmq.internal.WMQSession@36562985\",\"Channel\":\"DEV.APP.SVRCONN\",\"Port\":\"1414\",\"ConnectionMode\":\"WMQ_CM_CLIENT\",\"Host\":\"ibm-mq.recon-platform.svc.cluster.local/10.100.195.132\",\"ResolvedQueueManager\":\"QM1\",\"QueueManager\":\"QM1\"}","logger_name":"org.springframework.jms.core.JmsTemplate","thread_name":"scheduling-1","level":"DEBUG","level_value":10000,"appName":"recon-producer-app","traceId":"b4c2208d7154739e8a96294938df9c5f","spanId":"34218c1d0214294e","correlationId":"ee112fe9-916a-438e-adda-4a832b1e0d17","application":"recon-producer-app"}
{"@timestamp":"2026-05-10T09:10:10.059959018Z","@version":"1","message":"event=transaction_published transactionId=txn-f7d226ec-547f-46e3-b59b-75452fbdf82b queue=RECON.IN","logger_name":"com.ntt.recon.service.ProducerService","thread_name":"scheduling-1","level":"INFO","level_value":20000,"appName":"recon-producer-app","application":"recon-producer-app"}
{"@timestamp":"2026-05-10T09:10:10.060082023Z","@version":"1","message":"Executing callback on JMS Session: Cached JMS Session: {\"ConnectionId\":\"414D5143514D31202020202020202020BC36006A00440040\",\"ObjectId\":\"com.ibm.msg.client.jakarta.wmq.internal.WMQSession@36562985\",\"Channel\":\"DEV.APP.SVRCONN\",\"Port\":\"1414\",\"ConnectionMode\":\"WMQ_CM_CLIENT\",\"Host\":\"ibm-mq.recon-platform.svc.cluster.local/10.100.195.132\",\"ResolvedQueueManager\":\"QM1\",\"QueueManager\":\"QM1\"}","logger_name":"org.springframework.jms.core.JmsTemplate","thread_name":"scheduling-1","level":"DEBUG","level_value":10000,"appName":"recon-producer-app","traceId":"b4c2208d7154739e8a96294938df9c5f","spanId":"34218c1d0214294e","correlationId":"e517154e-257d-488b-ac9a-bdf05120fe27","application":"recon-producer-app"}
{"@timestamp":"2026-05-10T09:10:10.06772582Z","@version":"1","message":"event=transaction_published transactionId=txn-b3a1e9cc-81db-4509-9e50-e649185138d7 queue=RECON.IN","logger_name":"com.ntt.recon.service.ProducerService","thread_name":"scheduling-1","level":"INFO","level_value":20000,"appName":"recon-producer-app","application":"recon-producer-app"}
{"@timestamp":"2026-05-10T09:10:11.051899937Z","@version":"1","message":"Executing callback on JMS Session: Cached JMS Session: {\"ConnectionId\":\"414D5143514D31202020202020202020BC36006A00440040\",\"ObjectId\":\"com.ibm.msg.client.jakarta.wmq.internal.WMQSession@36562985\",\"Channel\":\"DEV.APP.SVRCONN\",\"Port\":\"1414\",\"ConnectionMode\":\"WMQ_CM_CLIENT\",\"Host\":\"ibm-mq.recon-platform.svc.cluster.local/10.100.195.132\",\"ResolvedQueueManager\":\"QM1\",\"QueueManager\":\"QM1\"}","logger_name":"org.springframework.jms.core.JmsTemplate","thread_name":"scheduling-1","level":"DEBUG","level_value":10000,"appName":"recon-producer-app","traceId":"93e33090cc7bb27191b85066ad28fb7f","spanId":"c8c5c66e9a1a10c5","application":"recon-producer-app"}
{"@timestamp":"2026-05-10T09:10:11.056792403Z","@version":"1","message":"Executing callback on JMS Session: Cached JMS Session: {\"ConnectionId\":\"414D5143514D31202020202020202020BC36006A00440040\",\"ObjectId\":\"com.ibm.msg.client.jakarta.wmq.internal.WMQSession@36562985\",\"Channel\":\"DEV.APP.SVRCONN\",\"Port\":\"1414\",\"ConnectionMode\":\"WMQ_CM_CLIENT\",\"Host\":\"ibm-mq.recon-platform.svc.cluster.local/10.100.195.132\",\"ResolvedQueueManager\":\"QM1\",\"QueueManager\":\"QM1\"}","logger_name":"org.springframework.jms.core.JmsTemplate","thread_name":"scheduling-1","level":"DEBUG","level_value":10000,"appName":"recon-producer-app","traceId":"93e33090cc7bb27191b85066ad28fb7f","spanId":"c8c5c66e9a1a10c5","correlationId":"3852f5ba-2c48-407f-8fce-15d87de4dd6a","application":"recon-producer-app"}
{"@timestamp":"2026-05-10T09:10:11.062011348Z","@version":"1","message":"event=transaction_published transactionId=txn-8654e746-c446-4c58-97d3-6894e12404d3 queue=RECON.IN","logger_name":"com.ntt.recon.service.ProducerService","thread_name":"scheduling-1","level":"INFO","level_value":20000,"appName":"recon-producer-app","application":"recon-producer-app"}
{"@timestamp":"2026-05-10T09:10:11.062129703Z","@version":"1","message":"Executing callback on JMS Session: Cached JMS Session: {\"ConnectionId\":\"414D5143514D31202020202020202020BC36006A00440040\",\"ObjectId\":\"com.ibm.msg.client.jakarta.wmq.internal.WMQSession@36562985\",\"Channel\":\"DEV.APP.SVRCONN\",\"Port\":\"1414\",\"ConnectionMode\":\"WMQ_CM_CLIENT\",\"Host\":\"ibm-mq.recon-platform.svc.cluster.local/10.100.195.132\",\"ResolvedQueueManager\":\"QM1\",\"QueueManager\":\"QM1\"}","logger_name":"org.springframework.jms.core.JmsTemplate","thread_name":"scheduling-1","level":"DEBUG","level_value":10000,"appName":"recon-producer-app","traceId":"93e33090cc7bb27191b85066ad28fb7f","spanId":"c8c5c66e9a1a10c5","correlationId":"d083e9bd-373c-4ffb-bb47-bbb8da59e31b","application":"recon-producer-app"}
{"@timestamp":"2026-05-10T09:10:11.066441947Z","@version":"1","message":"event=transaction_published transactionId=txn-d2dab4d5-6fb8-4609-9c49-9c407ffb6c74 queue=RECON.IN","logger_name":"com.ntt.recon.service.ProducerService","thread_name":"scheduling-1","level":"INFO","level_value":20000,"appName":"recon-producer-app","application":"recon-producer-app"}
{"@timestamp":"2026-05-10T09:10:12.051988033Z","@version":"1","message":"Executing callback on JMS Session: Cached JMS Session: {\"ConnectionId\":\"414D5143514D31202020202020202020BC36006A00440040\",\"ObjectId\":\"com.ibm.msg.client.jakarta.wmq.internal.WMQSession@36562985\",\"Channel\":\"DEV.APP.SVRCONN\",\"Port\":\"1414\",\"ConnectionMode\":\"WMQ_CM_CLIENT\",\"Host\":\"ibm-mq.recon-platform.svc.cluster.local/10.100.195.132\",\"ResolvedQueueManager\":\"QM1\",\"QueueManager\":\"QM1\"}","logger_name":"org.springframework.jms.core.JmsTemplate","thread_name":"scheduling-1","level":"DEBUG","level_value":10000,"appName":"recon-producer-app","traceId":"e77219d2821631ecc074727d06d09b66","spanId":"a2c20064a15b12dd","application":"recon-producer-app"}
{"@timestamp":"2026-05-10T09:10:12.057135642Z","@version":"1","message":"Executing callback on JMS Session: Cached JMS Session: {\"ConnectionId\":\"414D5143514D31202020202020202020BC36006A00440040\",\"ObjectId\":\"com.ibm.msg.client.jakarta.wmq.internal.WMQSession@36562985\",\"Channel\":\"DEV.APP.SVRCONN\",\"Port\":\"1414\",\"ConnectionMode\":\"WMQ_CM_CLIENT\",\"Host\":\"ibm-mq.recon-platform.svc.cluster.local/10.100.195.132\",\"ResolvedQueueManager\":\"QM1\",\"QueueManager\":\"QM1\"}","logger_name":"org.springframework.jms.core.JmsTemplate","thread_name":"scheduling-1","level":"DEBUG","level_value":10000,"appName":"recon-producer-app","traceId":"e77219d2821631ecc074727d06d09b66","spanId":"a2c20064a15b12dd","correlationId":"513bdc8c-a772-47ae-b5bc-bd83f3315ad7","application":"recon-producer-app"}
{"@timestamp":"2026-05-10T09:10:12.060617637Z","@version":"1","message":"event=transaction_published transactionId=txn-1824597d-91cf-4c93-80a7-ecd8b9279079 queue=RECON.IN","logger_name":"com.ntt.recon.service.ProducerService","thread_name":"scheduling-1","level":"INFO","level_value":20000,"appName":"recon-producer-app","application":"recon-producer-app"}
{"@timestamp":"2026-05-10T09:10:12.060733242Z","@version":"1","message":"Executing callback on JMS Session: Cached JMS Session: {\"ConnectionId\":\"414D5143514D31202020202020202020BC36006A00440040\",\"ObjectId\":\"com.ibm.msg.client.jakarta.wmq.internal.WMQSession@36562985\",\"Channel\":\"DEV.APP.SVRCONN\",\"Port\":\"1414\",\"ConnectionMode\":\"WMQ_CM_CLIENT\",\"Host\":\"ibm-mq.recon-platform.svc.cluster.local/10.100.195.132\",\"ResolvedQueueManager\":\"QM1\",\"QueueManager\":\"QM1\"}","logger_name":"org.springframework.jms.core.JmsTemplate","thread_name":"scheduling-1","level":"DEBUG","level_value":10000,"appName":"recon-producer-app","traceId":"e77219d2821631ecc074727d06d09b66","spanId":"a2c20064a15b12dd","correlationId":"d47b4a2c-a147-4e12-8e48-2f86da242732","application":"recon-producer-app"}
{"@timestamp":"2026-05-10T09:10:12.065411777Z","@version":"1","message":"event=transaction_published transactionId=txn-0bfeed04-2b5c-42cc-a454-fbe579a736bb queue=RECON.IN","logger_name":"com.ntt.recon.service.ProducerService","thread_name":"scheduling-1","level":"INFO","level_value":20000,"appName":"recon-producer-app","application":"recon-producer-app"}
{"@timestamp":"2026-05-10T09:10:13.051880172Z","@version":"1","message":"Executing callback on JMS Session: Cached JMS Session: {\"ConnectionId\":\"414D5143514D31202020202020202020BC36006A00440040\",\"ObjectId\":\"com.ibm.msg.client.jakarta.wmq.internal.WMQSession@36562985\",\"Channel\":\"DEV.APP.SVRCONN\",\"Port\":\"1414\",\"ConnectionMode\":\"WMQ_CM_CLIENT\",\"Host\":\"ibm-mq.recon-platform.svc.cluster.local/10.100.195.132\",\"ResolvedQueueManager\":\"QM1\",\"QueueManager\":\"QM1\"}","logger_name":"org.springframework.jms.core.JmsTemplate","thread_name":"scheduling-1","level":"DEBUG","level_value":10000,"appName":"recon-producer-app","traceId":"04531cc559be99352d84d73492553fc3","spanId":"ed29baab7d8a8579","application":"recon-producer-app"}
{"@timestamp":"2026-05-10T09:10:13.056527724Z","@version":"1","message":"Executing callback on JMS Session: Cached JMS Session: {\"ConnectionId\":\"414D5143514D31202020202020202020BC36006A00440040\",\"ObjectId\":\"com.ibm.msg.client.jakarta.wmq.internal.WMQSession@36562985\",\"Channel\":\"DEV.APP.SVRCONN\",\"Port\":\"1414\",\"ConnectionMode\":\"WMQ_CM_CLIENT\",\"Host\":\"ibm-mq.recon-platform.svc.cluster.local/10.100.195.132\",\"ResolvedQueueManager\":\"QM1\",\"QueueManager\":\"QM1\"}","logger_name":"org.springframework.jms.core.JmsTemplate","thread_name":"scheduling-1","level":"DEBUG","level_value":10000,"appName":"recon-producer-app","traceId":"04531cc559be99352d84d73492553fc3","spanId":"ed29baab7d8a8579","correlationId":"07981c38-ba13-4986-9a05-a7a7a8145dbc","application":"recon-producer-app"}
{"@timestamp":"2026-05-10T09:10:13.061161323Z","@version":"1","message":"event=transaction_published transactionId=txn-43b85f4f-577a-4610-ba14-c3f5db3eb280 queue=RECON.IN","logger_name":"com.ntt.recon.service.ProducerService","thread_name":"scheduling-1","level":"INFO","level_value":20000,"appName":"recon-producer-app","application":"recon-producer-app"}
{"@timestamp":"2026-05-10T09:10:13.061439524Z","@version":"1","message":"Executing callback on JMS Session: Cached JMS Session: {\"ConnectionId\":\"414D5143514D31202020202020202020BC36006A00440040\",\"ObjectId\":\"com.ibm.msg.client.jakarta.wmq.internal.WMQSession@36562985\",\"Channel\":\"DEV.APP.SVRCONN\",\"Port\":\"1414\",\"ConnectionMode\":\"WMQ_CM_CLIENT\",\"Host\":\"ibm-mq.recon-platform.svc.cluster.local/10.100.195.132\",\"ResolvedQueueManager\":\"QM1\",\"QueueManager\":\"QM1\"}","logger_name":"org.springframework.jms.core.JmsTemplate","thread_name":"scheduling-1","level":"DEBUG","level_value":10000,"appName":"recon-producer-app","traceId":"04531cc559be99352d84d73492553fc3","spanId":"ed29baab7d8a8579","correlationId":"58476a7a-bee1-45ee-b174-8484580754be","application":"recon-producer-app"}
{"@timestamp":"2026-05-10T09:10:13.065657219Z","@version":"1","message":"event=transaction_published transactionId=txn-ffa17de6-181e-4038-be80-a4babebef617 queue=RECON.IN","logger_name":"com.ntt.recon.service.ProducerService","thread_name":"scheduling-1","level":"INFO","level_value":20000,"appName":"recon-producer-app","application":"recon-producer-app"}
{"@timestamp":"2026-05-10T09:10:14.051877477Z","@version":"1","message":"Executing callback on JMS Session: Cached JMS Session: {\"ConnectionId\":\"414D5143514D31202020202020202020BC36006A00440040\",\"ObjectId\":\"com.ibm.msg.client.jakarta.wmq.internal.WMQSession@36562985\",\"Channel\":\"DEV.APP.SVRCONN\",\"Port\":\"1414\",\"ConnectionMode\":\"WMQ_CM_CLIENT\",\"Host\":\"ibm-mq.recon-platform.svc.cluster.local/10.100.195.132\",\"ResolvedQueueManager\":\"QM1\",\"QueueManager\":\"QM1\"}","logger_name":"org.springframework.jms.core.JmsTemplate","thread_name":"scheduling-1","level":"DEBUG","level_value":10000,"appName":"recon-producer-app","traceId":"646bcea65a129efa61c94ac6ae42b36e","spanId":"0e9b454bacce1b9f","application":"recon-producer-app"}
{"@timestamp":"2026-05-10T09:10:14.056427231Z","@version":"1","message":"Executing callback on JMS Session: Cached JMS Session: {\"ConnectionId\":\"414D5143514D31202020202020202020BC36006A00440040\",\"ObjectId\":\"com.ibm.msg.client.jakarta.wmq.internal.WMQSession@36562985\",\"Channel\":\"DEV.APP.SVRCONN\",\"Port\":\"1414\",\"ConnectionMode\":\"WMQ_CM_CLIENT\",\"Host\":\"ibm-mq.recon-platform.svc.cluster.local/10.100.195.132\",\"ResolvedQueueManager\":\"QM1\",\"QueueManager\":\"QM1\"}","logger_name":"org.springframework.jms.core.JmsTemplate","thread_name":"scheduling-1","level":"DEBUG","level_value":10000,"appName":"recon-producer-app","traceId":"646bcea65a129efa61c94ac6ae42b36e","spanId":"0e9b454bacce1b9f","correlationId":"24a672fe-cb75-4a9b-ae96-6821cb876056","application":"recon-producer-app"}
{"@timestamp":"2026-05-10T09:10:14.060861371Z","@version":"1","message":"event=transaction_published transactionId=txn-f630e969-6f49-47ea-8fba-08ae4a193787 queue=RECON.IN","logger_name":"com.ntt.recon.service.ProducerService","thread_name":"scheduling-1","level":"INFO","level_value":20000,"appName":"recon-producer-app","application":"recon-producer-app"}
{"@timestamp":"2026-05-10T09:10:14.060982178Z","@version":"1","message":"Executing callback on JMS Session: Cached JMS Session: {\"ConnectionId\":\"414D5143514D31202020202020202020BC36006A00440040\",\"ObjectId\":\"com.ibm.msg.client.jakarta.wmq.internal.WMQSession@36562985\",\"Channel\":\"DEV.APP.SVRCONN\",\"Port\":\"1414\",\"ConnectionMode\":\"WMQ_CM_CLIENT\",\"Host\":\"ibm-mq.recon-platform.svc.cluster.local/10.100.195.132\",\"ResolvedQueueManager\":\"QM1\",\"QueueManager\":\"QM1\"}","logger_name":"org.springframework.jms.core.JmsTemplate","thread_name":"scheduling-1","level":"DEBUG","level_value":10000,"appName":"recon-producer-app","traceId":"646bcea65a129efa61c94ac6ae42b36e","spanId":"0e9b454bacce1b9f","correlationId":"6697d39d-b19c-470d-aaee-c68447b3d875","application":"recon-producer-app"}
{"@timestamp":"2026-05-10T09:10:14.065337256Z","@version":"1","message":"event=transaction_published transactionId=txn-47e7f549-51ce-4eba-b252-0e6927a4bc36 queue=RECON.IN","logger_name":"com.ntt.recon.service.ProducerService","thread_name":"scheduling-1","level":"INFO","level_value":20000,"appName":"recon-producer-app","application":"recon-producer-app"}
{"@timestamp":"2026-05-10T09:10:15.051894446Z","@version":"1","message":"Executing callback on JMS Session: Cached JMS Session: {\"ConnectionId\":\"414D5143514D31202020202020202020BC36006A00440040\",\"ObjectId\":\"com.ibm.msg.client.jakarta.wmq.internal.WMQSession@36562985\",\"Channel\":\"DEV.APP.SVRCONN\",\"Port\":\"1414\",\"ConnectionMode\":\"WMQ_CM_CLIENT\",\"Host\":\"ibm-mq.recon-platform.svc.cluster.local/10.100.195.132\",\"ResolvedQueueManager\":\"QM1\",\"QueueManager\":\"QM1\"}","logger_name":"org.springframework.jms.core.JmsTemplate","thread_name":"scheduling-1","level":"DEBUG","level_value":10000,"appName":"recon-producer-app","traceId":"e213d04d14fc527ff0ade58c8246ab7b","spanId":"ddbe44eae3f54843","application":"recon-producer-app"}
{"@timestamp":"2026-05-10T09:10:15.056372207Z","@version":"1","message":"Executing callback on JMS Session: Cached JMS Session: {\"ConnectionId\":\"414D5143514D31202020202020202020BC36006A00440040\",\"ObjectId\":\"com.ibm.msg.client.jakarta.wmq.internal.WMQSession@36562985\",\"Channel\":\"DEV.APP.SVRCONN\",\"Port\":\"1414\",\"ConnectionMode\":\"WMQ_CM_CLIENT\",\"Host\":\"ibm-mq.recon-platform.svc.cluster.local/10.100.195.132\",\"ResolvedQueueManager\":\"QM1\",\"QueueManager\":\"QM1\"}","logger_name":"org.springframework.jms.core.JmsTemplate","thread_name":"scheduling-1","level":"DEBUG","level_value":10000,"appName":"recon-producer-app","traceId":"e213d04d14fc527ff0ade58c8246ab7b","spanId":"ddbe44eae3f54843","correlationId":"5ef9ba63-a07c-4a67-901d-d943c4e3cf68","application":"recon-producer-app"}
{"@timestamp":"2026-05-10T09:10:15.05945758Z","@version":"1","message":"event=transaction_published transactionId=txn-4732f5cc-5990-4889-b599-2a0ee84fb4f8 queue=RECON.IN","logger_name":"com.ntt.recon.service.ProducerService","thread_name":"scheduling-1","level":"INFO","level_value":20000,"appName":"recon-producer-app","application":"recon-producer-app"}
{"@timestamp":"2026-05-10T09:10:15.061063034Z","@version":"1","message":"Executing callback on JMS Session: Cached JMS Session: {\"ConnectionId\":\"414D5143514D31202020202020202020BC36006A00440040\",\"ObjectId\":\"com.ibm.msg.client.jakarta.wmq.internal.WMQSession@36562985\",\"Channel\":\"DEV.APP.SVRCONN\",\"Port\":\"1414\",\"ConnectionMode\":\"WMQ_CM_CLIENT\",\"Host\":\"ibm-mq.recon-platform.svc.cluster.local/10.100.195.132\",\"ResolvedQueueManager\":\"QM1\",\"QueueManager\":\"QM1\"}","logger_name":"org.springframework.jms.core.JmsTemplate","thread_name":"scheduling-1","level":"DEBUG","level_value":10000,"appName":"recon-producer-app","traceId":"e213d04d14fc527ff0ade58c8246ab7b","spanId":"ddbe44eae3f54843","correlationId":"1fca7bb2-d5c2-479a-ad57-88b21c09c18e","application":"recon-producer-app"}
{"@timestamp":"2026-05-10T09:10:15.064949623Z","@version":"1","message":"event=transaction_published transactionId=txn-b312fa51-107e-4de9-b047-c70aee7324ef queue=RECON.IN","logger_name":"com.ntt.recon.service.ProducerService","thread_name":"scheduling-1","level":"INFO","level_value":20000,"appName":"recon-producer-app","application":"recon-producer-app"}
{"@timestamp":"2026-05-10T09:10:16.051884008Z","@version":"1","message":"Executing callback on JMS Session: Cached JMS Session: {\"ConnectionId\":\"414D5143514D31202020202020202020BC36006A00440040\",\"ObjectId\":\"com.ibm.msg.client.jakarta.wmq.internal.WMQSession@36562985\",\"Channel\":\"DEV.APP.SVRCONN\",\"Port\":\"1414\",\"ConnectionMode\":\"WMQ_CM_CLIENT\",\"Host\":\"ibm-mq.recon-platform.svc.cluster.local/10.100.195.132\",\"ResolvedQueueManager\":\"QM1\",\"QueueManager\":\"QM1\"}","logger_name":"org.springframework.jms.core.JmsTemplate","thread_name":"scheduling-1","level":"DEBUG","level_value":10000,"appName":"recon-producer-app","traceId":"6b6514f8ca47539cd877c0a69e0dd8db","spanId":"09328e77bcc4ad78","application":"recon-producer-app"}
{"@timestamp":"2026-05-10T09:10:16.056792825Z","@version":"1","message":"Executing callback on JMS Session: Cached JMS Session: {\"ConnectionId\":\"414D5143514D31202020202020202020BC36006A00440040\",\"ObjectId\":\"com.ibm.msg.client.jakarta.wmq.internal.WMQSession@36562985\",\"Channel\":\"DEV.APP.SVRCONN\",\"Port\":\"1414\",\"ConnectionMode\":\"WMQ_CM_CLIENT\",\"Host\":\"ibm-mq.recon-platform.svc.cluster.local/10.100.195.132\",\"ResolvedQueueManager\":\"QM1\",\"QueueManager\":\"QM1\"}","logger_name":"org.springframework.jms.core.JmsTemplate","thread_name":"scheduling-1","level":"DEBUG","level_value":10000,"appName":"recon-producer-app","traceId":"6b6514f8ca47539cd877c0a69e0dd8db","spanId":"09328e77bcc4ad78","correlationId":"fb4039db-f46e-48da-ba9d-04edab24c096","application":"recon-producer-app"}
{"@timestamp":"2026-05-10T09:10:16.060266776Z","@version":"1","message":"event=transaction_published transactionId=txn-03d81302-c20d-407f-a6f8-97aa67b3256f queue=RECON.IN","logger_name":"com.ntt.recon.service.ProducerService","thread_name":"scheduling-1","level":"INFO","level_value":20000,"appName":"recon-producer-app","application":"recon-producer-app"}
{"@timestamp":"2026-05-10T09:10:16.06038059Z","@version":"1","message":"Executing callback on JMS Session: Cached JMS Session: {\"ConnectionId\":\"414D5143514D31202020202020202020BC36006A00440040\",\"ObjectId\":\"com.ibm.msg.client.jakarta.wmq.internal.WMQSession@36562985\",\"Channel\":\"DEV.APP.SVRCONN\",\"Port\":\"1414\",\"ConnectionMode\":\"WMQ_CM_CLIENT\",\"Host\":\"ibm-mq.recon-platform.svc.cluster.local/10.100.195.132\",\"ResolvedQueueManager\":\"QM1\",\"QueueManager\":\"QM1\"}","logger_name":"org.springframework.jms.core.JmsTemplate","thread_name":"scheduling-1","level":"DEBUG","level_value":10000,"appName":"recon-producer-app","traceId":"6b6514f8ca47539cd877c0a69e0dd8db","spanId":"09328e77bcc4ad78","correlationId":"85c92f0a-4712-487f-8c47-0dedf687b82a","application":"recon-producer-app"}
{"@timestamp":"2026-05-10T09:10:16.06453847Z","@version":"1","message":"event=transaction_published transactionId=txn-0e3f81df-8494-4c35-bb49-7c454c84b46d queue=RECON.IN","logger_name":"com.ntt.recon.service.ProducerService","thread_name":"scheduling-1","level":"INFO","level_value":20000,"appName":"recon-producer-app","application":"recon-producer-app"}
{"@timestamp":"2026-05-10T09:10:17.051908308Z","@version":"1","message":"Executing callback on JMS Session: Cached JMS Session: {\"ConnectionId\":\"414D5143514D31202020202020202020BC36006A00440040\",\"ObjectId\":\"com.ibm.msg.client.jakarta.wmq.internal.WMQSession@36562985\",\"Channel\":\"DEV.APP.SVRCONN\",\"Port\":\"1414\",\"ConnectionMode\":\"WMQ_CM_CLIENT\",\"Host\":\"ibm-mq.recon-platform.svc.cluster.local/10.100.195.132\",\"ResolvedQueueManager\":\"QM1\",\"QueueManager\":\"QM1\"}","logger_name":"org.springframework.jms.core.JmsTemplate","thread_name":"scheduling-1","level":"DEBUG","level_value":10000,"appName":"recon-producer-app","traceId":"30d3bbac3c9171dee879c62c5932a030","spanId":"5bbdcb4f9382715e","application":"recon-producer-app"}
{"@timestamp":"2026-05-10T09:10:17.05701474Z","@version":"1","message":"Executing callback on JMS Session: Cached JMS Session: {\"ConnectionId\":\"414D5143514D31202020202020202020BC36006A00440040\",\"ObjectId\":\"com.ibm.msg.client.jakarta.wmq.internal.WMQSession@36562985\",\"Channel\":\"DEV.APP.SVRCONN\",\"Port\":\"1414\",\"ConnectionMode\":\"WMQ_CM_CLIENT\",\"Host\":\"ibm-mq.recon-platform.svc.cluster.local/10.100.195.132\",\"ResolvedQueueManager\":\"QM1\",\"QueueManager\":\"QM1\"}","logger_name":"org.springframework.jms.core.JmsTemplate","thread_name":"scheduling-1","level":"DEBUG","level_value":10000,"appName":"recon-producer-app","traceId":"30d3bbac3c9171dee879c62c5932a030","spanId":"5bbdcb4f9382715e","correlationId":"ec8a8e04-f5a5-4966-98ae-898f227b8d5a","application":"recon-producer-app"}
{"@timestamp":"2026-05-10T09:10:17.060237013Z","@version":"1","message":"event=transaction_published transactionId=txn-f6a72cd3-f410-48d8-b036-96b750af3961 queue=RECON.IN","logger_name":"com.ntt.recon.service.ProducerService","thread_name":"scheduling-1","level":"INFO","level_value":20000,"appName":"recon-producer-app","application":"recon-producer-app"}
{"@timestamp":"2026-05-10T09:10:17.06035236Z","@version":"1","message":"Executing callback on JMS Session: Cached JMS Session: {\"ConnectionId\":\"414D5143514D31202020202020202020BC36006A00440040\",\"ObjectId\":\"com.ibm.msg.client.jakarta.wmq.internal.WMQSession@36562985\",\"Channel\":\"DEV.APP.SVRCONN\",\"Port\":\"1414\",\"ConnectionMode\":\"WMQ_CM_CLIENT\",\"Host\":\"ibm-mq.recon-platform.svc.cluster.local/10.100.195.132\",\"ResolvedQueueManager\":\"QM1\",\"QueueManager\":\"QM1\"}","logger_name":"org.springframework.jms.core.JmsTemplate","thread_name":"scheduling-1","level":"DEBUG","level_value":10000,"appName":"recon-producer-app","traceId":"30d3bbac3c9171dee879c62c5932a030","spanId":"5bbdcb4f9382715e","correlationId":"fa925da1-5994-48d6-b8b3-1d1ce09da92f","application":"recon-producer-app"}
{"@timestamp":"2026-05-10T09:10:17.064522346Z","@version":"1","message":"event=transaction_published transactionId=txn-3bdd5831-7f95-4c78-83c6-c08f9fedceb5 queue=RECON.IN","logger_name":"com.ntt.recon.service.ProducerService","thread_name":"scheduling-1","level":"INFO","level_value":20000,"appName":"recon-producer-app","application":"recon-producer-app"}
{"@timestamp":"2026-05-10T09:10:18.051874821Z","@version":"1","message":"Executing callback on JMS Session: Cached JMS Session: {\"ConnectionId\":\"414D5143514D31202020202020202020BC36006A00440040\",\"ObjectId\":\"com.ibm.msg.client.jakarta.wmq.internal.WMQSession@36562985\",\"Channel\":\"DEV.APP.SVRCONN\",\"Port\":\"1414\",\"ConnectionMode\":\"WMQ_CM_CLIENT\",\"Host\":\"ibm-mq.recon-platform.svc.cluster.local/10.100.195.132\",\"ResolvedQueueManager\":\"QM1\",\"QueueManager\":\"QM1\"}","logger_name":"org.springframework.jms.core.JmsTemplate","thread_name":"scheduling-1","level":"DEBUG","level_value":10000,"appName":"recon-producer-app","traceId":"2a0827a85b5d703544d89601cc32d586","spanId":"0a7b6b7cc45fcf70","application":"recon-producer-app"}
{"@timestamp":"2026-05-10T09:10:18.056450696Z","@version":"1","message":"Executing callback on JMS Session: Cached JMS Session: {\"ConnectionId\":\"414D5143514D31202020202020202020BC36006A00440040\",\"ObjectId\":\"com.ibm.msg.client.jakarta.wmq.internal.WMQSession@36562985\",\"Channel\":\"DEV.APP.SVRCONN\",\"Port\":\"1414\",\"ConnectionMode\":\"WMQ_CM_CLIENT\",\"Host\":\"ibm-mq.recon-platform.svc.cluster.local/10.100.195.132\",\"ResolvedQueueManager\":\"QM1\",\"QueueManager\":\"QM1\"}","logger_name":"org.springframework.jms.core.JmsTemplate","thread_name":"scheduling-1","level":"DEBUG","level_value":10000,"appName":"recon-producer-app","traceId":"2a0827a85b5d703544d89601cc32d586","spanId":"0a7b6b7cc45fcf70","correlationId":"22a720a5-e6f0-40e1-9c12-b8b3a9e46be0","application":"recon-producer-app"}
{"@timestamp":"2026-05-10T09:10:18.059859141Z","@version":"1","message":"event=transaction_published transactionId=txn-1015b9ec-7f88-4ced-955d-a8401deb1dbd queue=RECON.IN","logger_name":"com.ntt.recon.service.ProducerService","thread_name":"scheduling-1","level":"INFO","level_value":20000,"appName":"recon-producer-app","application":"recon-producer-app"}
{"@timestamp":"2026-05-10T09:10:18.059978119Z","@version":"1","message":"Executing callback on JMS Session: Cached JMS Session: {\"ConnectionId\":\"414D5143514D31202020202020202020BC36006A00440040\",\"ObjectId\":\"com.ibm.msg.client.jakarta.wmq.internal.WMQSession@36562985\",\"Channel\":\"DEV.APP.SVRCONN\",\"Port\":\"1414\",\"ConnectionMode\":\"WMQ_CM_CLIENT\",\"Host\":\"ibm-mq.recon-platform.svc.cluster.local/10.100.195.132\",\"ResolvedQueueManager\":\"QM1\",\"QueueManager\":\"QM1\"}","logger_name":"org.springframework.jms.core.JmsTemplate","thread_name":"scheduling-1","level":"DEBUG","level_value":10000,"appName":"recon-producer-app","traceId":"2a0827a85b5d703544d89601cc32d586","spanId":"0a7b6b7cc45fcf70","correlationId":"a1daf0dc-2fcd-4289-8f5c-78af7ca1a4ac","application":"recon-producer-app"}
{"@timestamp":"2026-05-10T09:10:18.065129547Z","@version":"1","message":"event=transaction_published transactionId=txn-22fbae48-1499-473d-abc8-08b0811aa0a8 queue=RECON.IN","logger_name":"com.ntt.recon.service.ProducerService","thread_name":"scheduling-1","level":"INFO","level_value":20000,"appName":"recon-producer-app","application":"recon-producer-app"}
{"@timestamp":"2026-05-10T09:10:19.051858252Z","@version":"1","message":"Executing callback on JMS Session: Cached JMS Session: {\"ConnectionId\":\"414D5143514D31202020202020202020BC36006A00440040\",\"ObjectId\":\"com.ibm.msg.client.jakarta.wmq.internal.WMQSession@36562985\",\"Channel\":\"DEV.APP.SVRCONN\",\"Port\":\"1414\",\"ConnectionMode\":\"WMQ_CM_CLIENT\",\"Host\":\"ibm-mq.recon-platform.svc.cluster.local/10.100.195.132\",\"ResolvedQueueManager\":\"QM1\",\"QueueManager\":\"QM1\"}","logger_name":"org.springframework.jms.core.JmsTemplate","thread_name":"scheduling-1","level":"DEBUG","level_value":10000,"appName":"recon-producer-app","traceId":"86f01240d30498b8cbae36d6116f16d4","spanId":"0e91edc5b7ffd373","application":"recon-producer-app"}
{"@timestamp":"2026-05-10T09:10:19.05667034Z","@version":"1","message":"Executing callback on JMS Session: Cached JMS Session: {\"ConnectionId\":\"414D5143514D31202020202020202020BC36006A00440040\",\"ObjectId\":\"com.ibm.msg.client.jakarta.wmq.internal.WMQSession@36562985\",\"Channel\":\"DEV.APP.SVRCONN\",\"Port\":\"1414\",\"ConnectionMode\":\"WMQ_CM_CLIENT\",\"Host\":\"ibm-mq.recon-platform.svc.cluster.local/10.100.195.132\",\"ResolvedQueueManager\":\"QM1\",\"QueueManager\":\"QM1\"}","logger_name":"org.springframework.jms.core.JmsTemplate","thread_name":"scheduling-1","level":"DEBUG","level_value":10000,"appName":"recon-producer-app","traceId":"86f01240d30498b8cbae36d6116f16d4","spanId":"0e91edc5b7ffd373","correlationId":"cba63ce6-c8d1-4b97-a463-e4a2f2c4b99c","application":"recon-producer-app"}
{"@timestamp":"2026-05-10T09:10:19.059987036Z","@version":"1","message":"event=transaction_published transactionId=txn-90429654-ef7b-48f2-b934-9b8f353704e8 queue=RECON.IN","logger_name":"com.ntt.recon.service.ProducerService","thread_name":"scheduling-1","level":"INFO","level_value":20000,"appName":"recon-producer-app","application":"recon-producer-app"}
{"@timestamp":"2026-05-10T09:10:19.060092814Z","@version":"1","message":"Executing callback on JMS Session: Cached JMS Session: {\"ConnectionId\":\"414D5143514D31202020202020202020BC36006A00440040\",\"ObjectId\":\"com.ibm.msg.client.jakarta.wmq.internal.WMQSession@36562985\",\"Channel\":\"DEV.APP.SVRCONN\",\"Port\":\"1414\",\"ConnectionMode\":\"WMQ_CM_CLIENT\",\"Host\":\"ibm-mq.recon-platform.svc.cluster.local/10.100.195.132\",\"ResolvedQueueManager\":\"QM1\",\"QueueManager\":\"QM1\"}","logger_name":"org.springframework.jms.core.JmsTemplate","thread_name":"scheduling-1","level":"DEBUG","level_value":10000,"appName":"recon-producer-app","traceId":"86f01240d30498b8cbae36d6116f16d4","spanId":"0e91edc5b7ffd373","correlationId":"4ea3628b-5b92-4fe2-b2ab-31225bcc0ea2","application":"recon-producer-app"}
{"@timestamp":"2026-05-10T09:10:19.065053032Z","@version":"1","message":"event=transaction_published transactionId=txn-86415eb6-23dd-49f4-b3ef-fff67e664c83 queue=RECON.IN","logger_name":"com.ntt.recon.service.ProducerService","thread_name":"scheduling-1","level":"INFO","level_value":20000,"appName":"recon-producer-app","application":"recon-producer-app"}
{"@timestamp":"2026-05-10T09:10:20.051858487Z","@version":"1","message":"Executing callback on JMS Session: Cached JMS Session: {\"ConnectionId\":\"414D5143514D31202020202020202020BC36006A00440040\",\"ObjectId\":\"com.ibm.msg.client.jakarta.wmq.internal.WMQSession@36562985\",\"Channel\":\"DEV.APP.SVRCONN\",\"Port\":\"1414\",\"ConnectionMode\":\"WMQ_CM_CLIENT\",\"Host\":\"ibm-mq.recon-platform.svc.cluster.local/10.100.195.132\",\"ResolvedQueueManager\":\"QM1\",\"QueueManager\":\"QM1\"}","logger_name":"org.springframework.jms.core.JmsTemplate","thread_name":"scheduling-1","level":"DEBUG","level_value":10000,"appName":"recon-producer-app","traceId":"a9e66eb5f2a0ce2477a59713633afcd4","spanId":"49bcea2854415702","application":"recon-producer-app"}
{"@timestamp":"2026-05-10T09:10:20.05649229Z","@version":"1","message":"Executing callback on JMS Session: Cached JMS Session: {\"ConnectionId\":\"414D5143514D31202020202020202020BC36006A00440040\",\"ObjectId\":\"com.ibm.msg.client.jakarta.wmq.internal.WMQSession@36562985\",\"Channel\":\"DEV.APP.SVRCONN\",\"Port\":\"1414\",\"ConnectionMode\":\"WMQ_CM_CLIENT\",\"Host\":\"ibm-mq.recon-platform.svc.cluster.local/10.100.195.132\",\"ResolvedQueueManager\":\"QM1\",\"QueueManager\":\"QM1\"}","logger_name":"org.springframework.jms.core.JmsTemplate","thread_name":"scheduling-1","level":"DEBUG","level_value":10000,"appName":"recon-producer-app","traceId":"a9e66eb5f2a0ce2477a59713633afcd4","spanId":"49bcea2854415702","correlationId":"6a3348f7-ec8f-4121-b4ef-b7f9176972db","application":"recon-producer-app"}
{"@timestamp":"2026-05-10T09:10:20.059764209Z","@version":"1","message":"event=transaction_published transactionId=txn-e83bc13b-9d35-4ce1-b861-c746497356bf queue=RECON.IN","logger_name":"com.ntt.recon.service.ProducerService","thread_name":"scheduling-1","level":"INFO","level_value":20000,"appName":"recon-producer-app","application":"recon-producer-app"}
{"@timestamp":"2026-05-10T09:10:20.059877996Z","@version":"1","message":"Executing callback on JMS Session: Cached JMS Session: {\"ConnectionId\":\"414D5143514D31202020202020202020BC36006A00440040\",\"ObjectId\":\"com.ibm.msg.client.jakarta.wmq.internal.WMQSession@36562985\",\"Channel\":\"DEV.APP.SVRCONN\",\"Port\":\"1414\",\"ConnectionMode\":\"WMQ_CM_CLIENT\",\"Host\":\"ibm-mq.recon-platform.svc.cluster.local/10.100.195.132\",\"ResolvedQueueManager\":\"QM1\",\"QueueManager\":\"QM1\"}","logger_name":"org.springframework.jms.core.JmsTemplate","thread_name":"scheduling-1","level":"DEBUG","level_value":10000,"appName":"recon-producer-app","traceId":"a9e66eb5f2a0ce2477a59713633afcd4","spanId":"49bcea2854415702","correlationId":"d7aa61dc-59d1-4ac4-be4f-1cdfc863a292","application":"recon-producer-app"}
{"@timestamp":"2026-05-10T09:10:20.065113922Z","@version":"1","message":"event=transaction_published transactionId=txn-456a59d1-930a-4e42-a47a-4748cdc1d740 queue=RECON.IN","logger_name":"com.ntt.recon.service.ProducerService","thread_name":"scheduling-1","level":"INFO","level_value":20000,"appName":"recon-producer-app","application":"recon-producer-app"}
{"@timestamp":"2026-05-10T09:10:21.051883832Z","@version":"1","message":"Executing callback on JMS Session: Cached JMS Session: {\"ConnectionId\":\"414D5143514D31202020202020202020BC36006A00440040\",\"ObjectId\":\"com.ibm.msg.client.jakarta.wmq.internal.WMQSession@36562985\",\"Channel\":\"DEV.APP.SVRCONN\",\"Port\":\"1414\",\"ConnectionMode\":\"WMQ_CM_CLIENT\",\"Host\":\"ibm-mq.recon-platform.svc.cluster.local/10.100.195.132\",\"ResolvedQueueManager\":\"QM1\",\"QueueManager\":\"QM1\"}","logger_name":"org.springframework.jms.core.JmsTemplate","thread_name":"scheduling-1","level":"DEBUG","level_value":10000,"appName":"recon-producer-app","traceId":"087c14cac3e67c1015449481aaff4aa4","spanId":"708c18be91166bd2","application":"recon-producer-app"}
{"@timestamp":"2026-05-10T09:10:21.056369177Z","@version":"1","message":"Executing callback on JMS Session: Cached JMS Session: {\"ConnectionId\":\"414D5143514D31202020202020202020BC36006A00440040\",\"ObjectId\":\"com.ibm.msg.client.jakarta.wmq.internal.WMQSession@36562985\",\"Channel\":\"DEV.APP.SVRCONN\",\"Port\":\"1414\",\"ConnectionMode\":\"WMQ_CM_CLIENT\",\"Host\":\"ibm-mq.recon-platform.svc.cluster.local/10.100.195.132\",\"ResolvedQueueManager\":\"QM1\",\"QueueManager\":\"QM1\"}","logger_name":"org.springframework.jms.core.JmsTemplate","thread_name":"scheduling-1","level":"DEBUG","level_value":10000,"appName":"recon-producer-app","traceId":"087c14cac3e67c1015449481aaff4aa4","spanId":"708c18be91166bd2","correlationId":"973397a9-4149-4151-bee8-8be5c7fcf310","application":"recon-producer-app"}
{"@timestamp":"2026-05-10T09:10:21.059809677Z","@version":"1","message":"event=transaction_published transactionId=txn-f50477e5-41d8-4af5-9095-1d91c885811d queue=RECON.IN","logger_name":"com.ntt.recon.service.ProducerService","thread_name":"scheduling-1","level":"INFO","level_value":20000,"appName":"recon-producer-app","application":"recon-producer-app"}
{"@timestamp":"2026-05-10T09:10:21.059947947Z","@version":"1","message":"Executing callback on JMS Session: Cached JMS Session: {\"ConnectionId\":\"414D5143514D31202020202020202020BC36006A00440040\",\"ObjectId\":\"com.ibm.msg.client.jakarta.wmq.internal.WMQSession@36562985\",\"Channel\":\"DEV.APP.SVRCONN\",\"Port\":\"1414\",\"ConnectionMode\":\"WMQ_CM_CLIENT\",\"Host\":\"ibm-mq.recon-platform.svc.cluster.local/10.100.195.132\",\"ResolvedQueueManager\":\"QM1\",\"QueueManager\":\"QM1\"}","logger_name":"org.springframework.jms.core.JmsTemplate","thread_name":"scheduling-1","level":"DEBUG","level_value":10000,"appName":"recon-producer-app","traceId":"087c14cac3e67c1015449481aaff4aa4","spanId":"708c18be91166bd2","correlationId":"7da0b52e-d23d-45ff-bb08-c075b9d1b237","application":"recon-producer-app"}
{"@timestamp":"2026-05-10T09:10:21.065695153Z","@version":"1","message":"event=transaction_published transactionId=txn-d858f980-91f9-45de-8512-05ee0aed1d41 queue=RECON.IN","logger_name":"com.ntt.recon.service.ProducerService","thread_name":"scheduling-1","level":"INFO","level_value":20000,"appName":"recon-producer-app","application":"recon-producer-app"}
{"@timestamp":"2026-05-10T09:10:22.051911038Z","@version":"1","message":"Executing callback on JMS Session: Cached JMS Session: {\"ConnectionId\":\"414D5143514D31202020202020202020BC36006A00440040\",\"ObjectId\":\"com.ibm.msg.client.jakarta.wmq.internal.WMQSession@36562985\",\"Channel\":\"DEV.APP.SVRCONN\",\"Port\":\"1414\",\"ConnectionMode\":\"WMQ_CM_CLIENT\",\"Host\":\"ibm-mq.recon-platform.svc.cluster.local/10.100.195.132\",\"ResolvedQueueManager\":\"QM1\",\"QueueManager\":\"QM1\"}","logger_name":"org.springframework.jms.core.JmsTemplate","thread_name":"scheduling-1","level":"DEBUG","level_value":10000,"appName":"recon-producer-app","traceId":"e92f815ace906b01bcfa8174f14a3599","spanId":"cd36395ec6b06bb6","application":"recon-producer-app"}
{"@timestamp":"2026-05-10T09:10:22.056709422Z","@version":"1","message":"Executing callback on JMS Session: Cached JMS Session: {\"ConnectionId\":\"414D5143514D31202020202020202020BC36006A00440040\",\"ObjectId\":\"com.ibm.msg.client.jakarta.wmq.internal.WMQSession@36562985\",\"Channel\":\"DEV.APP.SVRCONN\",\"Port\":\"1414\",\"ConnectionMode\":\"WMQ_CM_CLIENT\",\"Host\":\"ibm-mq.recon-platform.svc.cluster.local/10.100.195.132\",\"ResolvedQueueManager\":\"QM1\",\"QueueManager\":\"QM1\"}","logger_name":"org.springframework.jms.core.JmsTemplate","thread_name":"scheduling-1","level":"DEBUG","level_value":10000,"appName":"recon-producer-app","traceId":"e92f815ace906b01bcfa8174f14a3599","spanId":"cd36395ec6b06bb6","correlationId":"92bc5c2c-b331-4d6f-a6fd-383c699e9e15","application":"recon-producer-app"}
{"@timestamp":"2026-05-10T09:10:22.061045822Z","@version":"1","message":"event=transaction_published transactionId=txn-6b7434e0-53b0-466a-a241-598e9840c758 queue=RECON.IN","logger_name":"com.ntt.recon.service.ProducerService","thread_name":"scheduling-1","level":"INFO","level_value":20000,"appName":"recon-producer-app","application":"recon-producer-app"}
{"@timestamp":"2026-05-10T09:10:22.061135328Z","@version":"1","message":"Executing callback on JMS Session: Cached JMS Session: {\"ConnectionId\":\"414D5143514D31202020202020202020BC36006A00440040\",\"ObjectId\":\"com.ibm.msg.client.jakarta.wmq.internal.WMQSession@36562985\",\"Channel\":\"DEV.APP.SVRCONN\",\"Port\":\"1414\",\"ConnectionMode\":\"WMQ_CM_CLIENT\",\"Host\":\"ibm-mq.recon-platform.svc.cluster.local/10.100.195.132\",\"ResolvedQueueManager\":\"QM1\",\"QueueManager\":\"QM1\"}","logger_name":"org.springframework.jms.core.JmsTemplate","thread_name":"scheduling-1","level":"DEBUG","level_value":10000,"appName":"recon-producer-app","traceId":"e92f815ace906b01bcfa8174f14a3599","spanId":"cd36395ec6b06bb6","correlationId":"1d8c981a-8520-46b2-9fab-9c3d2d0fa5fe","application":"recon-producer-app"}
{"@timestamp":"2026-05-10T09:10:22.064366546Z","@version":"1","message":"event=transaction_published transactionId=txn-4fe1d8e2-35f0-4103-864e-a830ba6257e9 queue=RECON.IN","logger_name":"com.ntt.recon.service.ProducerService","thread_name":"scheduling-1","level":"INFO","level_value":20000,"appName":"recon-producer-app","application":"recon-producer-app"}
{"@timestamp":"2026-05-10T09:10:23.051875456Z","@version":"1","message":"Executing callback on JMS Session: Cached JMS Session: {\"ConnectionId\":\"414D5143514D31202020202020202020BC36006A00440040\",\"ObjectId\":\"com.ibm.msg.client.jakarta.wmq.internal.WMQSession@36562985\",\"Channel\":\"DEV.APP.SVRCONN\",\"Port\":\"1414\",\"ConnectionMode\":\"WMQ_CM_CLIENT\",\"Host\":\"ibm-mq.recon-platform.svc.cluster.local/10.100.195.132\",\"ResolvedQueueManager\":\"QM1\",\"QueueManager\":\"QM1\"}","logger_name":"org.springframework.jms.core.JmsTemplate","thread_name":"scheduling-1","level":"DEBUG","level_value":10000,"appName":"recon-producer-app","traceId":"7fff8e943572920e7a2bdf477cb2af22","spanId":"481a38872d83bb85","application":"recon-producer-app"}
{"@timestamp":"2026-05-10T09:10:23.056175907Z","@version":"1","message":"Executing callback on JMS Session: Cached JMS Session: {\"ConnectionId\":\"414D5143514D31202020202020202020BC36006A00440040\",\"ObjectId\":\"com.ibm.msg.client.jakarta.wmq.internal.WMQSession@36562985\",\"Channel\":\"DEV.APP.SVRCONN\",\"Port\":\"1414\",\"ConnectionMode\":\"WMQ_CM_CLIENT\",\"Host\":\"ibm-mq.recon-platform.svc.cluster.local/10.100.195.132\",\"ResolvedQueueManager\":\"QM1\",\"QueueManager\":\"QM1\"}","logger_name":"org.springframework.jms.core.JmsTemplate","thread_name":"scheduling-1","level":"DEBUG","level_value":10000,"appName":"recon-producer-app","traceId":"7fff8e943572920e7a2bdf477cb2af22","spanId":"481a38872d83bb85","correlationId":"e31b62e5-de0a-482f-96ee-655f9babc96a","application":"recon-producer-app"}
{"@timestamp":"2026-05-10T09:10:23.060489223Z","@version":"1","message":"event=transaction_published transactionId=txn-ede9fd35-30d4-4376-8cc8-73a6154312dd queue=RECON.IN","logger_name":"com.ntt.recon.service.ProducerService","thread_name":"scheduling-1","level":"INFO","level_value":20000,"appName":"recon-producer-app","application":"recon-producer-app"}
{"@timestamp":"2026-05-10T09:10:23.061028418Z","@version":"1","message":"Executing callback on JMS Session: Cached JMS Session: {\"ConnectionId\":\"414D5143514D31202020202020202020BC36006A00440040\",\"ObjectId\":\"com.ibm.msg.client.jakarta.wmq.internal.WMQSession@36562985\",\"Channel\":\"DEV.APP.SVRCONN\",\"Port\":\"1414\",\"ConnectionMode\":\"WMQ_CM_CLIENT\",\"Host\":\"ibm-mq.recon-platform.svc.cluster.local/10.100.195.132\",\"ResolvedQueueManager\":\"QM1\",\"QueueManager\":\"QM1\"}","logger_name":"org.springframework.jms.core.JmsTemplate","thread_name":"scheduling-1","level":"DEBUG","level_value":10000,"appName":"recon-producer-app","traceId":"7fff8e943572920e7a2bdf477cb2af22","spanId":"481a38872d83bb85","correlationId":"7746afe9-bd3e-48ae-bf54-4cd35c634ff8","application":"recon-producer-app"}
{"@timestamp":"2026-05-10T09:10:23.064867899Z","@version":"1","message":"event=transaction_published transactionId=txn-749d909a-4fe4-4d17-88e2-3e2a9d299293 queue=RECON.IN","logger_name":"com.ntt.recon.service.ProducerService","thread_name":"scheduling-1","level":"INFO","level_value":20000,"appName":"recon-producer-app","application":"recon-producer-app"}
{"@timestamp":"2026-05-10T09:10:24.051889032Z","@version":"1","message":"Executing callback on JMS Session: Cached JMS Session: {\"ConnectionId\":\"414D5143514D31202020202020202020BC36006A00440040\",\"ObjectId\":\"com.ibm.msg.client.jakarta.wmq.internal.WMQSession@36562985\",\"Channel\":\"DEV.APP.SVRCONN\",\"Port\":\"1414\",\"ConnectionMode\":\"WMQ_CM_CLIENT\",\"Host\":\"ibm-mq.recon-platform.svc.cluster.local/10.100.195.132\",\"ResolvedQueueManager\":\"QM1\",\"QueueManager\":\"QM1\"}","logger_name":"org.springframework.jms.core.JmsTemplate","thread_name":"scheduling-1","level":"DEBUG","level_value":10000,"appName":"recon-producer-app","traceId":"67eee3f08d201122969522053c861984","spanId":"1013c2e45162ad0f","application":"recon-producer-app"}
{"@timestamp":"2026-05-10T09:10:24.056571278Z","@version":"1","message":"Executing callback on JMS Session: Cached JMS Session: {\"ConnectionId\":\"414D5143514D31202020202020202020BC36006A00440040\",\"ObjectId\":\"com.ibm.msg.client.jakarta.wmq.internal.WMQSession@36562985\",\"Channel\":\"DEV.APP.SVRCONN\",\"Port\":\"1414\",\"ConnectionMode\":\"WMQ_CM_CLIENT\",\"Host\":\"ibm-mq.recon-platform.svc.cluster.local/10.100.195.132\",\"ResolvedQueueManager\":\"QM1\",\"QueueManager\":\"QM1\"}","logger_name":"org.springframework.jms.core.JmsTemplate","thread_name":"scheduling-1","level":"DEBUG","level_value":10000,"appName":"recon-producer-app","traceId":"67eee3f08d201122969522053c861984","spanId":"1013c2e45162ad0f","correlationId":"d16cd79f-20bd-4d77-b399-1325f37fa712","application":"recon-producer-app"}
{"@timestamp":"2026-05-10T09:10:24.061128908Z","@version":"1","message":"event=transaction_published transactionId=txn-30e253f1-175e-4b58-bc9d-8656defad433 queue=RECON.IN","logger_name":"com.ntt.recon.service.ProducerService","thread_name":"scheduling-1","level":"INFO","level_value":20000,"appName":"recon-producer-app","application":"recon-producer-app"}
{"@timestamp":"2026-05-10T09:10:24.061512041Z","@version":"1","message":"Executing callback on JMS Session: Cached JMS Session: {\"ConnectionId\":\"414D5143514D31202020202020202020BC36006A00440040\",\"ObjectId\":\"com.ibm.msg.client.jakarta.wmq.internal.WMQSession@36562985\",\"Channel\":\"DEV.APP.SVRCONN\",\"Port\":\"1414\",\"ConnectionMode\":\"WMQ_CM_CLIENT\",\"Host\":\"ibm-mq.recon-platform.svc.cluster.local/10.100.195.132\",\"ResolvedQueueManager\":\"QM1\",\"QueueManager\":\"QM1\"}","logger_name":"org.springframework.jms.core.JmsTemplate","thread_name":"scheduling-1","level":"DEBUG","level_value":10000,"appName":"recon-producer-app","traceId":"67eee3f08d201122969522053c861984","spanId":"1013c2e45162ad0f","correlationId":"9f040121-d8e5-4886-961c-637695b3da01","application":"recon-producer-app"}
{"@timestamp":"2026-05-10T09:10:24.064704385Z","@version":"1","message":"event=transaction_published transactionId=txn-ada50959-cfa9-42c3-a27a-66174b8b4c23 queue=RECON.IN","logger_name":"com.ntt.recon.service.ProducerService","thread_name":"scheduling-1","level":"INFO","level_value":20000,"appName":"recon-producer-app","application":"recon-producer-app"}
{"@timestamp":"2026-05-10T09:10:25.051893043Z","@version":"1","message":"Executing callback on JMS Session: Cached JMS Session: {\"ConnectionId\":\"414D5143514D31202020202020202020BC36006A00440040\",\"ObjectId\":\"com.ibm.msg.client.jakarta.wmq.internal.WMQSession@36562985\",\"Channel\":\"DEV.APP.SVRCONN\",\"Port\":\"1414\",\"ConnectionMode\":\"WMQ_CM_CLIENT\",\"Host\":\"ibm-mq.recon-platform.svc.cluster.local/10.100.195.132\",\"ResolvedQueueManager\":\"QM1\",\"QueueManager\":\"QM1\"}","logger_name":"org.springframework.jms.core.JmsTemplate","thread_name":"scheduling-1","level":"DEBUG","level_value":10000,"appName":"recon-producer-app","traceId":"2c4ea06df413fd91575bd73d7956bfe9","spanId":"b6f1ba8f52d1175e","application":"recon-producer-app"}
{"@timestamp":"2026-05-10T09:10:25.057165093Z","@version":"1","message":"Executing callback on JMS Session: Cached JMS Session: {\"ConnectionId\":\"414D5143514D31202020202020202020BC36006A00440040\",\"ObjectId\":\"com.ibm.msg.client.jakarta.wmq.internal.WMQSession@36562985\",\"Channel\":\"DEV.APP.SVRCONN\",\"Port\":\"1414\",\"ConnectionMode\":\"WMQ_CM_CLIENT\",\"Host\":\"ibm-mq.recon-platform.svc.cluster.local/10.100.195.132\",\"ResolvedQueueManager\":\"QM1\",\"QueueManager\":\"QM1\"}","logger_name":"org.springframework.jms.core.JmsTemplate","thread_name":"scheduling-1","level":"DEBUG","level_value":10000,"appName":"recon-producer-app","traceId":"2c4ea06df413fd91575bd73d7956bfe9","spanId":"b6f1ba8f52d1175e","correlationId":"50f2c6c4-ba21-4d5e-a065-abcbc5ea89f3","application":"recon-producer-app"}
{"@timestamp":"2026-05-10T09:10:25.061662374Z","@version":"1","message":"event=transaction_published transactionId=txn-17b26ee3-9949-41c5-8c6e-b19b66b03ca6 queue=RECON.IN","logger_name":"com.ntt.recon.service.ProducerService","thread_name":"scheduling-1","level":"INFO","level_value":20000,"appName":"recon-producer-app","application":"recon-producer-app"}
{"@timestamp":"2026-05-10T09:10:25.061888171Z","@version":"1","message":"Executing callback on JMS Session: Cached JMS Session: {\"ConnectionId\":\"414D5143514D31202020202020202020BC36006A00440040\",\"ObjectId\":\"com.ibm.msg.client.jakarta.wmq.internal.WMQSession@36562985\",\"Channel\":\"DEV.APP.SVRCONN\",\"Port\":\"1414\",\"ConnectionMode\":\"WMQ_CM_CLIENT\",\"Host\":\"ibm-mq.recon-platform.svc.cluster.local/10.100.195.132\",\"ResolvedQueueManager\":\"QM1\",\"QueueManager\":\"QM1\"}","logger_name":"org.springframework.jms.core.JmsTemplate","thread_name":"scheduling-1","level":"DEBUG","level_value":10000,"appName":"recon-producer-app","traceId":"2c4ea06df413fd91575bd73d7956bfe9","spanId":"b6f1ba8f52d1175e","correlationId":"60a7674c-1092-498d-8eb6-2ca91f40db84","application":"recon-producer-app"}
{"@timestamp":"2026-05-10T09:10:25.066925028Z","@version":"1","message":"event=transaction_published transactionId=txn-d8d04414-0338-471c-b010-b3f230cecca0 queue=RECON.IN","logger_name":"com.ntt.recon.service.ProducerService","thread_name":"scheduling-1","level":"INFO","level_value":20000,"appName":"recon-producer-app","application":"recon-producer-app"}
{"@timestamp":"2026-05-10T09:10:26.051862542Z","@version":"1","message":"Executing callback on JMS Session: Cached JMS Session: {\"ConnectionId\":\"414D5143514D31202020202020202020BC36006A00440040\",\"ObjectId\":\"com.ibm.msg.client.jakarta.wmq.internal.WMQSession@36562985\",\"Channel\":\"DEV.APP.SVRCONN\",\"Port\":\"1414\",\"ConnectionMode\":\"WMQ_CM_CLIENT\",\"Host\":\"ibm-mq.recon-platform.svc.cluster.local/10.100.195.132\",\"ResolvedQueueManager\":\"QM1\",\"QueueManager\":\"QM1\"}","logger_name":"org.springframework.jms.core.JmsTemplate","thread_name":"scheduling-1","level":"DEBUG","level_value":10000,"appName":"recon-producer-app","traceId":"e26b59e2e0eb052cac6e5a40ef99a128","spanId":"0e9841e981878eeb","application":"recon-producer-app"}
{"@timestamp":"2026-05-10T09:10:26.056976941Z","@version":"1","message":"Executing callback on JMS Session: Cached JMS Session: {\"ConnectionId\":\"414D5143514D31202020202020202020BC36006A00440040\",\"ObjectId\":\"com.ibm.msg.client.jakarta.wmq.internal.WMQSession@36562985\",\"Channel\":\"DEV.APP.SVRCONN\",\"Port\":\"1414\",\"ConnectionMode\":\"WMQ_CM_CLIENT\",\"Host\":\"ibm-mq.recon-platform.svc.cluster.local/10.100.195.132\",\"ResolvedQueueManager\":\"QM1\",\"QueueManager\":\"QM1\"}","logger_name":"org.springframework.jms.core.JmsTemplate","thread_name":"scheduling-1","level":"DEBUG","level_value":10000,"appName":"recon-producer-app","traceId":"e26b59e2e0eb052cac6e5a40ef99a128","spanId":"0e9841e981878eeb","correlationId":"4567ebfe-1bfd-4797-9382-233a1c229b58","application":"recon-producer-app"}
{"@timestamp":"2026-05-10T09:10:26.061162051Z","@version":"1","message":"event=transaction_published transactionId=txn-e3da24c8-6ca0-489e-be0c-133d16519fff queue=RECON.IN","logger_name":"com.ntt.recon.service.ProducerService","thread_name":"scheduling-1","level":"INFO","level_value":20000,"appName":"recon-producer-app","application":"recon-producer-app"}
{"@timestamp":"2026-05-10T09:10:26.061369631Z","@version":"1","message":"Executing callback on JMS Session: Cached JMS Session: {\"ConnectionId\":\"414D5143514D31202020202020202020BC36006A00440040\",\"ObjectId\":\"com.ibm.msg.client.jakarta.wmq.internal.WMQSession@36562985\",\"Channel\":\"DEV.APP.SVRCONN\",\"Port\":\"1414\",\"ConnectionMode\":\"WMQ_CM_CLIENT\",\"Host\":\"ibm-mq.recon-platform.svc.cluster.local/10.100.195.132\",\"ResolvedQueueManager\":\"QM1\",\"QueueManager\":\"QM1\"}","logger_name":"org.springframework.jms.core.JmsTemplate","thread_name":"scheduling-1","level":"DEBUG","level_value":10000,"appName":"recon-producer-app","traceId":"e26b59e2e0eb052cac6e5a40ef99a128","spanId":"0e9841e981878eeb","correlationId":"32a29ea7-1af5-4ff8-b48c-e9500f1eb3d5","application":"recon-producer-app"}
{"@timestamp":"2026-05-10T09:10:26.064461118Z","@version":"1","message":"event=transaction_published transactionId=txn-df94b659-e092-4f3b-806b-8f7641216ade queue=RECON.IN","logger_name":"com.ntt.recon.service.ProducerService","thread_name":"scheduling-1","level":"INFO","level_value":20000,"appName":"recon-producer-app","application":"recon-producer-app"}
{"@timestamp":"2026-05-10T09:10:27.051928629Z","@version":"1","message":"Executing callback on JMS Session: Cached JMS Session: {\"ConnectionId\":\"414D5143514D31202020202020202020BC36006A00440040\",\"ObjectId\":\"com.ibm.msg.client.jakarta.wmq.internal.WMQSession@36562985\",\"Channel\":\"DEV.APP.SVRCONN\",\"Port\":\"1414\",\"ConnectionMode\":\"WMQ_CM_CLIENT\",\"Host\":\"ibm-mq.recon-platform.svc.cluster.local/10.100.195.132\",\"ResolvedQueueManager\":\"QM1\",\"QueueManager\":\"QM1\"}","logger_name":"org.springframework.jms.core.JmsTemplate","thread_name":"scheduling-1","level":"DEBUG","level_value":10000,"appName":"recon-producer-app","traceId":"0a817a0abb8769253148c3a7a8d3ecf3","spanId":"9f20d960cea1790c","application":"recon-producer-app"}
{"@timestamp":"2026-05-10T09:10:27.056377554Z","@version":"1","message":"Executing callback on JMS Session: Cached JMS Session: {\"ConnectionId\":\"414D5143514D31202020202020202020BC36006A00440040\",\"ObjectId\":\"com.ibm.msg.client.jakarta.wmq.internal.WMQSession@36562985\",\"Channel\":\"DEV.APP.SVRCONN\",\"Port\":\"1414\",\"ConnectionMode\":\"WMQ_CM_CLIENT\",\"Host\":\"ibm-mq.recon-platform.svc.cluster.local/10.100.195.132\",\"ResolvedQueueManager\":\"QM1\",\"QueueManager\":\"QM1\"}","logger_name":"org.springframework.jms.core.JmsTemplate","thread_name":"scheduling-1","level":"DEBUG","level_value":10000,"appName":"recon-producer-app","traceId":"0a817a0abb8769253148c3a7a8d3ecf3","spanId":"9f20d960cea1790c","correlationId":"2473c29a-cd9f-435a-bcab-8749e20df2d1","application":"recon-producer-app"}
{"@timestamp":"2026-05-10T09:10:27.060596316Z","@version":"1","message":"event=transaction_published transactionId=txn-076575ae-24ed-4465-9b2e-5846616d3d0b queue=RECON.IN","logger_name":"com.ntt.recon.service.ProducerService","thread_name":"scheduling-1","level":"INFO","level_value":20000,"appName":"recon-producer-app","application":"recon-producer-app"}
{"@timestamp":"2026-05-10T09:10:27.060716363Z","@version":"1","message":"Executing callback on JMS Session: Cached JMS Session: {\"ConnectionId\":\"414D5143514D31202020202020202020BC36006A00440040\",\"ObjectId\":\"com.ibm.msg.client.jakarta.wmq.internal.WMQSession@36562985\",\"Channel\":\"DEV.APP.SVRCONN\",\"Port\":\"1414\",\"ConnectionMode\":\"WMQ_CM_CLIENT\",\"Host\":\"ibm-mq.recon-platform.svc.cluster.local/10.100.195.132\",\"ResolvedQueueManager\":\"QM1\",\"QueueManager\":\"QM1\"}","logger_name":"org.springframework.jms.core.JmsTemplate","thread_name":"scheduling-1","level":"DEBUG","level_value":10000,"appName":"recon-producer-app","traceId":"0a817a0abb8769253148c3a7a8d3ecf3","spanId":"9f20d960cea1790c","correlationId":"9e25bd19-fdb9-4094-9ffa-7dc5c0bf835e","application":"recon-producer-app"}
{"@timestamp":"2026-05-10T09:10:27.065561037Z","@version":"1","message":"event=transaction_published transactionId=txn-ccc02797-79dc-48b5-b053-0891c062a552 queue=RECON.IN","logger_name":"com.ntt.recon.service.ProducerService","thread_name":"scheduling-1","level":"INFO","level_value":20000,"appName":"recon-producer-app","application":"recon-producer-app"}
{"@timestamp":"2026-05-10T09:10:28.051873245Z","@version":"1","message":"Executing callback on JMS Session: Cached JMS Session: {\"ConnectionId\":\"414D5143514D31202020202020202020BC36006A00440040\",\"ObjectId\":\"com.ibm.msg.client.jakarta.wmq.internal.WMQSession@36562985\",\"Channel\":\"DEV.APP.SVRCONN\",\"Port\":\"1414\",\"ConnectionMode\":\"WMQ_CM_CLIENT\",\"Host\":\"ibm-mq.recon-platform.svc.cluster.local/10.100.195.132\",\"ResolvedQueueManager\":\"QM1\",\"QueueManager\":\"QM1\"}","logger_name":"org.springframework.jms.core.JmsTemplate","thread_name":"scheduling-1","level":"DEBUG","level_value":10000,"appName":"recon-producer-app","traceId":"9d6fa8517e5113a56699042a2072ee40","spanId":"058f2e93ebdf8e09","application":"recon-producer-app"}
{"@timestamp":"2026-05-10T09:10:28.056481519Z","@version":"1","message":"Executing callback on JMS Session: Cached JMS Session: {\"ConnectionId\":\"414D5143514D31202020202020202020BC36006A00440040\",\"ObjectId\":\"com.ibm.msg.client.jakarta.wmq.internal.WMQSession@36562985\",\"Channel\":\"DEV.APP.SVRCONN\",\"Port\":\"1414\",\"ConnectionMode\":\"WMQ_CM_CLIENT\",\"Host\":\"ibm-mq.recon-platform.svc.cluster.local/10.100.195.132\",\"ResolvedQueueManager\":\"QM1\",\"QueueManager\":\"QM1\"}","logger_name":"org.springframework.jms.core.JmsTemplate","thread_name":"scheduling-1","level":"DEBUG","level_value":10000,"appName":"recon-producer-app","traceId":"9d6fa8517e5113a56699042a2072ee40","spanId":"058f2e93ebdf8e09","correlationId":"995f21ab-79c6-4544-b213-308ac0ffdfb8","application":"recon-producer-app"}
{"@timestamp":"2026-05-10T09:10:28.060411077Z","@version":"1","message":"event=transaction_published transactionId=txn-10899a72-5d45-4d4f-9e45-cd65ad18bea0 queue=RECON.IN","logger_name":"com.ntt.recon.service.ProducerService","thread_name":"scheduling-1","level":"INFO","level_value":20000,"appName":"recon-producer-app","application":"recon-producer-app"}
{"@timestamp":"2026-05-10T09:10:28.062091244Z","@version":"1","message":"Executing callback on JMS Session: Cached JMS Session: {\"ConnectionId\":\"414D5143514D31202020202020202020BC36006A00440040\",\"ObjectId\":\"com.ibm.msg.client.jakarta.wmq.internal.WMQSession@36562985\",\"Channel\":\"DEV.APP.SVRCONN\",\"Port\":\"1414\",\"ConnectionMode\":\"WMQ_CM_CLIENT\",\"Host\":\"ibm-mq.recon-platform.svc.cluster.local/10.100.195.132\",\"ResolvedQueueManager\":\"QM1\",\"QueueManager\":\"QM1\"}","logger_name":"org.springframework.jms.core.JmsTemplate","thread_name":"scheduling-1","level":"DEBUG","level_value":10000,"appName":"recon-producer-app","traceId":"9d6fa8517e5113a56699042a2072ee40","spanId":"058f2e93ebdf8e09","correlationId":"aaf58314-ef3d-490f-9c6a-ce79715c81e9","application":"recon-producer-app"}
{"@timestamp":"2026-05-10T09:10:28.066114069Z","@version":"1","message":"event=transaction_published transactionId=txn-0b518672-7027-4e2c-bf84-6c662c253ae4 queue=RECON.IN","logger_name":"com.ntt.recon.service.ProducerService","thread_name":"scheduling-1","level":"INFO","level_value":20000,"appName":"recon-producer-app","application":"recon-producer-app"}
{"@timestamp":"2026-05-10T09:10:29.051891453Z","@version":"1","message":"Executing callback on JMS Session: Cached JMS Session: {\"ConnectionId\":\"414D5143514D31202020202020202020BC36006A00440040\",\"ObjectId\":\"com.ibm.msg.client.jakarta.wmq.internal.WMQSession@36562985\",\"Channel\":\"DEV.APP.SVRCONN\",\"Port\":\"1414\",\"ConnectionMode\":\"WMQ_CM_CLIENT\",\"Host\":\"ibm-mq.recon-platform.svc.cluster.local/10.100.195.132\",\"ResolvedQueueManager\":\"QM1\",\"QueueManager\":\"QM1\"}","logger_name":"org.springframework.jms.core.JmsTemplate","thread_name":"scheduling-1","level":"DEBUG","level_value":10000,"appName":"recon-producer-app","traceId":"337666186403e7de1d1c17371060eecb","spanId":"38fcc4aaae60f2c8","application":"recon-producer-app"}
{"@timestamp":"2026-05-10T09:10:29.056564483Z","@version":"1","message":"Executing callback on JMS Session: Cached JMS Session: {\"ConnectionId\":\"414D5143514D31202020202020202020BC36006A00440040\",\"ObjectId\":\"com.ibm.msg.client.jakarta.wmq.internal.WMQSession@36562985\",\"Channel\":\"DEV.APP.SVRCONN\",\"Port\":\"1414\",\"ConnectionMode\":\"WMQ_CM_CLIENT\",\"Host\":\"ibm-mq.recon-platform.svc.cluster.local/10.100.195.132\",\"ResolvedQueueManager\":\"QM1\",\"QueueManager\":\"QM1\"}","logger_name":"org.springframework.jms.core.JmsTemplate","thread_name":"scheduling-1","level":"DEBUG","level_value":10000,"appName":"recon-producer-app","traceId":"337666186403e7de1d1c17371060eecb","spanId":"38fcc4aaae60f2c8","correlationId":"12e1e70b-e697-492f-b115-c96551eeee2a","application":"recon-producer-app"}
{"@timestamp":"2026-05-10T09:10:29.060902358Z","@version":"1","message":"event=transaction_published transactionId=txn-59d3f194-3828-4f58-a2b3-f88611f9031f queue=RECON.IN","logger_name":"com.ntt.recon.service.ProducerService","thread_name":"scheduling-1","level":"INFO","level_value":20000,"appName":"recon-producer-app","application":"recon-producer-app"}
{"@timestamp":"2026-05-10T09:10:29.061436038Z","@version":"1","message":"Executing callback on JMS Session: Cached JMS Session: {\"ConnectionId\":\"414D5143514D31202020202020202020BC36006A00440040\",\"ObjectId\":\"com.ibm.msg.client.jakarta.wmq.internal.WMQSession@36562985\",\"Channel\":\"DEV.APP.SVRCONN\",\"Port\":\"1414\",\"ConnectionMode\":\"WMQ_CM_CLIENT\",\"Host\":\"ibm-mq.recon-platform.svc.cluster.local/10.100.195.132\",\"ResolvedQueueManager\":\"QM1\",\"QueueManager\":\"QM1\"}","logger_name":"org.springframework.jms.core.JmsTemplate","thread_name":"scheduling-1","level":"DEBUG","level_value":10000,"appName":"recon-producer-app","traceId":"337666186403e7de1d1c17371060eecb","spanId":"38fcc4aaae60f2c8","correlationId":"bd2e79d2-c09a-422b-a407-b0e36edbda17","application":"recon-producer-app"}
{"@timestamp":"2026-05-10T09:10:29.064765032Z","@version":"1","message":"event=transaction_published transactionId=txn-10321bf7-6686-4c9a-abb2-49b56853d48f queue=RECON.IN","logger_name":"com.ntt.recon.service.ProducerService","thread_name":"scheduling-1","level":"INFO","level_value":20000,"appName":"recon-producer-app","application":"recon-producer-app"}
{"@timestamp":"2026-05-10T09:10:30.05187789Z","@version":"1","message":"Executing callback on JMS Session: Cached JMS Session: {\"ConnectionId\":\"414D5143514D31202020202020202020BC36006A00440040\",\"ObjectId\":\"com.ibm.msg.client.jakarta.wmq.internal.WMQSession@36562985\",\"Channel\":\"DEV.APP.SVRCONN\",\"Port\":\"1414\",\"ConnectionMode\":\"WMQ_CM_CLIENT\",\"Host\":\"ibm-mq.recon-platform.svc.cluster.local/10.100.195.132\",\"ResolvedQueueManager\":\"QM1\",\"QueueManager\":\"QM1\"}","logger_name":"org.springframework.jms.core.JmsTemplate","thread_name":"scheduling-1","level":"DEBUG","level_value":10000,"appName":"recon-producer-app","traceId":"db60d378e4df16d3f65c45573bdb561d","spanId":"c8a9225c78afa737","application":"recon-producer-app"}
{"@timestamp":"2026-05-10T09:10:30.05649707Z","@version":"1","message":"Executing callback on JMS Session: Cached JMS Session: {\"ConnectionId\":\"414D5143514D31202020202020202020BC36006A00440040\",\"ObjectId\":\"com.ibm.msg.client.jakarta.wmq.internal.WMQSession@36562985\",\"Channel\":\"DEV.APP.SVRCONN\",\"Port\":\"1414\",\"ConnectionMode\":\"WMQ_CM_CLIENT\",\"Host\":\"ibm-mq.recon-platform.svc.cluster.local/10.100.195.132\",\"ResolvedQueueManager\":\"QM1\",\"QueueManager\":\"QM1\"}","logger_name":"org.springframework.jms.core.JmsTemplate","thread_name":"scheduling-1","level":"DEBUG","level_value":10000,"appName":"recon-producer-app","traceId":"db60d378e4df16d3f65c45573bdb561d","spanId":"c8a9225c78afa737","correlationId":"6078acce-2ab7-4ca0-a751-b78b704046b9","application":"recon-producer-app"}
{"@timestamp":"2026-05-10T09:10:30.060837056Z","@version":"1","message":"event=transaction_published transactionId=txn-50caa592-fe73-4f95-af9f-daa9efab3b8a queue=RECON.IN","logger_name":"com.ntt.recon.service.ProducerService","thread_name":"scheduling-1","level":"INFO","level_value":20000,"appName":"recon-producer-app","application":"recon-producer-app"}
{"@timestamp":"2026-05-10T09:10:30.06099644Z","@version":"1","message":"Executing callback on JMS Session: Cached JMS Session: {\"ConnectionId\":\"414D5143514D31202020202020202020BC36006A00440040\",\"ObjectId\":\"com.ibm.msg.client.jakarta.wmq.internal.WMQSession@36562985\",\"Channel\":\"DEV.APP.SVRCONN\",\"Port\":\"1414\",\"ConnectionMode\":\"WMQ_CM_CLIENT\",\"Host\":\"ibm-mq.recon-platform.svc.cluster.local/10.100.195.132\",\"ResolvedQueueManager\":\"QM1\",\"QueueManager\":\"QM1\"}","logger_name":"org.springframework.jms.core.JmsTemplate","thread_name":"scheduling-1","level":"DEBUG","level_value":10000,"appName":"recon-producer-app","traceId":"db60d378e4df16d3f65c45573bdb561d","spanId":"c8a9225c78afa737","correlationId":"9a3d91a4-50ef-4f57-ac4b-8a2a7a947303","application":"recon-producer-app"}
{"@timestamp":"2026-05-10T09:10:30.065638129Z","@version":"1","message":"event=transaction_published transactionId=txn-f57714de-c801-4407-80c2-dad7e0f432d7 queue=RECON.IN","logger_name":"com.ntt.recon.service.ProducerService","thread_name":"scheduling-1","level":"INFO","level_value":20000,"appName":"recon-producer-app","application":"recon-producer-app"}
{"@timestamp":"2026-05-10T09:10:31.051874255Z","@version":"1","message":"Executing callback on JMS Session: Cached JMS Session: {\"ConnectionId\":\"414D5143514D31202020202020202020BC36006A00440040\",\"ObjectId\":\"com.ibm.msg.client.jakarta.wmq.internal.WMQSession@36562985\",\"Channel\":\"DEV.APP.SVRCONN\",\"Port\":\"1414\",\"ConnectionMode\":\"WMQ_CM_CLIENT\",\"Host\":\"ibm-mq.recon-platform.svc.cluster.local/10.100.195.132\",\"ResolvedQueueManager\":\"QM1\",\"QueueManager\":\"QM1\"}","logger_name":"org.springframework.jms.core.JmsTemplate","thread_name":"scheduling-1","level":"DEBUG","level_value":10000,"appName":"recon-producer-app","traceId":"054406cd1dc4e75fe10bd2346b64d0f3","spanId":"4998876c57ec8fdb","application":"recon-producer-app"}
{"@timestamp":"2026-05-10T09:10:31.0562243Z","@version":"1","message":"Executing callback on JMS Session: Cached JMS Session: {\"ConnectionId\":\"414D5143514D31202020202020202020BC36006A00440040\",\"ObjectId\":\"com.ibm.msg.client.jakarta.wmq.internal.WMQSession@36562985\",\"Channel\":\"DEV.APP.SVRCONN\",\"Port\":\"1414\",\"ConnectionMode\":\"WMQ_CM_CLIENT\",\"Host\":\"ibm-mq.recon-platform.svc.cluster.local/10.100.195.132\",\"ResolvedQueueManager\":\"QM1\",\"QueueManager\":\"QM1\"}","logger_name":"org.springframework.jms.core.JmsTemplate","thread_name":"scheduling-1","level":"DEBUG","level_value":10000,"appName":"recon-producer-app","traceId":"054406cd1dc4e75fe10bd2346b64d0f3","spanId":"4998876c57ec8fdb","correlationId":"1783a8e5-f4bc-415e-b663-c8b8e32b81fe","application":"recon-producer-app"}
{"@timestamp":"2026-05-10T09:10:31.061506633Z","@version":"1","message":"event=transaction_published transactionId=txn-0e3547e7-9a89-4d38-880e-5ef42f1482b1 queue=RECON.IN","logger_name":"com.ntt.recon.service.ProducerService","thread_name":"scheduling-1","level":"INFO","level_value":20000,"appName":"recon-producer-app","application":"recon-producer-app"}
{"@timestamp":"2026-05-10T09:10:31.061690114Z","@version":"1","message":"Executing callback on JMS Session: Cached JMS Session: {\"ConnectionId\":\"414D5143514D31202020202020202020BC36006A00440040\",\"ObjectId\":\"com.ibm.msg.client.jakarta.wmq.internal.WMQSession@36562985\",\"Channel\":\"DEV.APP.SVRCONN\",\"Port\":\"1414\",\"ConnectionMode\":\"WMQ_CM_CLIENT\",\"Host\":\"ibm-mq.recon-platform.svc.cluster.local/10.100.195.132\",\"ResolvedQueueManager\":\"QM1\",\"QueueManager\":\"QM1\"}","logger_name":"org.springframework.jms.core.JmsTemplate","thread_name":"scheduling-1","level":"DEBUG","level_value":10000,"appName":"recon-producer-app","traceId":"054406cd1dc4e75fe10bd2346b64d0f3","spanId":"4998876c57ec8fdb","correlationId":"0d689e35-b014-4d8b-bb68-a56c55f81240","application":"recon-producer-app"}
{"@timestamp":"2026-05-10T09:10:31.065510153Z","@version":"1","message":"event=transaction_published transactionId=txn-70b898dd-c7a2-40c7-a031-97ed022d01b8 queue=RECON.IN","logger_name":"com.ntt.recon.service.ProducerService","thread_name":"scheduling-1","level":"INFO","level_value":20000,"appName":"recon-producer-app","application":"recon-producer-app"}
{"@timestamp":"2026-05-10T09:10:32.051866946Z","@version":"1","message":"Executing callback on JMS Session: Cached JMS Session: {\"ConnectionId\":\"414D5143514D31202020202020202020BC36006A00440040\",\"ObjectId\":\"com.ibm.msg.client.jakarta.wmq.internal.WMQSession@36562985\",\"Channel\":\"DEV.APP.SVRCONN\",\"Port\":\"1414\",\"ConnectionMode\":\"WMQ_CM_CLIENT\",\"Host\":\"ibm-mq.recon-platform.svc.cluster.local/10.100.195.132\",\"ResolvedQueueManager\":\"QM1\",\"QueueManager\":\"QM1\"}","logger_name":"org.springframework.jms.core.JmsTemplate","thread_name":"scheduling-1","level":"DEBUG","level_value":10000,"appName":"recon-producer-app","traceId":"c995ef817b8afd0706607057370d3f49","spanId":"0fbcd8f90ea24bba","application":"recon-producer-app"}
{"@timestamp":"2026-05-10T09:10:32.057185495Z","@version":"1","message":"Executing callback on JMS Session: Cached JMS Session: {\"ConnectionId\":\"414D5143514D31202020202020202020BC36006A00440040\",\"ObjectId\":\"com.ibm.msg.client.jakarta.wmq.internal.WMQSession@36562985\",\"Channel\":\"DEV.APP.SVRCONN\",\"Port\":\"1414\",\"ConnectionMode\":\"WMQ_CM_CLIENT\",\"Host\":\"ibm-mq.recon-platform.svc.cluster.local/10.100.195.132\",\"ResolvedQueueManager\":\"QM1\",\"QueueManager\":\"QM1\"}","logger_name":"org.springframework.jms.core.JmsTemplate","thread_name":"scheduling-1","level":"DEBUG","level_value":10000,"appName":"recon-producer-app","traceId":"c995ef817b8afd0706607057370d3f49","spanId":"0fbcd8f90ea24bba","correlationId":"5864b87d-09a1-4acf-90ed-d23df9f5f992","application":"recon-producer-app"}
{"@timestamp":"2026-05-10T09:10:32.06030296Z","@version":"1","message":"event=transaction_published transactionId=txn-86e905cc-54ae-49d8-9a49-99ff3e9a8975 queue=RECON.IN","logger_name":"com.ntt.recon.service.ProducerService","thread_name":"scheduling-1","level":"INFO","level_value":20000,"appName":"recon-producer-app","application":"recon-producer-app"}
{"@timestamp":"2026-05-10T09:10:32.0604036Z","@version":"1","message":"Executing callback on JMS Session: Cached JMS Session: {\"ConnectionId\":\"414D5143514D31202020202020202020BC36006A00440040\",\"ObjectId\":\"com.ibm.msg.client.jakarta.wmq.internal.WMQSession@36562985\",\"Channel\":\"DEV.APP.SVRCONN\",\"Port\":\"1414\",\"ConnectionMode\":\"WMQ_CM_CLIENT\",\"Host\":\"ibm-mq.recon-platform.svc.cluster.local/10.100.195.132\",\"ResolvedQueueManager\":\"QM1\",\"QueueManager\":\"QM1\"}","logger_name":"org.springframework.jms.core.JmsTemplate","thread_name":"scheduling-1","level":"DEBUG","level_value":10000,"appName":"recon-producer-app","traceId":"c995ef817b8afd0706607057370d3f49","spanId":"0fbcd8f90ea24bba","correlationId":"a4fb5dcb-8b8d-451a-9545-ade4dcfcfad0","application":"recon-producer-app"}
{"@timestamp":"2026-05-10T09:10:32.064064173Z","@version":"1","message":"event=transaction_published transactionId=txn-96e7ba81-381a-4fb6-a619-c05168b23d4f queue=RECON.IN","logger_name":"com.ntt.recon.service.ProducerService","thread_name":"scheduling-1","level":"INFO","level_value":20000,"appName":"recon-producer-app","application":"recon-producer-app"}
{"@timestamp":"2026-05-10T09:10:33.051883397Z","@version":"1","message":"Executing callback on JMS Session: Cached JMS Session: {\"ConnectionId\":\"414D5143514D31202020202020202020BC36006A00440040\",\"ObjectId\":\"com.ibm.msg.client.jakarta.wmq.internal.WMQSession@36562985\",\"Channel\":\"DEV.APP.SVRCONN\",\"Port\":\"1414\",\"ConnectionMode\":\"WMQ_CM_CLIENT\",\"Host\":\"ibm-mq.recon-platform.svc.cluster.local/10.100.195.132\",\"ResolvedQueueManager\":\"QM1\",\"QueueManager\":\"QM1\"}","logger_name":"org.springframework.jms.core.JmsTemplate","thread_name":"scheduling-1","level":"DEBUG","level_value":10000,"appName":"recon-producer-app","traceId":"82138a2ec98bf34318b6301c56edffd7","spanId":"92922bce02f4a89f","application":"recon-producer-app"}
{"@timestamp":"2026-05-10T09:10:33.056467406Z","@version":"1","message":"Executing callback on JMS Session: Cached JMS Session: {\"ConnectionId\":\"414D5143514D31202020202020202020BC36006A00440040\",\"ObjectId\":\"com.ibm.msg.client.jakarta.wmq.internal.WMQSession@36562985\",\"Channel\":\"DEV.APP.SVRCONN\",\"Port\":\"1414\",\"ConnectionMode\":\"WMQ_CM_CLIENT\",\"Host\":\"ibm-mq.recon-platform.svc.cluster.local/10.100.195.132\",\"ResolvedQueueManager\":\"QM1\",\"QueueManager\":\"QM1\"}","logger_name":"org.springframework.jms.core.JmsTemplate","thread_name":"scheduling-1","level":"DEBUG","level_value":10000,"appName":"recon-producer-app","traceId":"82138a2ec98bf34318b6301c56edffd7","spanId":"92922bce02f4a89f","correlationId":"cff9864c-0f8e-4955-b436-881b41510611","application":"recon-producer-app"}
{"@timestamp":"2026-05-10T09:10:33.060091023Z","@version":"1","message":"event=transaction_published transactionId=txn-67af26f0-7ffb-4e65-843e-647ebf523483 queue=RECON.IN","logger_name":"com.ntt.recon.service.ProducerService","thread_name":"scheduling-1","level":"INFO","level_value":20000,"appName":"recon-producer-app","application":"recon-producer-app"}
{"@timestamp":"2026-05-10T09:10:33.06021061Z","@version":"1","message":"Executing callback on JMS Session: Cached JMS Session: {\"ConnectionId\":\"414D5143514D31202020202020202020BC36006A00440040\",\"ObjectId\":\"com.ibm.msg.client.jakarta.wmq.internal.WMQSession@36562985\",\"Channel\":\"DEV.APP.SVRCONN\",\"Port\":\"1414\",\"ConnectionMode\":\"WMQ_CM_CLIENT\",\"Host\":\"ibm-mq.recon-platform.svc.cluster.local/10.100.195.132\",\"ResolvedQueueManager\":\"QM1\",\"QueueManager\":\"QM1\"}","logger_name":"org.springframework.jms.core.JmsTemplate","thread_name":"scheduling-1","level":"DEBUG","level_value":10000,"appName":"recon-producer-app","traceId":"82138a2ec98bf34318b6301c56edffd7","spanId":"92922bce02f4a89f","correlationId":"04f4f600-741d-4a62-9a7b-91d8b412f8f1","application":"recon-producer-app"}
{"@timestamp":"2026-05-10T09:10:33.064593161Z","@version":"1","message":"event=transaction_published transactionId=txn-f9894726-433c-44a8-86c9-5c45e040f854 queue=RECON.IN","logger_name":"com.ntt.recon.service.ProducerService","thread_name":"scheduling-1","level":"INFO","level_value":20000,"appName":"recon-producer-app","application":"recon-producer-app"}
{"@timestamp":"2026-05-10T09:10:34.051881766Z","@version":"1","message":"Executing callback on JMS Session: Cached JMS Session: {\"ConnectionId\":\"414D5143514D31202020202020202020BC36006A00440040\",\"ObjectId\":\"com.ibm.msg.client.jakarta.wmq.internal.WMQSession@36562985\",\"Channel\":\"DEV.APP.SVRCONN\",\"Port\":\"1414\",\"ConnectionMode\":\"WMQ_CM_CLIENT\",\"Host\":\"ibm-mq.recon-platform.svc.cluster.local/10.100.195.132\",\"ResolvedQueueManager\":\"QM1\",\"QueueManager\":\"QM1\"}","logger_name":"org.springframework.jms.core.JmsTemplate","thread_name":"scheduling-1","level":"DEBUG","level_value":10000,"appName":"recon-producer-app","traceId":"cdc4dc903aec288961d9fc4acc89116d","spanId":"25880998ef5ef66e","application":"recon-producer-app"}
{"@timestamp":"2026-05-10T09:10:34.058285991Z","@version":"1","message":"Executing callback on JMS Session: Cached JMS Session: {\"ConnectionId\":\"414D5143514D31202020202020202020BC36006A00440040\",\"ObjectId\":\"com.ibm.msg.client.jakarta.wmq.internal.WMQSession@36562985\",\"Channel\":\"DEV.APP.SVRCONN\",\"Port\":\"1414\",\"ConnectionMode\":\"WMQ_CM_CLIENT\",\"Host\":\"ibm-mq.recon-platform.svc.cluster.local/10.100.195.132\",\"ResolvedQueueManager\":\"QM1\",\"QueueManager\":\"QM1\"}","logger_name":"org.springframework.jms.core.JmsTemplate","thread_name":"scheduling-1","level":"DEBUG","level_value":10000,"appName":"recon-producer-app","traceId":"cdc4dc903aec288961d9fc4acc89116d","spanId":"25880998ef5ef66e","correlationId":"8b3cfa74-052e-4946-a2d9-174f8ae35863","application":"recon-producer-app"}
{"@timestamp":"2026-05-10T09:10:34.061675484Z","@version":"1","message":"event=transaction_published transactionId=txn-5fa7de32-123c-493c-90a8-9b411a9150b2 queue=RECON.IN","logger_name":"com.ntt.recon.service.ProducerService","thread_name":"scheduling-1","level":"INFO","level_value":20000,"appName":"recon-producer-app","application":"recon-producer-app"}
{"@timestamp":"2026-05-10T09:10:34.061791837Z","@version":"1","message":"Executing callback on JMS Session: Cached JMS Session: {\"ConnectionId\":\"414D5143514D31202020202020202020BC36006A00440040\",\"ObjectId\":\"com.ibm.msg.client.jakarta.wmq.internal.WMQSession@36562985\",\"Channel\":\"DEV.APP.SVRCONN\",\"Port\":\"1414\",\"ConnectionMode\":\"WMQ_CM_CLIENT\",\"Host\":\"ibm-mq.recon-platform.svc.cluster.local/10.100.195.132\",\"ResolvedQueueManager\":\"QM1\",\"QueueManager\":\"QM1\"}","logger_name":"org.springframework.jms.core.JmsTemplate","thread_name":"scheduling-1","level":"DEBUG","level_value":10000,"appName":"recon-producer-app","traceId":"cdc4dc903aec288961d9fc4acc89116d","spanId":"25880998ef5ef66e","correlationId":"cd321915-f09c-447a-b218-961f87f1ad25","application":"recon-producer-app"}
{"@timestamp":"2026-05-10T09:10:34.066267722Z","@version":"1","message":"event=transaction_published transactionId=txn-2286e220-558f-4490-a8bb-7a7ee4b64bf5 queue=RECON.IN","logger_name":"com.ntt.recon.service.ProducerService","thread_name":"scheduling-1","level":"INFO","level_value":20000,"appName":"recon-producer-app","application":"recon-producer-app"}


==========================================================================================
CONSUMER LOG PROOF - MQ OUTAGE AND RECOVERY
==========================================================================================
COMMAND: kubectl logs -n recon-platform deploy/recon-consumer-app --since=20m | Select-String -Pattern 'MQJE001|MQRC|JMSWMQ|connection|Connection|reconnect|Reconnect|failed|Failed|Exception|transaction_processed|message_reconciled' | Select-Object -First 180

{"@timestamp":"2026-05-10T09:25:08.585426193Z","@version":"1","message":"Could not refresh JMS Connection for destination 'RECON.RETRY' - retrying using FixedBackOff{interval=5000, currentAttempts=1, maxAttempts=unlimited}. Cause: JMSWMQ0018: Failed to connect to queue manager 'QM1' with connection mode 'Client' and host name 'ibm-mq.recon-platform.svc.cluster.local(1414)'.; nested exception is com.ibm.mq.MQException: JMSCMQ0001: IBM MQ call failed with compcode '2' ('MQCC_FAILED') reason '2538' ('MQRC_HOST_NOT_AVAILABLE').","logger_name":"org.springframework.jms.listener.DefaultMessageListenerContainer","thread_name":"org.springframework.jms.JmsListenerEndpointContainer#2-2","level":"ERROR","level_value":40000,"stack_trace":"com.ibm.msg.client.jakarta.jms.DetailedIllegalStateException: JMSWMQ0018: Failed to connect to queue manager 'QM1' with connection mode 'Client' and host name 'ibm-mq.recon-platform.svc.cluster.local(1414)'.\n\tat com.ibm.msg.client.jakarta.wmq.common.internal.Reason.reasonToException(Reason.java:489)\n\tat com.ibm.msg.client.jakarta.wmq.common.internal.Reason.createException(Reason.java:215)\n\tat com.ibm.msg.client.jakarta.wmq.internal.WMQConnection.<init>(WMQConnection.java:482)\n\tat com.ibm.msg.client.jakarta.wmq.factories.WMQConnectionFactory.createV7ProviderConnection(WMQConnectionFactory.java:9009)\n\tat com.ibm.msg.client.jakarta.wmq.factories.WMQConnectionFactory.createProviderConnection(WMQConnectionFactory.java:8349)\n\tat com.ibm.msg.client.jakarta.jms.admin.JmsConnectionFactoryImpl._createConnection(JmsConnectionFactoryImpl.java:322)\n\tat com.ibm.msg.client.jakarta.jms.admin.JmsConnectionFactoryImpl.createConnection(JmsConnectionFactoryImpl.java:242)\n\tat com.ibm.mq.jakarta.jms.MQConnectionFactory.createCommonConnection(MQConnectionFactory.java:6193)\n\tat com.ibm.mq.jakarta.jms.MQConnectionFactory.createConnection(MQConnectionFactory.java:6222)\n\tat org.springframework.jms.connection.SingleConnectionFactory.doCreateConnection(SingleConnectionFactory.java:452)\n\tat org.springframework.jms.connection.SingleConnectionFactory.initConnection(SingleConnectionFactory.java:414)\n\tat org.springframework.jms.connection.SingleConnectionFactory.getConnection(SingleConnectionFactory.java:328)\n\tat org.springframework.jms.connection.SingleConnectionFactory.createConnection(SingleConnectionFactory.java:243)\n\tat org.springframework.jms.support.JmsAccessor.createConnection(JmsAccessor.java:211)\n\tat org.springframework.jms.listener.AbstractJmsListeningContainer.createSharedConnection(AbstractJmsListeningContainer.java:405)\n\tat org.springframework.jms.listener.AbstractJmsListeningContainer.refreshSharedConnection(AbstractJmsListeningContainer.java:390)\n\tat org.springframework.jms.listener.DefaultMessageListenerContainer.refreshConnectionUntilSuccessful(DefaultMessageListenerContainer.java:1004)\n\tat org.springframework.jms.listener.DefaultMessageListenerContainer.recoverAfterListenerSetupFailure(DefaultMessageListenerContainer.java:978)\n\tat org.springframework.jms.listener.DefaultMessageListenerContainer$AsyncMessageListenerInvoker.run(DefaultMessageListenerContainer.java:1166)\n\tat java.base/java.lang.Thread.run(Unknown Source)\nCaused by: com.ibm.mq.MQException: JMSCMQ0001: IBM MQ call failed with compcode '2' ('MQCC_FAILED') reason '2538' ('MQRC_HOST_NOT_AVAILABLE').\n\tat com.ibm.msg.client.jakarta.wmq.common.internal.Reason.createException(Reason.java:203)\n\t... 18 common frames omitted\nCaused by: com.ibm.mq.jmqi.JmqiException: CC=2;RC=2538;AMQ9204: Connection to host 'ibm-mq.recon-platform.svc.cluster.local(1414)' rejected. [1=com.ibm.mq.jmqi.JmqiException[CC=2;RC=2538;AMQ9204: Connection to host 'ibm-mq.recon-platform.svc.cluster.local/10.100.195.132:1414' rejected. [1=java.net.ConnectException[Connection refused],3=ibm-mq.recon-platform.svc.cluster.local/10.100.195.132:1414,4=TCP,5=Socket.connect]],3=ibm-mq.recon-platform.svc.cluster.local(1414),4=,5=RemoteTCPConnection.bindAndConnectSocket]\n\tat com.ibm.mq.jmqi.remote.api.RemoteFAP$Connector.jmqiConnect(RemoteFAP.java:13687)\n\tat com.ibm.mq.jmqi.remote.api.RemoteFAP$Connector.access$100(RemoteFAP.java:13202)\n\tat com.ibm.mq.jmqi.remote.api.RemoteFAP.jmqiConnect(RemoteFAP.java:1451)\n\tat com.ibm.mq.jmqi.remote.api.RemoteFAP.jmqiConnect(RemoteFAP.java:1392)\n\tat com.ibm.mq.ese.jmqi.InterceptedJmqiImpl.jmqiConnect(InterceptedJmqiImpl.java:377)\n\tat com.ibm.mq.ese.jmqi.ESEJMQI.jmqiConnect(ESEJMQI.java:562)\n\tat com.ibm.msg.client.jakarta.wmq.internal.WMQConnection.<init>(WMQConnection.java:415)\n\t... 17 common frames omitted\nCaused by: com.ibm.mq.jmqi.JmqiException: CC=2;RC=2538;AMQ9204: Connection to host 'ibm-mq.recon-platform.svc.cluster.local/10.100.195.132:1414' rejected. [1=java.net.ConnectException[Connection refused],3=ibm-mq.recon-platform.svc.cluster.local/10.100.195.132:1414,4=TCP,5=Socket.connect]\n\tat com.ibm.mq.jmqi.remote.impl.RemoteTCPConnection.bindAndConnectSocket(RemoteTCPConnection.java:937)\n\tat com.ibm.mq.jmqi.remote.impl.RemoteTCPConnection.protocolConnect(RemoteTCPConnection.java:1511)\n\tat com.ibm.mq.jmqi.remote.impl.RemoteConnection.connect(RemoteConnection.java:1014)\n\tat com.ibm.mq.jmqi.remote.impl.RemoteConnectionSpecification.getNewConnection(RemoteConnectionSpecification.java:691)\n\tat com.ibm.mq.jmqi.remote.impl.RemoteConnectionSpecification.getSessionFromNewConnection(RemoteConnectionSpecification.java:283)\n\tat com.ibm.mq.jmqi.remote.impl.RemoteConnectionSpecification.getSession(RemoteConnectionSpecification.java:170)\n\tat com.ibm.mq.jmqi.remote.impl.RemoteConnectionPool.getSession(RemoteConnectionPool.java:128)\n\tat com.ibm.mq.jmqi.remote.api.RemoteFAP$Connector.jmqiConnect(RemoteFAP.java:13411)\n\t... 23 common frames omitted\nCaused by: java.net.ConnectException: Connection refused\n\tat java.base/sun.nio.ch.Net.connect0(Native Method)\n\tat java.base/sun.nio.ch.Net.connect(Unknown Source)\n\tat java.base/sun.nio.ch.Net.connect(Unknown Source)\n\tat java.base/sun.nio.ch.NioSocketImpl.connect(Unknown Source)\n\tat java.base/java.net.SocksSocketImpl.connect(Unknown Source)\n\tat java.base/java.net.Socket.connect(Unknown Source)\n\tat java.base/java.net.Socket.connect(Unknown Source)\n\tat com.ibm.mq.jmqi.remote.impl.RemoteTCPConnection$4.run(RemoteTCPConnection.java:1111)\n\tat com.ibm.mq.jmqi.remote.impl.RemoteTCPConnection$4.run(RemoteTCPConnection.java:1103)\n\tat java.base/java.security.AccessController.doPrivileged(Unknown Source)\n\tat com.ibm.mq.jmqi.remote.impl.RemoteTCPConnection.connectSocket(RemoteTCPConnection.java:1103)\n\tat com.ibm.mq.jmqi.remote.impl.RemoteTCPConnection.bindAndConnectSocket(RemoteTCPConnection.java:843)\n\t... 30 common frames omitted\n","appName":"recon-consumer-app","application":"recon-consumer-app"}
{"@timestamp":"2026-05-10T09:25:09.625426117Z","@version":"1","message":"Could not refresh JMS Connection for destination 'SYSTEM.DEAD.LETTER.QUEUE' - retrying using FixedBackOff{interval=5000, currentAttempts=1, maxAttempts=unlimited}. Cause: JMSWMQ0018: Failed to connect to queue manager 'QM1' with connection mode 'Client' and host name 'ibm-mq.recon-platform.svc.cluster.local(1414)'.; nested exception is com.ibm.mq.MQException: JMSCMQ0001: IBM MQ call failed with compcode '2' ('MQCC_FAILED') reason '2538' ('MQRC_HOST_NOT_AVAILABLE').","logger_name":"org.springframework.jms.listener.DefaultMessageListenerContainer","thread_name":"org.springframework.jms.JmsListenerEndpointContainer#0-1","level":"ERROR","level_value":40000,"stack_trace":"com.ibm.msg.client.jakarta.jms.DetailedIllegalStateException: JMSWMQ0018: Failed to connect to queue manager 'QM1' with connection mode 'Client' and host name 'ibm-mq.recon-platform.svc.cluster.local(1414)'.\n\tat com.ibm.msg.client.jakarta.wmq.common.internal.Reason.reasonToException(Reason.java:489)\n\tat com.ibm.msg.client.jakarta.wmq.common.internal.Reason.createException(Reason.java:215)\n\tat com.ibm.msg.client.jakarta.wmq.internal.WMQConnection.<init>(WMQConnection.java:482)\n\tat com.ibm.msg.client.jakarta.wmq.factories.WMQConnectionFactory.createV7ProviderConnection(WMQConnectionFactory.java:9009)\n\tat com.ibm.msg.client.jakarta.wmq.factories.WMQConnectionFactory.createProviderConnection(WMQConnectionFactory.java:8349)\n\tat com.ibm.msg.client.jakarta.jms.admin.JmsConnectionFactoryImpl._createConnection(JmsConnectionFactoryImpl.java:322)\n\tat com.ibm.msg.client.jakarta.jms.admin.JmsConnectionFactoryImpl.createConnection(JmsConnectionFactoryImpl.java:242)\n\tat com.ibm.mq.jakarta.jms.MQConnectionFactory.createCommonConnection(MQConnectionFactory.java:6193)\n\tat com.ibm.mq.jakarta.jms.MQConnectionFactory.createConnection(MQConnectionFactory.java:6222)\n\tat org.springframework.jms.connection.SingleConnectionFactory.doCreateConnection(SingleConnectionFactory.java:452)\n\tat org.springframework.jms.connection.SingleConnectionFactory.initConnection(SingleConnectionFactory.java:414)\n\tat org.springframework.jms.connection.SingleConnectionFactory.getConnection(SingleConnectionFactory.java:328)\n\tat org.springframework.jms.connection.SingleConnectionFactory.createConnection(SingleConnectionFactory.java:243)\n\tat org.springframework.jms.support.JmsAccessor.createConnection(JmsAccessor.java:211)\n\tat org.springframework.jms.listener.AbstractJmsListeningContainer.createSharedConnection(AbstractJmsListeningContainer.java:405)\n\tat org.springframework.jms.listener.AbstractJmsListeningContainer.refreshSharedConnection(AbstractJmsListeningContainer.java:390)\n\tat org.springframework.jms.listener.DefaultMessageListenerContainer.refreshConnectionUntilSuccessful(DefaultMessageListenerContainer.java:1004)\n\tat org.springframework.jms.listener.DefaultMessageListenerContainer.recoverAfterListenerSetupFailure(DefaultMessageListenerContainer.java:978)\n\tat org.springframework.jms.listener.DefaultMessageListenerContainer$AsyncMessageListenerInvoker.run(DefaultMessageListenerContainer.java:1166)\n\tat java.base/java.lang.Thread.run(Unknown Source)\nCaused by: com.ibm.mq.MQException: JMSCMQ0001: IBM MQ call failed with compcode '2' ('MQCC_FAILED') reason '2538' ('MQRC_HOST_NOT_AVAILABLE').\n\tat com.ibm.msg.client.jakarta.wmq.common.internal.Reason.createException(Reason.java:203)\n\t... 18 common frames omitted\nCaused by: com.ibm.mq.jmqi.JmqiException: CC=2;RC=2538;AMQ9204: Connection to host 'ibm-mq.recon-platform.svc.cluster.local(1414)' rejected. [1=com.ibm.mq.jmqi.JmqiException[CC=2;RC=2538;AMQ9204: Connection to host 'ibm-mq.recon-platform.svc.cluster.local/10.100.195.132:1414' rejected. [1=java.net.ConnectException[Connection refused],3=ibm-mq.recon-platform.svc.cluster.local/10.100.195.132:1414,4=TCP,5=Socket.connect]],3=ibm-mq.recon-platform.svc.cluster.local(1414),4=,5=RemoteTCPConnection.bindAndConnectSocket]\n\tat com.ibm.mq.jmqi.remote.api.RemoteFAP$Connector.jmqiConnect(RemoteFAP.java:13687)\n\tat com.ibm.mq.jmqi.remote.api.RemoteFAP$Connector.access$100(RemoteFAP.java:13202)\n\tat com.ibm.mq.jmqi.remote.api.RemoteFAP.jmqiConnect(RemoteFAP.java:1451)\n\tat com.ibm.mq.jmqi.remote.api.RemoteFAP.jmqiConnect(RemoteFAP.java:1392)\n\tat com.ibm.mq.ese.jmqi.InterceptedJmqiImpl.jmqiConnect(InterceptedJmqiImpl.java:377)\n\tat com.ibm.mq.ese.jmqi.ESEJMQI.jmqiConnect(ESEJMQI.java:562)\n\tat com.ibm.msg.client.jakarta.wmq.internal.WMQConnection.<init>(WMQConnection.java:415)\n\t... 17 common frames omitted\nCaused by: com.ibm.mq.jmqi.JmqiException: CC=2;RC=2538;AMQ9204: Connection to host 'ibm-mq.recon-platform.svc.cluster.local/10.100.195.132:1414' rejected. [1=java.net.ConnectException[Connection refused],3=ibm-mq.recon-platform.svc.cluster.local/10.100.195.132:1414,4=TCP,5=Socket.connect]\n\tat com.ibm.mq.jmqi.remote.impl.RemoteTCPConnection.bindAndConnectSocket(RemoteTCPConnection.java:937)\n\tat com.ibm.mq.jmqi.remote.impl.RemoteTCPConnection.protocolConnect(RemoteTCPConnection.java:1511)\n\tat com.ibm.mq.jmqi.remote.impl.RemoteConnection.connect(RemoteConnection.java:1014)\n\tat com.ibm.mq.jmqi.remote.impl.RemoteConnectionSpecification.getNewConnection(RemoteConnectionSpecification.java:691)\n\tat com.ibm.mq.jmqi.remote.impl.RemoteConnectionSpecification.getSessionFromNewConnection(RemoteConnectionSpecification.java:283)\n\tat com.ibm.mq.jmqi.remote.impl.RemoteConnectionSpecification.getSession(RemoteConnectionSpecification.java:170)\n\tat com.ibm.mq.jmqi.remote.impl.RemoteConnectionPool.getSession(RemoteConnectionPool.java:128)\n\tat com.ibm.mq.jmqi.remote.api.RemoteFAP$Connector.jmqiConnect(RemoteFAP.java:13411)\n\t... 23 common frames omitted\nCaused by: java.net.ConnectException: Connection refused\n\tat java.base/sun.nio.ch.Net.connect0(Native Method)\n\tat java.base/sun.nio.ch.Net.connect(Unknown Source)\n\tat java.base/sun.nio.ch.Net.connect(Unknown Source)\n\tat java.base/sun.nio.ch.NioSocketImpl.connect(Unknown Source)\n\tat java.base/java.net.SocksSocketImpl.connect(Unknown Source)\n\tat java.base/java.net.Socket.connect(Unknown Source)\n\tat java.base/java.net.Socket.connect(Unknown Source)\n\tat com.ibm.mq.jmqi.remote.impl.RemoteTCPConnection$4.run(RemoteTCPConnection.java:1111)\n\tat com.ibm.mq.jmqi.remote.impl.RemoteTCPConnection$4.run(RemoteTCPConnection.java:1103)\n\tat java.base/java.security.AccessController.doPrivileged(Unknown Source)\n\tat com.ibm.mq.jmqi.remote.impl.RemoteTCPConnection.connectSocket(RemoteTCPConnection.java:1103)\n\tat com.ibm.mq.jmqi.remote.impl.RemoteTCPConnection.bindAndConnectSocket(RemoteTCPConnection.java:843)\n\t... 30 common frames omitted\n","appName":"recon-consumer-app","application":"recon-consumer-app"}
{"@timestamp":"2026-05-10T09:25:10.665435915Z","@version":"1","message":"Could not refresh JMS Connection for destination 'RECON.IN' - retrying using FixedBackOff{interval=5000, currentAttempts=1, maxAttempts=unlimited}. Cause: JMSWMQ0018: Failed to connect to queue manager 'QM1' with connection mode 'Client' and host name 'ibm-mq.recon-platform.svc.cluster.local(1414)'.; nested exception is com.ibm.mq.MQException: JMSCMQ0001: IBM MQ call failed with compcode '2' ('MQCC_FAILED') reason '2538' ('MQRC_HOST_NOT_AVAILABLE').","logger_name":"org.springframework.jms.listener.DefaultMessageListenerContainer","thread_name":"org.springframework.jms.JmsListenerEndpointContainer#1-8","level":"ERROR","level_value":40000,"stack_trace":"com.ibm.msg.client.jakarta.jms.DetailedIllegalStateException: JMSWMQ0018: Failed to connect to queue manager 'QM1' with connection mode 'Client' and host name 'ibm-mq.recon-platform.svc.cluster.local(1414)'.\n\tat com.ibm.msg.client.jakarta.wmq.common.internal.Reason.reasonToException(Reason.java:489)\n\tat com.ibm.msg.client.jakarta.wmq.common.internal.Reason.createException(Reason.java:215)\n\tat com.ibm.msg.client.jakarta.wmq.internal.WMQConnection.<init>(WMQConnection.java:482)\n\tat com.ibm.msg.client.jakarta.wmq.factories.WMQConnectionFactory.createV7ProviderConnection(WMQConnectionFactory.java:9009)\n\tat com.ibm.msg.client.jakarta.wmq.factories.WMQConnectionFactory.createProviderConnection(WMQConnectionFactory.java:8349)\n\tat com.ibm.msg.client.jakarta.jms.admin.JmsConnectionFactoryImpl._createConnection(JmsConnectionFactoryImpl.java:322)\n\tat com.ibm.msg.client.jakarta.jms.admin.JmsConnectionFactoryImpl.createConnection(JmsConnectionFactoryImpl.java:242)\n\tat com.ibm.mq.jakarta.jms.MQConnectionFactory.createCommonConnection(MQConnectionFactory.java:6193)\n\tat com.ibm.mq.jakarta.jms.MQConnectionFactory.createConnection(MQConnectionFactory.java:6222)\n\tat org.springframework.jms.connection.SingleConnectionFactory.doCreateConnection(SingleConnectionFactory.java:452)\n\tat org.springframework.jms.connection.SingleConnectionFactory.initConnection(SingleConnectionFactory.java:414)\n\tat org.springframework.jms.connection.SingleConnectionFactory.getConnection(SingleConnectionFactory.java:328)\n\tat org.springframework.jms.connection.SingleConnectionFactory.createConnection(SingleConnectionFactory.java:243)\n\tat org.springframework.jms.support.JmsAccessor.createConnection(JmsAccessor.java:211)\n\tat org.springframework.jms.listener.AbstractJmsListeningContainer.createSharedConnection(AbstractJmsListeningContainer.java:405)\n\tat org.springframework.jms.listener.AbstractJmsListeningContainer.refreshSharedConnection(AbstractJmsListeningContainer.java:390)\n\tat org.springframework.jms.listener.DefaultMessageListenerContainer.refreshConnectionUntilSuccessful(DefaultMessageListenerContainer.java:1004)\n\tat org.springframework.jms.listener.DefaultMessageListenerContainer.recoverAfterListenerSetupFailure(DefaultMessageListenerContainer.java:978)\n\tat org.springframework.jms.listener.DefaultMessageListenerContainer$AsyncMessageListenerInvoker.run(DefaultMessageListenerContainer.java:1166)\n\tat java.base/java.lang.Thread.run(Unknown Source)\nCaused by: com.ibm.mq.MQException: JMSCMQ0001: IBM MQ call failed with compcode '2' ('MQCC_FAILED') reason '2538' ('MQRC_HOST_NOT_AVAILABLE').\n\tat com.ibm.msg.client.jakarta.wmq.common.internal.Reason.createException(Reason.java:203)\n\t... 18 common frames omitted\nCaused by: com.ibm.mq.jmqi.JmqiException: CC=2;RC=2538;AMQ9204: Connection to host 'ibm-mq.recon-platform.svc.cluster.local(1414)' rejected. [1=com.ibm.mq.jmqi.JmqiException[CC=2;RC=2538;AMQ9204: Connection to host 'ibm-mq.recon-platform.svc.cluster.local/10.100.195.132:1414' rejected. [1=java.net.ConnectException[Connection refused],3=ibm-mq.recon-platform.svc.cluster.local/10.100.195.132:1414,4=TCP,5=Socket.connect]],3=ibm-mq.recon-platform.svc.cluster.local(1414),4=,5=RemoteTCPConnection.bindAndConnectSocket]\n\tat com.ibm.mq.jmqi.remote.api.RemoteFAP$Connector.jmqiConnect(RemoteFAP.java:13687)\n\tat com.ibm.mq.jmqi.remote.api.RemoteFAP$Connector.access$100(RemoteFAP.java:13202)\n\tat com.ibm.mq.jmqi.remote.api.RemoteFAP.jmqiConnect(RemoteFAP.java:1451)\n\tat com.ibm.mq.jmqi.remote.api.RemoteFAP.jmqiConnect(RemoteFAP.java:1392)\n\tat com.ibm.mq.ese.jmqi.InterceptedJmqiImpl.jmqiConnect(InterceptedJmqiImpl.java:377)\n\tat com.ibm.mq.ese.jmqi.ESEJMQI.jmqiConnect(ESEJMQI.java:562)\n\tat com.ibm.msg.client.jakarta.wmq.internal.WMQConnection.<init>(WMQConnection.java:415)\n\t... 17 common frames omitted\nCaused by: com.ibm.mq.jmqi.JmqiException: CC=2;RC=2538;AMQ9204: Connection to host 'ibm-mq.recon-platform.svc.cluster.local/10.100.195.132:1414' rejected. [1=java.net.ConnectException[Connection refused],3=ibm-mq.recon-platform.svc.cluster.local/10.100.195.132:1414,4=TCP,5=Socket.connect]\n\tat com.ibm.mq.jmqi.remote.impl.RemoteTCPConnection.bindAndConnectSocket(RemoteTCPConnection.java:937)\n\tat com.ibm.mq.jmqi.remote.impl.RemoteTCPConnection.protocolConnect(RemoteTCPConnection.java:1511)\n\tat com.ibm.mq.jmqi.remote.impl.RemoteConnection.connect(RemoteConnection.java:1014)\n\tat com.ibm.mq.jmqi.remote.impl.RemoteConnectionSpecification.getNewConnection(RemoteConnectionSpecification.java:691)\n\tat com.ibm.mq.jmqi.remote.impl.RemoteConnectionSpecification.getSessionFromNewConnection(RemoteConnectionSpecification.java:283)\n\tat com.ibm.mq.jmqi.remote.impl.RemoteConnectionSpecification.getSession(RemoteConnectionSpecification.java:170)\n\tat com.ibm.mq.jmqi.remote.impl.RemoteConnectionPool.getSession(RemoteConnectionPool.java:128)\n\tat com.ibm.mq.jmqi.remote.api.RemoteFAP$Connector.jmqiConnect(RemoteFAP.java:13411)\n\t... 23 common frames omitted\nCaused by: java.net.ConnectException: Connection refused\n\tat java.base/sun.nio.ch.Net.connect0(Native Method)\n\tat java.base/sun.nio.ch.Net.connect(Unknown Source)\n\tat java.base/sun.nio.ch.Net.connect(Unknown Source)\n\tat java.base/sun.nio.ch.NioSocketImpl.connect(Unknown Source)\n\tat java.base/java.net.SocksSocketImpl.connect(Unknown Source)\n\tat java.base/java.net.Socket.connect(Unknown Source)\n\tat java.base/java.net.Socket.connect(Unknown Source)\n\tat com.ibm.mq.jmqi.remote.impl.RemoteTCPConnection$4.run(RemoteTCPConnection.java:1111)\n\tat com.ibm.mq.jmqi.remote.impl.RemoteTCPConnection$4.run(RemoteTCPConnection.java:1103)\n\tat java.base/java.security.AccessController.doPrivileged(Unknown Source)\n\tat com.ibm.mq.jmqi.remote.impl.RemoteTCPConnection.connectSocket(RemoteTCPConnection.java:1103)\n\tat com.ibm.mq.jmqi.remote.impl.RemoteTCPConnection.bindAndConnectSocket(RemoteTCPConnection.java:843)\n\t... 30 common frames omitted\n","appName":"recon-consumer-app","application":"recon-consumer-app"}
{"@timestamp":"2026-05-10T09:25:14.665171003Z","@version":"1","message":"Could not refresh JMS Connection for destination 'RECON.RETRY' - retrying using FixedBackOff{interval=5000, currentAttempts=2, maxAttempts=unlimited}. Cause: JMSWMQ0018: Failed to connect to queue manager 'QM1' with connection mode 'Client' and host name 'ibm-mq.recon-platform.svc.cluster.local(1414)'.; nested exception is com.ibm.mq.MQException: JMSCMQ0001: IBM MQ call failed with compcode '2' ('MQCC_FAILED') reason '2538' ('MQRC_HOST_NOT_AVAILABLE').","logger_name":"org.springframework.jms.listener.DefaultMessageListenerContainer","thread_name":"org.springframework.jms.JmsListenerEndpointContainer#2-2","level":"ERROR","level_value":40000,"stack_trace":"com.ibm.msg.client.jakarta.jms.DetailedIllegalStateException: JMSWMQ0018: Failed to connect to queue manager 'QM1' with connection mode 'Client' and host name 'ibm-mq.recon-platform.svc.cluster.local(1414)'.\n\tat com.ibm.msg.client.jakarta.wmq.common.internal.Reason.reasonToException(Reason.java:489)\n\tat com.ibm.msg.client.jakarta.wmq.common.internal.Reason.createException(Reason.java:215)\n\tat com.ibm.msg.client.jakarta.wmq.internal.WMQConnection.<init>(WMQConnection.java:482)\n\tat com.ibm.msg.client.jakarta.wmq.factories.WMQConnectionFactory.createV7ProviderConnection(WMQConnectionFactory.java:9009)\n\tat com.ibm.msg.client.jakarta.wmq.factories.WMQConnectionFactory.createProviderConnection(WMQConnectionFactory.java:8349)\n\tat com.ibm.msg.client.jakarta.jms.admin.JmsConnectionFactoryImpl._createConnection(JmsConnectionFactoryImpl.java:322)\n\tat com.ibm.msg.client.jakarta.jms.admin.JmsConnectionFactoryImpl.createConnection(JmsConnectionFactoryImpl.java:242)\n\tat com.ibm.mq.jakarta.jms.MQConnectionFactory.createCommonConnection(MQConnectionFactory.java:6193)\n\tat com.ibm.mq.jakarta.jms.MQConnectionFactory.createConnection(MQConnectionFactory.java:6222)\n\tat org.springframework.jms.connection.SingleConnectionFactory.doCreateConnection(SingleConnectionFactory.java:452)\n\tat org.springframework.jms.connection.SingleConnectionFactory.initConnection(SingleConnectionFactory.java:414)\n\tat org.springframework.jms.connection.SingleConnectionFactory.getConnection(SingleConnectionFactory.java:328)\n\tat org.springframework.jms.connection.SingleConnectionFactory.createConnection(SingleConnectionFactory.java:243)\n\tat org.springframework.jms.support.JmsAccessor.createConnection(JmsAccessor.java:211)\n\tat org.springframework.jms.listener.AbstractJmsListeningContainer.createSharedConnection(AbstractJmsListeningContainer.java:405)\n\tat org.springframework.jms.listener.AbstractJmsListeningContainer.refreshSharedConnection(AbstractJmsListeningContainer.java:390)\n\tat org.springframework.jms.listener.DefaultMessageListenerContainer.refreshConnectionUntilSuccessful(DefaultMessageListenerContainer.java:1004)\n\tat org.springframework.jms.listener.DefaultMessageListenerContainer.recoverAfterListenerSetupFailure(DefaultMessageListenerContainer.java:978)\n\tat org.springframework.jms.listener.DefaultMessageListenerContainer$AsyncMessageListenerInvoker.run(DefaultMessageListenerContainer.java:1166)\n\tat java.base/java.lang.Thread.run(Unknown Source)\nCaused by: com.ibm.mq.MQException: JMSCMQ0001: IBM MQ call failed with compcode '2' ('MQCC_FAILED') reason '2538' ('MQRC_HOST_NOT_AVAILABLE').\n\tat com.ibm.msg.client.jakarta.wmq.common.internal.Reason.createException(Reason.java:203)\n\t... 18 common frames omitted\nCaused by: com.ibm.mq.jmqi.JmqiException: CC=2;RC=2538;AMQ9204: Connection to host 'ibm-mq.recon-platform.svc.cluster.local(1414)' rejected. [1=com.ibm.mq.jmqi.JmqiException[CC=2;RC=2538;AMQ9204: Connection to host 'ibm-mq.recon-platform.svc.cluster.local/10.100.195.132:1414' rejected. [1=java.net.ConnectException[Connection refused],3=ibm-mq.recon-platform.svc.cluster.local/10.100.195.132:1414,4=TCP,5=Socket.connect]],3=ibm-mq.recon-platform.svc.cluster.local(1414),4=,5=RemoteTCPConnection.bindAndConnectSocket]\n\tat com.ibm.mq.jmqi.remote.api.RemoteFAP$Connector.jmqiConnect(RemoteFAP.java:13687)\n\tat com.ibm.mq.jmqi.remote.api.RemoteFAP$Connector.access$100(RemoteFAP.java:13202)\n\tat com.ibm.mq.jmqi.remote.api.RemoteFAP.jmqiConnect(RemoteFAP.java:1451)\n\tat com.ibm.mq.jmqi.remote.api.RemoteFAP.jmqiConnect(RemoteFAP.java:1392)\n\tat com.ibm.mq.ese.jmqi.InterceptedJmqiImpl.jmqiConnect(InterceptedJmqiImpl.java:377)\n\tat com.ibm.mq.ese.jmqi.ESEJMQI.jmqiConnect(ESEJMQI.java:562)\n\tat com.ibm.msg.client.jakarta.wmq.internal.WMQConnection.<init>(WMQConnection.java:415)\n\t... 17 common frames omitted\nCaused by: com.ibm.mq.jmqi.JmqiException: CC=2;RC=2538;AMQ9204: Connection to host 'ibm-mq.recon-platform.svc.cluster.local/10.100.195.132:1414' rejected. [1=java.net.ConnectException[Connection refused],3=ibm-mq.recon-platform.svc.cluster.local/10.100.195.132:1414,4=TCP,5=Socket.connect]\n\tat com.ibm.mq.jmqi.remote.impl.RemoteTCPConnection.bindAndConnectSocket(RemoteTCPConnection.java:937)\n\tat com.ibm.mq.jmqi.remote.impl.RemoteTCPConnection.protocolConnect(RemoteTCPConnection.java:1511)\n\tat com.ibm.mq.jmqi.remote.impl.RemoteConnection.connect(RemoteConnection.java:1014)\n\tat com.ibm.mq.jmqi.remote.impl.RemoteConnectionSpecification.getNewConnection(RemoteConnectionSpecification.java:691)\n\tat com.ibm.mq.jmqi.remote.impl.RemoteConnectionSpecification.getSessionFromNewConnection(RemoteConnectionSpecification.java:283)\n\tat com.ibm.mq.jmqi.remote.impl.RemoteConnectionSpecification.getSession(RemoteConnectionSpecification.java:170)\n\tat com.ibm.mq.jmqi.remote.impl.RemoteConnectionPool.getSession(RemoteConnectionPool.java:128)\n\tat com.ibm.mq.jmqi.remote.api.RemoteFAP$Connector.jmqiConnect(RemoteFAP.java:13411)\n\t... 23 common frames omitted\nCaused by: java.net.ConnectException: Connection refused\n\tat java.base/sun.nio.ch.Net.connect0(Native Method)\n\tat java.base/sun.nio.ch.Net.connect(Unknown Source)\n\tat java.base/sun.nio.ch.Net.connect(Unknown Source)\n\tat java.base/sun.nio.ch.NioSocketImpl.connect(Unknown Source)\n\tat java.base/java.net.SocksSocketImpl.connect(Unknown Source)\n\tat java.base/java.net.Socket.connect(Unknown Source)\n\tat java.base/java.net.Socket.connect(Unknown Source)\n\tat com.ibm.mq.jmqi.remote.impl.RemoteTCPConnection$4.run(RemoteTCPConnection.java:1111)\n\tat com.ibm.mq.jmqi.remote.impl.RemoteTCPConnection$4.run(RemoteTCPConnection.java:1103)\n\tat java.base/java.security.AccessController.doPrivileged(Unknown Source)\n\tat com.ibm.mq.jmqi.remote.impl.RemoteTCPConnection.connectSocket(RemoteTCPConnection.java:1103)\n\tat com.ibm.mq.jmqi.remote.impl.RemoteTCPConnection.bindAndConnectSocket(RemoteTCPConnection.java:843)\n\t... 30 common frames omitted\n","appName":"recon-consumer-app","application":"recon-consumer-app"}
{"@timestamp":"2026-05-10T09:25:15.705322776Z","@version":"1","message":"Could not refresh JMS Connection for destination 'SYSTEM.DEAD.LETTER.QUEUE' - retrying using FixedBackOff{interval=5000, currentAttempts=2, maxAttempts=unlimited}. Cause: JMSWMQ0018: Failed to connect to queue manager 'QM1' with connection mode 'Client' and host name 'ibm-mq.recon-platform.svc.cluster.local(1414)'.; nested exception is com.ibm.mq.MQException: JMSCMQ0001: IBM MQ call failed with compcode '2' ('MQCC_FAILED') reason '2538' ('MQRC_HOST_NOT_AVAILABLE').","logger_name":"org.springframework.jms.listener.DefaultMessageListenerContainer","thread_name":"org.springframework.jms.JmsListenerEndpointContainer#0-1","level":"ERROR","level_value":40000,"stack_trace":"com.ibm.msg.client.jakarta.jms.DetailedIllegalStateException: JMSWMQ0018: Failed to connect to queue manager 'QM1' with connection mode 'Client' and host name 'ibm-mq.recon-platform.svc.cluster.local(1414)'.\n\tat com.ibm.msg.client.jakarta.wmq.common.internal.Reason.reasonToException(Reason.java:489)\n\tat com.ibm.msg.client.jakarta.wmq.common.internal.Reason.createException(Reason.java:215)\n\tat com.ibm.msg.client.jakarta.wmq.internal.WMQConnection.<init>(WMQConnection.java:482)\n\tat com.ibm.msg.client.jakarta.wmq.factories.WMQConnectionFactory.createV7ProviderConnection(WMQConnectionFactory.java:9009)\n\tat com.ibm.msg.client.jakarta.wmq.factories.WMQConnectionFactory.createProviderConnection(WMQConnectionFactory.java:8349)\n\tat com.ibm.msg.client.jakarta.jms.admin.JmsConnectionFactoryImpl._createConnection(JmsConnectionFactoryImpl.java:322)\n\tat com.ibm.msg.client.jakarta.jms.admin.JmsConnectionFactoryImpl.createConnection(JmsConnectionFactoryImpl.java:242)\n\tat com.ibm.mq.jakarta.jms.MQConnectionFactory.createCommonConnection(MQConnectionFactory.java:6193)\n\tat com.ibm.mq.jakarta.jms.MQConnectionFactory.createConnection(MQConnectionFactory.java:6222)\n\tat org.springframework.jms.connection.SingleConnectionFactory.doCreateConnection(SingleConnectionFactory.java:452)\n\tat org.springframework.jms.connection.SingleConnectionFactory.initConnection(SingleConnectionFactory.java:414)\n\tat org.springframework.jms.connection.SingleConnectionFactory.getConnection(SingleConnectionFactory.java:328)\n\tat org.springframework.jms.connection.SingleConnectionFactory.createConnection(SingleConnectionFactory.java:243)\n\tat org.springframework.jms.support.JmsAccessor.createConnection(JmsAccessor.java:211)\n\tat org.springframework.jms.listener.AbstractJmsListeningContainer.createSharedConnection(AbstractJmsListeningContainer.java:405)\n\tat org.springframework.jms.listener.AbstractJmsListeningContainer.refreshSharedConnection(AbstractJmsListeningContainer.java:390)\n\tat org.springframework.jms.listener.DefaultMessageListenerContainer.refreshConnectionUntilSuccessful(DefaultMessageListenerContainer.java:1004)\n\tat org.springframework.jms.listener.DefaultMessageListenerContainer.recoverAfterListenerSetupFailure(DefaultMessageListenerContainer.java:978)\n\tat org.springframework.jms.listener.DefaultMessageListenerContainer$AsyncMessageListenerInvoker.run(DefaultMessageListenerContainer.java:1166)\n\tat java.base/java.lang.Thread.run(Unknown Source)\nCaused by: com.ibm.mq.MQException: JMSCMQ0001: IBM MQ call failed with compcode '2' ('MQCC_FAILED') reason '2538' ('MQRC_HOST_NOT_AVAILABLE').\n\tat com.ibm.msg.client.jakarta.wmq.common.internal.Reason.createException(Reason.java:203)\n\t... 18 common frames omitted\nCaused by: com.ibm.mq.jmqi.JmqiException: CC=2;RC=2538;AMQ9204: Connection to host 'ibm-mq.recon-platform.svc.cluster.local(1414)' rejected. [1=com.ibm.mq.jmqi.JmqiException[CC=2;RC=2538;AMQ9204: Connection to host 'ibm-mq.recon-platform.svc.cluster.local/10.100.195.132:1414' rejected. [1=java.net.ConnectException[Connection refused],3=ibm-mq.recon-platform.svc.cluster.local/10.100.195.132:1414,4=TCP,5=Socket.connect]],3=ibm-mq.recon-platform.svc.cluster.local(1414),4=,5=RemoteTCPConnection.bindAndConnectSocket]\n\tat com.ibm.mq.jmqi.remote.api.RemoteFAP$Connector.jmqiConnect(RemoteFAP.java:13687)\n\tat com.ibm.mq.jmqi.remote.api.RemoteFAP$Connector.access$100(RemoteFAP.java:13202)\n\tat com.ibm.mq.jmqi.remote.api.RemoteFAP.jmqiConnect(RemoteFAP.java:1451)\n\tat com.ibm.mq.jmqi.remote.api.RemoteFAP.jmqiConnect(RemoteFAP.java:1392)\n\tat com.ibm.mq.ese.jmqi.InterceptedJmqiImpl.jmqiConnect(InterceptedJmqiImpl.java:377)\n\tat com.ibm.mq.ese.jmqi.ESEJMQI.jmqiConnect(ESEJMQI.java:562)\n\tat com.ibm.msg.client.jakarta.wmq.internal.WMQConnection.<init>(WMQConnection.java:415)\n\t... 17 common frames omitted\nCaused by: com.ibm.mq.jmqi.JmqiException: CC=2;RC=2538;AMQ9204: Connection to host 'ibm-mq.recon-platform.svc.cluster.local/10.100.195.132:1414' rejected. [1=java.net.ConnectException[Connection refused],3=ibm-mq.recon-platform.svc.cluster.local/10.100.195.132:1414,4=TCP,5=Socket.connect]\n\tat com.ibm.mq.jmqi.remote.impl.RemoteTCPConnection.bindAndConnectSocket(RemoteTCPConnection.java:937)\n\tat com.ibm.mq.jmqi.remote.impl.RemoteTCPConnection.protocolConnect(RemoteTCPConnection.java:1511)\n\tat com.ibm.mq.jmqi.remote.impl.RemoteConnection.connect(RemoteConnection.java:1014)\n\tat com.ibm.mq.jmqi.remote.impl.RemoteConnectionSpecification.getNewConnection(RemoteConnectionSpecification.java:691)\n\tat com.ibm.mq.jmqi.remote.impl.RemoteConnectionSpecification.getSessionFromNewConnection(RemoteConnectionSpecification.java:283)\n\tat com.ibm.mq.jmqi.remote.impl.RemoteConnectionSpecification.getSession(RemoteConnectionSpecification.java:170)\n\tat com.ibm.mq.jmqi.remote.impl.RemoteConnectionPool.getSession(RemoteConnectionPool.java:128)\n\tat com.ibm.mq.jmqi.remote.api.RemoteFAP$Connector.jmqiConnect(RemoteFAP.java:13411)\n\t... 23 common frames omitted\nCaused by: java.net.ConnectException: Connection refused\n\tat java.base/sun.nio.ch.Net.connect0(Native Method)\n\tat java.base/sun.nio.ch.Net.connect(Unknown Source)\n\tat java.base/sun.nio.ch.Net.connect(Unknown Source)\n\tat java.base/sun.nio.ch.NioSocketImpl.connect(Unknown Source)\n\tat java.base/java.net.SocksSocketImpl.connect(Unknown Source)\n\tat java.base/java.net.Socket.connect(Unknown Source)\n\tat java.base/java.net.Socket.connect(Unknown Source)\n\tat com.ibm.mq.jmqi.remote.impl.RemoteTCPConnection$4.run(RemoteTCPConnection.java:1111)\n\tat com.ibm.mq.jmqi.remote.impl.RemoteTCPConnection$4.run(RemoteTCPConnection.java:1103)\n\tat java.base/java.security.AccessController.doPrivileged(Unknown Source)\n\tat com.ibm.mq.jmqi.remote.impl.RemoteTCPConnection.connectSocket(RemoteTCPConnection.java:1103)\n\tat com.ibm.mq.jmqi.remote.impl.RemoteTCPConnection.bindAndConnectSocket(RemoteTCPConnection.java:843)\n\t... 30 common frames omitted\n","appName":"recon-consumer-app","application":"recon-consumer-app"}
{"@timestamp":"2026-05-10T09:25:16.75524522Z","@version":"1","message":"Could not refresh JMS Connection for destination 'RECON.IN' - retrying using FixedBackOff{interval=5000, currentAttempts=2, maxAttempts=unlimited}. Cause: JMSWMQ0018: Failed to connect to queue manager 'QM1' with connection mode 'Client' and host name 'ibm-mq.recon-platform.svc.cluster.local(1414)'.; nested exception is com.ibm.mq.MQException: JMSCMQ0001: IBM MQ call failed with compcode '2' ('MQCC_FAILED') reason '2538' ('MQRC_HOST_NOT_AVAILABLE').","logger_name":"org.springframework.jms.listener.DefaultMessageListenerContainer","thread_name":"org.springframework.jms.JmsListenerEndpointContainer#1-8","level":"ERROR","level_value":40000,"stack_trace":"com.ibm.msg.client.jakarta.jms.DetailedIllegalStateException: JMSWMQ0018: Failed to connect to queue manager 'QM1' with connection mode 'Client' and host name 'ibm-mq.recon-platform.svc.cluster.local(1414)'.\n\tat com.ibm.msg.client.jakarta.wmq.common.internal.Reason.reasonToException(Reason.java:489)\n\tat com.ibm.msg.client.jakarta.wmq.common.internal.Reason.createException(Reason.java:215)\n\tat com.ibm.msg.client.jakarta.wmq.internal.WMQConnection.<init>(WMQConnection.java:482)\n\tat com.ibm.msg.client.jakarta.wmq.factories.WMQConnectionFactory.createV7ProviderConnection(WMQConnectionFactory.java:9009)\n\tat com.ibm.msg.client.jakarta.wmq.factories.WMQConnectionFactory.createProviderConnection(WMQConnectionFactory.java:8349)\n\tat com.ibm.msg.client.jakarta.jms.admin.JmsConnectionFactoryImpl._createConnection(JmsConnectionFactoryImpl.java:322)\n\tat com.ibm.msg.client.jakarta.jms.admin.JmsConnectionFactoryImpl.createConnection(JmsConnectionFactoryImpl.java:242)\n\tat com.ibm.mq.jakarta.jms.MQConnectionFactory.createCommonConnection(MQConnectionFactory.java:6193)\n\tat com.ibm.mq.jakarta.jms.MQConnectionFactory.createConnection(MQConnectionFactory.java:6222)\n\tat org.springframework.jms.connection.SingleConnectionFactory.doCreateConnection(SingleConnectionFactory.java:452)\n\tat org.springframework.jms.connection.SingleConnectionFactory.initConnection(SingleConnectionFactory.java:414)\n\tat org.springframework.jms.connection.SingleConnectionFactory.getConnection(SingleConnectionFactory.java:328)\n\tat org.springframework.jms.connection.SingleConnectionFactory.createConnection(SingleConnectionFactory.java:243)\n\tat org.springframework.jms.support.JmsAccessor.createConnection(JmsAccessor.java:211)\n\tat org.springframework.jms.listener.AbstractJmsListeningContainer.createSharedConnection(AbstractJmsListeningContainer.java:405)\n\tat org.springframework.jms.listener.AbstractJmsListeningContainer.refreshSharedConnection(AbstractJmsListeningContainer.java:390)\n\tat org.springframework.jms.listener.DefaultMessageListenerContainer.refreshConnectionUntilSuccessful(DefaultMessageListenerContainer.java:1004)\n\tat org.springframework.jms.listener.DefaultMessageListenerContainer.recoverAfterListenerSetupFailure(DefaultMessageListenerContainer.java:978)\n\tat org.springframework.jms.listener.DefaultMessageListenerContainer$AsyncMessageListenerInvoker.run(DefaultMessageListenerContainer.java:1166)\n\tat java.base/java.lang.Thread.run(Unknown Source)\nCaused by: com.ibm.mq.MQException: JMSCMQ0001: IBM MQ call failed with compcode '2' ('MQCC_FAILED') reason '2538' ('MQRC_HOST_NOT_AVAILABLE').\n\tat com.ibm.msg.client.jakarta.wmq.common.internal.Reason.createException(Reason.java:203)\n\t... 18 common frames omitted\nCaused by: com.ibm.mq.jmqi.JmqiException: CC=2;RC=2538;AMQ9204: Connection to host 'ibm-mq.recon-platform.svc.cluster.local(1414)' rejected. [1=com.ibm.mq.jmqi.JmqiException[CC=2;RC=2538;AMQ9204: Connection to host 'ibm-mq.recon-platform.svc.cluster.local/10.100.195.132:1414' rejected. [1=java.net.ConnectException[Connection refused],3=ibm-mq.recon-platform.svc.cluster.local/10.100.195.132:1414,4=TCP,5=Socket.connect]],3=ibm-mq.recon-platform.svc.cluster.local(1414),4=,5=RemoteTCPConnection.bindAndConnectSocket]\n\tat com.ibm.mq.jmqi.remote.api.RemoteFAP$Connector.jmqiConnect(RemoteFAP.java:13687)\n\tat com.ibm.mq.jmqi.remote.api.RemoteFAP$Connector.access$100(RemoteFAP.java:13202)\n\tat com.ibm.mq.jmqi.remote.api.RemoteFAP.jmqiConnect(RemoteFAP.java:1451)\n\tat com.ibm.mq.jmqi.remote.api.RemoteFAP.jmqiConnect(RemoteFAP.java:1392)\n\tat com.ibm.mq.ese.jmqi.InterceptedJmqiImpl.jmqiConnect(InterceptedJmqiImpl.java:377)\n\tat com.ibm.mq.ese.jmqi.ESEJMQI.jmqiConnect(ESEJMQI.java:562)\n\tat com.ibm.msg.client.jakarta.wmq.internal.WMQConnection.<init>(WMQConnection.java:415)\n\t... 17 common frames omitted\nCaused by: com.ibm.mq.jmqi.JmqiException: CC=2;RC=2538;AMQ9204: Connection to host 'ibm-mq.recon-platform.svc.cluster.local/10.100.195.132:1414' rejected. [1=java.net.ConnectException[Connection refused],3=ibm-mq.recon-platform.svc.cluster.local/10.100.195.132:1414,4=TCP,5=Socket.connect]\n\tat com.ibm.mq.jmqi.remote.impl.RemoteTCPConnection.bindAndConnectSocket(RemoteTCPConnection.java:937)\n\tat com.ibm.mq.jmqi.remote.impl.RemoteTCPConnection.protocolConnect(RemoteTCPConnection.java:1511)\n\tat com.ibm.mq.jmqi.remote.impl.RemoteConnection.connect(RemoteConnection.java:1014)\n\tat com.ibm.mq.jmqi.remote.impl.RemoteConnectionSpecification.getNewConnection(RemoteConnectionSpecification.java:691)\n\tat com.ibm.mq.jmqi.remote.impl.RemoteConnectionSpecification.getSessionFromNewConnection(RemoteConnectionSpecification.java:283)\n\tat com.ibm.mq.jmqi.remote.impl.RemoteConnectionSpecification.getSession(RemoteConnectionSpecification.java:170)\n\tat com.ibm.mq.jmqi.remote.impl.RemoteConnectionPool.getSession(RemoteConnectionPool.java:128)\n\tat com.ibm.mq.jmqi.remote.api.RemoteFAP$Connector.jmqiConnect(RemoteFAP.java:13411)\n\t... 23 common frames omitted\nCaused by: java.net.ConnectException: Connection refused\n\tat java.base/sun.nio.ch.Net.connect0(Native Method)\n\tat java.base/sun.nio.ch.Net.connect(Unknown Source)\n\tat java.base/sun.nio.ch.Net.connect(Unknown Source)\n\tat java.base/sun.nio.ch.NioSocketImpl.connect(Unknown Source)\n\tat java.base/java.net.SocksSocketImpl.connect(Unknown Source)\n\tat java.base/java.net.Socket.connect(Unknown Source)\n\tat java.base/java.net.Socket.connect(Unknown Source)\n\tat com.ibm.mq.jmqi.remote.impl.RemoteTCPConnection$4.run(RemoteTCPConnection.java:1111)\n\tat com.ibm.mq.jmqi.remote.impl.RemoteTCPConnection$4.run(RemoteTCPConnection.java:1103)\n\tat java.base/java.security.AccessController.doPrivileged(Unknown Source)\n\tat com.ibm.mq.jmqi.remote.impl.RemoteTCPConnection.connectSocket(RemoteTCPConnection.java:1103)\n\tat com.ibm.mq.jmqi.remote.impl.RemoteTCPConnection.bindAndConnectSocket(RemoteTCPConnection.java:843)\n\t... 30 common frames omitted\n","appName":"recon-consumer-app","application":"recon-consumer-app"}
{"@timestamp":"2026-05-10T09:25:20.755108173Z","@version":"1","message":"Could not refresh JMS Connection for destination 'RECON.RETRY' - retrying using FixedBackOff{interval=5000, currentAttempts=3, maxAttempts=unlimited}. Cause: JMSWMQ0018: Failed to connect to queue manager 'QM1' with connection mode 'Client' and host name 'ibm-mq.recon-platform.svc.cluster.local(1414)'.; nested exception is com.ibm.mq.MQException: JMSCMQ0001: IBM MQ call failed with compcode '2' ('MQCC_FAILED') reason '2538' ('MQRC_HOST_NOT_AVAILABLE').","logger_name":"org.springframework.jms.listener.DefaultMessageListenerContainer","thread_name":"org.springframework.jms.JmsListenerEndpointContainer#2-2","level":"ERROR","level_value":40000,"stack_trace":"com.ibm.msg.client.jakarta.jms.DetailedIllegalStateException: JMSWMQ0018: Failed to connect to queue manager 'QM1' with connection mode 'Client' and host name 'ibm-mq.recon-platform.svc.cluster.local(1414)'.\n\tat com.ibm.msg.client.jakarta.wmq.common.internal.Reason.reasonToException(Reason.java:489)\n\tat com.ibm.msg.client.jakarta.wmq.common.internal.Reason.createException(Reason.java:215)\n\tat com.ibm.msg.client.jakarta.wmq.internal.WMQConnection.<init>(WMQConnection.java:482)\n\tat com.ibm.msg.client.jakarta.wmq.factories.WMQConnectionFactory.createV7ProviderConnection(WMQConnectionFactory.java:9009)\n\tat com.ibm.msg.client.jakarta.wmq.factories.WMQConnectionFactory.createProviderConnection(WMQConnectionFactory.java:8349)\n\tat com.ibm.msg.client.jakarta.jms.admin.JmsConnectionFactoryImpl._createConnection(JmsConnectionFactoryImpl.java:322)\n\tat com.ibm.msg.client.jakarta.jms.admin.JmsConnectionFactoryImpl.createConnection(JmsConnectionFactoryImpl.java:242)\n\tat com.ibm.mq.jakarta.jms.MQConnectionFactory.createCommonConnection(MQConnectionFactory.java:6193)\n\tat com.ibm.mq.jakarta.jms.MQConnectionFactory.createConnection(MQConnectionFactory.java:6222)\n\tat org.springframework.jms.connection.SingleConnectionFactory.doCreateConnection(SingleConnectionFactory.java:452)\n\tat org.springframework.jms.connection.SingleConnectionFactory.initConnection(SingleConnectionFactory.java:414)\n\tat org.springframework.jms.connection.SingleConnectionFactory.getConnection(SingleConnectionFactory.java:328)\n\tat org.springframework.jms.connection.SingleConnectionFactory.createConnection(SingleConnectionFactory.java:243)\n\tat org.springframework.jms.support.JmsAccessor.createConnection(JmsAccessor.java:211)\n\tat org.springframework.jms.listener.AbstractJmsListeningContainer.createSharedConnection(AbstractJmsListeningContainer.java:405)\n\tat org.springframework.jms.listener.AbstractJmsListeningContainer.refreshSharedConnection(AbstractJmsListeningContainer.java:390)\n\tat org.springframework.jms.listener.DefaultMessageListenerContainer.refreshConnectionUntilSuccessful(DefaultMessageListenerContainer.java:1004)\n\tat org.springframework.jms.listener.DefaultMessageListenerContainer.recoverAfterListenerSetupFailure(DefaultMessageListenerContainer.java:978)\n\tat org.springframework.jms.listener.DefaultMessageListenerContainer$AsyncMessageListenerInvoker.run(DefaultMessageListenerContainer.java:1166)\n\tat java.base/java.lang.Thread.run(Unknown Source)\nCaused by: com.ibm.mq.MQException: JMSCMQ0001: IBM MQ call failed with compcode '2' ('MQCC_FAILED') reason '2538' ('MQRC_HOST_NOT_AVAILABLE').\n\tat com.ibm.msg.client.jakarta.wmq.common.internal.Reason.createException(Reason.java:203)\n\t... 18 common frames omitted\nCaused by: com.ibm.mq.jmqi.JmqiException: CC=2;RC=2538;AMQ9204: Connection to host 'ibm-mq.recon-platform.svc.cluster.local(1414)' rejected. [1=com.ibm.mq.jmqi.JmqiException[CC=2;RC=2538;AMQ9204: Connection to host 'ibm-mq.recon-platform.svc.cluster.local/10.100.195.132:1414' rejected. [1=java.net.ConnectException[Connection refused],3=ibm-mq.recon-platform.svc.cluster.local/10.100.195.132:1414,4=TCP,5=Socket.connect]],3=ibm-mq.recon-platform.svc.cluster.local(1414),4=,5=RemoteTCPConnection.bindAndConnectSocket]\n\tat com.ibm.mq.jmqi.remote.api.RemoteFAP$Connector.jmqiConnect(RemoteFAP.java:13687)\n\tat com.ibm.mq.jmqi.remote.api.RemoteFAP$Connector.access$100(RemoteFAP.java:13202)\n\tat com.ibm.mq.jmqi.remote.api.RemoteFAP.jmqiConnect(RemoteFAP.java:1451)\n\tat com.ibm.mq.jmqi.remote.api.RemoteFAP.jmqiConnect(RemoteFAP.java:1392)\n\tat com.ibm.mq.ese.jmqi.InterceptedJmqiImpl.jmqiConnect(InterceptedJmqiImpl.java:377)\n\tat com.ibm.mq.ese.jmqi.ESEJMQI.jmqiConnect(ESEJMQI.java:562)\n\tat com.ibm.msg.client.jakarta.wmq.internal.WMQConnection.<init>(WMQConnection.java:415)\n\t... 17 common frames omitted\nCaused by: com.ibm.mq.jmqi.JmqiException: CC=2;RC=2538;AMQ9204: Connection to host 'ibm-mq.recon-platform.svc.cluster.local/10.100.195.132:1414' rejected. [1=java.net.ConnectException[Connection refused],3=ibm-mq.recon-platform.svc.cluster.local/10.100.195.132:1414,4=TCP,5=Socket.connect]\n\tat com.ibm.mq.jmqi.remote.impl.RemoteTCPConnection.bindAndConnectSocket(RemoteTCPConnection.java:937)\n\tat com.ibm.mq.jmqi.remote.impl.RemoteTCPConnection.protocolConnect(RemoteTCPConnection.java:1511)\n\tat com.ibm.mq.jmqi.remote.impl.RemoteConnection.connect(RemoteConnection.java:1014)\n\tat com.ibm.mq.jmqi.remote.impl.RemoteConnectionSpecification.getNewConnection(RemoteConnectionSpecification.java:691)\n\tat com.ibm.mq.jmqi.remote.impl.RemoteConnectionSpecification.getSessionFromNewConnection(RemoteConnectionSpecification.java:283)\n\tat com.ibm.mq.jmqi.remote.impl.RemoteConnectionSpecification.getSession(RemoteConnectionSpecification.java:170)\n\tat com.ibm.mq.jmqi.remote.impl.RemoteConnectionPool.getSession(RemoteConnectionPool.java:128)\n\tat com.ibm.mq.jmqi.remote.api.RemoteFAP$Connector.jmqiConnect(RemoteFAP.java:13411)\n\t... 23 common frames omitted\nCaused by: java.net.ConnectException: Connection refused\n\tat java.base/sun.nio.ch.Net.connect0(Native Method)\n\tat java.base/sun.nio.ch.Net.connect(Unknown Source)\n\tat java.base/sun.nio.ch.Net.connect(Unknown Source)\n\tat java.base/sun.nio.ch.NioSocketImpl.connect(Unknown Source)\n\tat java.base/java.net.SocksSocketImpl.connect(Unknown Source)\n\tat java.base/java.net.Socket.connect(Unknown Source)\n\tat java.base/java.net.Socket.connect(Unknown Source)\n\tat com.ibm.mq.jmqi.remote.impl.RemoteTCPConnection$4.run(RemoteTCPConnection.java:1111)\n\tat com.ibm.mq.jmqi.remote.impl.RemoteTCPConnection$4.run(RemoteTCPConnection.java:1103)\n\tat java.base/java.security.AccessController.doPrivileged(Unknown Source)\n\tat com.ibm.mq.jmqi.remote.impl.RemoteTCPConnection.connectSocket(RemoteTCPConnection.java:1103)\n\tat com.ibm.mq.jmqi.remote.impl.RemoteTCPConnection.bindAndConnectSocket(RemoteTCPConnection.java:843)\n\t... 30 common frames omitted\n","appName":"recon-consumer-app","application":"recon-consumer-app"}
{"@timestamp":"2026-05-10T09:25:21.785564436Z","@version":"1","message":"Could not refresh JMS Connection for destination 'SYSTEM.DEAD.LETTER.QUEUE' - retrying using FixedBackOff{interval=5000, currentAttempts=3, maxAttempts=unlimited}. Cause: JMSWMQ0018: Failed to connect to queue manager 'QM1' with connection mode 'Client' and host name 'ibm-mq.recon-platform.svc.cluster.local(1414)'.; nested exception is com.ibm.mq.MQException: JMSCMQ0001: IBM MQ call failed with compcode '2' ('MQCC_FAILED') reason '2538' ('MQRC_HOST_NOT_AVAILABLE').","logger_name":"org.springframework.jms.listener.DefaultMessageListenerContainer","thread_name":"org.springframework.jms.JmsListenerEndpointContainer#0-1","level":"ERROR","level_value":40000,"stack_trace":"com.ibm.msg.client.jakarta.jms.DetailedIllegalStateException: JMSWMQ0018: Failed to connect to queue manager 'QM1' with connection mode 'Client' and host name 'ibm-mq.recon-platform.svc.cluster.local(1414)'.\n\tat com.ibm.msg.client.jakarta.wmq.common.internal.Reason.reasonToException(Reason.java:489)\n\tat com.ibm.msg.client.jakarta.wmq.common.internal.Reason.createException(Reason.java:215)\n\tat com.ibm.msg.client.jakarta.wmq.internal.WMQConnection.<init>(WMQConnection.java:482)\n\tat com.ibm.msg.client.jakarta.wmq.factories.WMQConnectionFactory.createV7ProviderConnection(WMQConnectionFactory.java:9009)\n\tat com.ibm.msg.client.jakarta.wmq.factories.WMQConnectionFactory.createProviderConnection(WMQConnectionFactory.java:8349)\n\tat com.ibm.msg.client.jakarta.jms.admin.JmsConnectionFactoryImpl._createConnection(JmsConnectionFactoryImpl.java:322)\n\tat com.ibm.msg.client.jakarta.jms.admin.JmsConnectionFactoryImpl.createConnection(JmsConnectionFactoryImpl.java:242)\n\tat com.ibm.mq.jakarta.jms.MQConnectionFactory.createCommonConnection(MQConnectionFactory.java:6193)\n\tat com.ibm.mq.jakarta.jms.MQConnectionFactory.createConnection(MQConnectionFactory.java:6222)\n\tat org.springframework.jms.connection.SingleConnectionFactory.doCreateConnection(SingleConnectionFactory.java:452)\n\tat org.springframework.jms.connection.SingleConnectionFactory.initConnection(SingleConnectionFactory.java:414)\n\tat org.springframework.jms.connection.SingleConnectionFactory.getConnection(SingleConnectionFactory.java:328)\n\tat org.springframework.jms.connection.SingleConnectionFactory.createConnection(SingleConnectionFactory.java:243)\n\tat org.springframework.jms.support.JmsAccessor.createConnection(JmsAccessor.java:211)\n\tat org.springframework.jms.listener.AbstractJmsListeningContainer.createSharedConnection(AbstractJmsListeningContainer.java:405)\n\tat org.springframework.jms.listener.AbstractJmsListeningContainer.refreshSharedConnection(AbstractJmsListeningContainer.java:390)\n\tat org.springframework.jms.listener.DefaultMessageListenerContainer.refreshConnectionUntilSuccessful(DefaultMessageListenerContainer.java:1004)\n\tat org.springframework.jms.listener.DefaultMessageListenerContainer.recoverAfterListenerSetupFailure(DefaultMessageListenerContainer.java:978)\n\tat org.springframework.jms.listener.DefaultMessageListenerContainer$AsyncMessageListenerInvoker.run(DefaultMessageListenerContainer.java:1166)\n\tat java.base/java.lang.Thread.run(Unknown Source)\nCaused by: com.ibm.mq.MQException: JMSCMQ0001: IBM MQ call failed with compcode '2' ('MQCC_FAILED') reason '2538' ('MQRC_HOST_NOT_AVAILABLE').\n\tat com.ibm.msg.client.jakarta.wmq.common.internal.Reason.createException(Reason.java:203)\n\t... 18 common frames omitted\nCaused by: com.ibm.mq.jmqi.JmqiException: CC=2;RC=2538;AMQ9204: Connection to host 'ibm-mq.recon-platform.svc.cluster.local(1414)' rejected. [1=com.ibm.mq.jmqi.JmqiException[CC=2;RC=2538;AMQ9204: Connection to host 'ibm-mq.recon-platform.svc.cluster.local/10.100.195.132:1414' rejected. [1=java.net.ConnectException[Connection refused],3=ibm-mq.recon-platform.svc.cluster.local/10.100.195.132:1414,4=TCP,5=Socket.connect]],3=ibm-mq.recon-platform.svc.cluster.local(1414),4=,5=RemoteTCPConnection.bindAndConnectSocket]\n\tat com.ibm.mq.jmqi.remote.api.RemoteFAP$Connector.jmqiConnect(RemoteFAP.java:13687)\n\tat com.ibm.mq.jmqi.remote.api.RemoteFAP$Connector.access$100(RemoteFAP.java:13202)\n\tat com.ibm.mq.jmqi.remote.api.RemoteFAP.jmqiConnect(RemoteFAP.java:1451)\n\tat com.ibm.mq.jmqi.remote.api.RemoteFAP.jmqiConnect(RemoteFAP.java:1392)\n\tat com.ibm.mq.ese.jmqi.InterceptedJmqiImpl.jmqiConnect(InterceptedJmqiImpl.java:377)\n\tat com.ibm.mq.ese.jmqi.ESEJMQI.jmqiConnect(ESEJMQI.java:562)\n\tat com.ibm.msg.client.jakarta.wmq.internal.WMQConnection.<init>(WMQConnection.java:415)\n\t... 17 common frames omitted\nCaused by: com.ibm.mq.jmqi.JmqiException: CC=2;RC=2538;AMQ9204: Connection to host 'ibm-mq.recon-platform.svc.cluster.local/10.100.195.132:1414' rejected. [1=java.net.ConnectException[Connection refused],3=ibm-mq.recon-platform.svc.cluster.local/10.100.195.132:1414,4=TCP,5=Socket.connect]\n\tat com.ibm.mq.jmqi.remote.impl.RemoteTCPConnection.bindAndConnectSocket(RemoteTCPConnection.java:937)\n\tat com.ibm.mq.jmqi.remote.impl.RemoteTCPConnection.protocolConnect(RemoteTCPConnection.java:1511)\n\tat com.ibm.mq.jmqi.remote.impl.RemoteConnection.connect(RemoteConnection.java:1014)\n\tat com.ibm.mq.jmqi.remote.impl.RemoteConnectionSpecification.getNewConnection(RemoteConnectionSpecification.java:691)\n\tat com.ibm.mq.jmqi.remote.impl.RemoteConnectionSpecification.getSessionFromNewConnection(RemoteConnectionSpecification.java:283)\n\tat com.ibm.mq.jmqi.remote.impl.RemoteConnectionSpecification.getSession(RemoteConnectionSpecification.java:170)\n\tat com.ibm.mq.jmqi.remote.impl.RemoteConnectionPool.getSession(RemoteConnectionPool.java:128)\n\tat com.ibm.mq.jmqi.remote.api.RemoteFAP$Connector.jmqiConnect(RemoteFAP.java:13411)\n\t... 23 common frames omitted\nCaused by: java.net.ConnectException: Connection refused\n\tat java.base/sun.nio.ch.Net.connect0(Native Method)\n\tat java.base/sun.nio.ch.Net.connect(Unknown Source)\n\tat java.base/sun.nio.ch.Net.connect(Unknown Source)\n\tat java.base/sun.nio.ch.NioSocketImpl.connect(Unknown Source)\n\tat java.base/java.net.SocksSocketImpl.connect(Unknown Source)\n\tat java.base/java.net.Socket.connect(Unknown Source)\n\tat java.base/java.net.Socket.connect(Unknown Source)\n\tat com.ibm.mq.jmqi.remote.impl.RemoteTCPConnection$4.run(RemoteTCPConnection.java:1111)\n\tat com.ibm.mq.jmqi.remote.impl.RemoteTCPConnection$4.run(RemoteTCPConnection.java:1103)\n\tat java.base/java.security.AccessController.doPrivileged(Unknown Source)\n\tat com.ibm.mq.jmqi.remote.impl.RemoteTCPConnection.connectSocket(RemoteTCPConnection.java:1103)\n\tat com.ibm.mq.jmqi.remote.impl.RemoteTCPConnection.bindAndConnectSocket(RemoteTCPConnection.java:843)\n\t... 30 common frames omitted\n","appName":"recon-consumer-app","application":"recon-consumer-app"}
{"@timestamp":"2026-05-10T09:25:22.825463049Z","@version":"1","message":"Could not refresh JMS Connection for destination 'RECON.IN' - retrying using FixedBackOff{interval=5000, currentAttempts=3, maxAttempts=unlimited}. Cause: JMSWMQ0018: Failed to connect to queue manager 'QM1' with connection mode 'Client' and host name 'ibm-mq.recon-platform.svc.cluster.local(1414)'.; nested exception is com.ibm.mq.MQException: JMSCMQ0001: IBM MQ call failed with compcode '2' ('MQCC_FAILED') reason '2538' ('MQRC_HOST_NOT_AVAILABLE').","logger_name":"org.springframework.jms.listener.DefaultMessageListenerContainer","thread_name":"org.springframework.jms.JmsListenerEndpointContainer#1-8","level":"ERROR","level_value":40000,"stack_trace":"com.ibm.msg.client.jakarta.jms.DetailedIllegalStateException: JMSWMQ0018: Failed to connect to queue manager 'QM1' with connection mode 'Client' and host name 'ibm-mq.recon-platform.svc.cluster.local(1414)'.\n\tat com.ibm.msg.client.jakarta.wmq.common.internal.Reason.reasonToException(Reason.java:489)\n\tat com.ibm.msg.client.jakarta.wmq.common.internal.Reason.createException(Reason.java:215)\n\tat com.ibm.msg.client.jakarta.wmq.internal.WMQConnection.<init>(WMQConnection.java:482)\n\tat com.ibm.msg.client.jakarta.wmq.factories.WMQConnectionFactory.createV7ProviderConnection(WMQConnectionFactory.java:9009)\n\tat com.ibm.msg.client.jakarta.wmq.factories.WMQConnectionFactory.createProviderConnection(WMQConnectionFactory.java:8349)\n\tat com.ibm.msg.client.jakarta.jms.admin.JmsConnectionFactoryImpl._createConnection(JmsConnectionFactoryImpl.java:322)\n\tat com.ibm.msg.client.jakarta.jms.admin.JmsConnectionFactoryImpl.createConnection(JmsConnectionFactoryImpl.java:242)\n\tat com.ibm.mq.jakarta.jms.MQConnectionFactory.createCommonConnection(MQConnectionFactory.java:6193)\n\tat com.ibm.mq.jakarta.jms.MQConnectionFactory.createConnection(MQConnectionFactory.java:6222)\n\tat org.springframework.jms.connection.SingleConnectionFactory.doCreateConnection(SingleConnectionFactory.java:452)\n\tat org.springframework.jms.connection.SingleConnectionFactory.initConnection(SingleConnectionFactory.java:414)\n\tat org.springframework.jms.connection.SingleConnectionFactory.getConnection(SingleConnectionFactory.java:328)\n\tat org.springframework.jms.connection.SingleConnectionFactory.createConnection(SingleConnectionFactory.java:243)\n\tat org.springframework.jms.support.JmsAccessor.createConnection(JmsAccessor.java:211)\n\tat org.springframework.jms.listener.AbstractJmsListeningContainer.createSharedConnection(AbstractJmsListeningContainer.java:405)\n\tat org.springframework.jms.listener.AbstractJmsListeningContainer.refreshSharedConnection(AbstractJmsListeningContainer.java:390)\n\tat org.springframework.jms.listener.DefaultMessageListenerContainer.refreshConnectionUntilSuccessful(DefaultMessageListenerContainer.java:1004)\n\tat org.springframework.jms.listener.DefaultMessageListenerContainer.recoverAfterListenerSetupFailure(DefaultMessageListenerContainer.java:978)\n\tat org.springframework.jms.listener.DefaultMessageListenerContainer$AsyncMessageListenerInvoker.run(DefaultMessageListenerContainer.java:1166)\n\tat java.base/java.lang.Thread.run(Unknown Source)\nCaused by: com.ibm.mq.MQException: JMSCMQ0001: IBM MQ call failed with compcode '2' ('MQCC_FAILED') reason '2538' ('MQRC_HOST_NOT_AVAILABLE').\n\tat com.ibm.msg.client.jakarta.wmq.common.internal.Reason.createException(Reason.java:203)\n\t... 18 common frames omitted\nCaused by: com.ibm.mq.jmqi.JmqiException: CC=2;RC=2538;AMQ9204: Connection to host 'ibm-mq.recon-platform.svc.cluster.local(1414)' rejected. [1=com.ibm.mq.jmqi.JmqiException[CC=2;RC=2538;AMQ9204: Connection to host 'ibm-mq.recon-platform.svc.cluster.local/10.100.195.132:1414' rejected. [1=java.net.ConnectException[Connection refused],3=ibm-mq.recon-platform.svc.cluster.local/10.100.195.132:1414,4=TCP,5=Socket.connect]],3=ibm-mq.recon-platform.svc.cluster.local(1414),4=,5=RemoteTCPConnection.bindAndConnectSocket]\n\tat com.ibm.mq.jmqi.remote.api.RemoteFAP$Connector.jmqiConnect(RemoteFAP.java:13687)\n\tat com.ibm.mq.jmqi.remote.api.RemoteFAP$Connector.access$100(RemoteFAP.java:13202)\n\tat com.ibm.mq.jmqi.remote.api.RemoteFAP.jmqiConnect(RemoteFAP.java:1451)\n\tat com.ibm.mq.jmqi.remote.api.RemoteFAP.jmqiConnect(RemoteFAP.java:1392)\n\tat com.ibm.mq.ese.jmqi.InterceptedJmqiImpl.jmqiConnect(InterceptedJmqiImpl.java:377)\n\tat com.ibm.mq.ese.jmqi.ESEJMQI.jmqiConnect(ESEJMQI.java:562)\n\tat com.ibm.msg.client.jakarta.wmq.internal.WMQConnection.<init>(WMQConnection.java:415)\n\t... 17 common frames omitted\nCaused by: com.ibm.mq.jmqi.JmqiException: CC=2;RC=2538;AMQ9204: Connection to host 'ibm-mq.recon-platform.svc.cluster.local/10.100.195.132:1414' rejected. [1=java.net.ConnectException[Connection refused],3=ibm-mq.recon-platform.svc.cluster.local/10.100.195.132:1414,4=TCP,5=Socket.connect]\n\tat com.ibm.mq.jmqi.remote.impl.RemoteTCPConnection.bindAndConnectSocket(RemoteTCPConnection.java:937)\n\tat com.ibm.mq.jmqi.remote.impl.RemoteTCPConnection.protocolConnect(RemoteTCPConnection.java:1511)\n\tat com.ibm.mq.jmqi.remote.impl.RemoteConnection.connect(RemoteConnection.java:1014)\n\tat com.ibm.mq.jmqi.remote.impl.RemoteConnectionSpecification.getNewConnection(RemoteConnectionSpecification.java:691)\n\tat com.ibm.mq.jmqi.remote.impl.RemoteConnectionSpecification.getSessionFromNewConnection(RemoteConnectionSpecification.java:283)\n\tat com.ibm.mq.jmqi.remote.impl.RemoteConnectionSpecification.getSession(RemoteConnectionSpecification.java:170)\n\tat com.ibm.mq.jmqi.remote.impl.RemoteConnectionPool.getSession(RemoteConnectionPool.java:128)\n\tat com.ibm.mq.jmqi.remote.api.RemoteFAP$Connector.jmqiConnect(RemoteFAP.java:13411)\n\t... 23 common frames omitted\nCaused by: java.net.ConnectException: Connection refused\n\tat java.base/sun.nio.ch.Net.connect0(Native Method)\n\tat java.base/sun.nio.ch.Net.connect(Unknown Source)\n\tat java.base/sun.nio.ch.Net.connect(Unknown Source)\n\tat java.base/sun.nio.ch.NioSocketImpl.connect(Unknown Source)\n\tat java.base/java.net.SocksSocketImpl.connect(Unknown Source)\n\tat java.base/java.net.Socket.connect(Unknown Source)\n\tat java.base/java.net.Socket.connect(Unknown Source)\n\tat com.ibm.mq.jmqi.remote.impl.RemoteTCPConnection$4.run(RemoteTCPConnection.java:1111)\n\tat com.ibm.mq.jmqi.remote.impl.RemoteTCPConnection$4.run(RemoteTCPConnection.java:1103)\n\tat java.base/java.security.AccessController.doPrivileged(Unknown Source)\n\tat com.ibm.mq.jmqi.remote.impl.RemoteTCPConnection.connectSocket(RemoteTCPConnection.java:1103)\n\tat com.ibm.mq.jmqi.remote.impl.RemoteTCPConnection.bindAndConnectSocket(RemoteTCPConnection.java:843)\n\t... 30 common frames omitted\n","appName":"recon-consumer-app","application":"recon-consumer-app"}
{"@timestamp":"2026-05-10T09:25:26.82515346Z","@version":"1","message":"Could not refresh JMS Connection for destination 'RECON.RETRY' - retrying using FixedBackOff{interval=5000, currentAttempts=4, maxAttempts=unlimited}. Cause: JMSWMQ0018: Failed to connect to queue manager 'QM1' with connection mode 'Client' and host name 'ibm-mq.recon-platform.svc.cluster.local(1414)'.; nested exception is com.ibm.mq.MQException: JMSCMQ0001: IBM MQ call failed with compcode '2' ('MQCC_FAILED') reason '2538' ('MQRC_HOST_NOT_AVAILABLE').","logger_name":"org.springframework.jms.listener.DefaultMessageListenerContainer","thread_name":"org.springframework.jms.JmsListenerEndpointContainer#2-2","level":"ERROR","level_value":40000,"stack_trace":"com.ibm.msg.client.jakarta.jms.DetailedIllegalStateException: JMSWMQ0018: Failed to connect to queue manager 'QM1' with connection mode 'Client' and host name 'ibm-mq.recon-platform.svc.cluster.local(1414)'.\n\tat com.ibm.msg.client.jakarta.wmq.common.internal.Reason.reasonToException(Reason.java:489)\n\tat com.ibm.msg.client.jakarta.wmq.common.internal.Reason.createException(Reason.java:215)\n\tat com.ibm.msg.client.jakarta.wmq.internal.WMQConnection.<init>(WMQConnection.java:482)\n\tat com.ibm.msg.client.jakarta.wmq.factories.WMQConnectionFactory.createV7ProviderConnection(WMQConnectionFactory.java:9009)\n\tat com.ibm.msg.client.jakarta.wmq.factories.WMQConnectionFactory.createProviderConnection(WMQConnectionFactory.java:8349)\n\tat com.ibm.msg.client.jakarta.jms.admin.JmsConnectionFactoryImpl._createConnection(JmsConnectionFactoryImpl.java:322)\n\tat com.ibm.msg.client.jakarta.jms.admin.JmsConnectionFactoryImpl.createConnection(JmsConnectionFactoryImpl.java:242)\n\tat com.ibm.mq.jakarta.jms.MQConnectionFactory.createCommonConnection(MQConnectionFactory.java:6193)\n\tat com.ibm.mq.jakarta.jms.MQConnectionFactory.createConnection(MQConnectionFactory.java:6222)\n\tat org.springframework.jms.connection.SingleConnectionFactory.doCreateConnection(SingleConnectionFactory.java:452)\n\tat org.springframework.jms.connection.SingleConnectionFactory.initConnection(SingleConnectionFactory.java:414)\n\tat org.springframework.jms.connection.SingleConnectionFactory.getConnection(SingleConnectionFactory.java:328)\n\tat org.springframework.jms.connection.SingleConnectionFactory.createConnection(SingleConnectionFactory.java:243)\n\tat org.springframework.jms.support.JmsAccessor.createConnection(JmsAccessor.java:211)\n\tat org.springframework.jms.listener.AbstractJmsListeningContainer.createSharedConnection(AbstractJmsListeningContainer.java:405)\n\tat org.springframework.jms.listener.AbstractJmsListeningContainer.refreshSharedConnection(AbstractJmsListeningContainer.java:390)\n\tat org.springframework.jms.listener.DefaultMessageListenerContainer.refreshConnectionUntilSuccessful(DefaultMessageListenerContainer.java:1004)\n\tat org.springframework.jms.listener.DefaultMessageListenerContainer.recoverAfterListenerSetupFailure(DefaultMessageListenerContainer.java:978)\n\tat org.springframework.jms.listener.DefaultMessageListenerContainer$AsyncMessageListenerInvoker.run(DefaultMessageListenerContainer.java:1166)\n\tat java.base/java.lang.Thread.run(Unknown Source)\nCaused by: com.ibm.mq.MQException: JMSCMQ0001: IBM MQ call failed with compcode '2' ('MQCC_FAILED') reason '2538' ('MQRC_HOST_NOT_AVAILABLE').\n\tat com.ibm.msg.client.jakarta.wmq.common.internal.Reason.createException(Reason.java:203)\n\t... 18 common frames omitted\nCaused by: com.ibm.mq.jmqi.JmqiException: CC=2;RC=2538;AMQ9204: Connection to host 'ibm-mq.recon-platform.svc.cluster.local(1414)' rejected. [1=com.ibm.mq.jmqi.JmqiException[CC=2;RC=2538;AMQ9204: Connection to host 'ibm-mq.recon-platform.svc.cluster.local/10.100.195.132:1414' rejected. [1=java.net.ConnectException[Connection refused],3=ibm-mq.recon-platform.svc.cluster.local/10.100.195.132:1414,4=TCP,5=Socket.connect]],3=ibm-mq.recon-platform.svc.cluster.local(1414),4=,5=RemoteTCPConnection.bindAndConnectSocket]\n\tat com.ibm.mq.jmqi.remote.api.RemoteFAP$Connector.jmqiConnect(RemoteFAP.java:13687)\n\tat com.ibm.mq.jmqi.remote.api.RemoteFAP$Connector.access$100(RemoteFAP.java:13202)\n\tat com.ibm.mq.jmqi.remote.api.RemoteFAP.jmqiConnect(RemoteFAP.java:1451)\n\tat com.ibm.mq.jmqi.remote.api.RemoteFAP.jmqiConnect(RemoteFAP.java:1392)\n\tat com.ibm.mq.ese.jmqi.InterceptedJmqiImpl.jmqiConnect(InterceptedJmqiImpl.java:377)\n\tat com.ibm.mq.ese.jmqi.ESEJMQI.jmqiConnect(ESEJMQI.java:562)\n\tat com.ibm.msg.client.jakarta.wmq.internal.WMQConnection.<init>(WMQConnection.java:415)\n\t... 17 common frames omitted\nCaused by: com.ibm.mq.jmqi.JmqiException: CC=2;RC=2538;AMQ9204: Connection to host 'ibm-mq.recon-platform.svc.cluster.local/10.100.195.132:1414' rejected. [1=java.net.ConnectException[Connection refused],3=ibm-mq.recon-platform.svc.cluster.local/10.100.195.132:1414,4=TCP,5=Socket.connect]\n\tat com.ibm.mq.jmqi.remote.impl.RemoteTCPConnection.bindAndConnectSocket(RemoteTCPConnection.java:937)\n\tat com.ibm.mq.jmqi.remote.impl.RemoteTCPConnection.protocolConnect(RemoteTCPConnection.java:1511)\n\tat com.ibm.mq.jmqi.remote.impl.RemoteConnection.connect(RemoteConnection.java:1014)\n\tat com.ibm.mq.jmqi.remote.impl.RemoteConnectionSpecification.getNewConnection(RemoteConnectionSpecification.java:691)\n\tat com.ibm.mq.jmqi.remote.impl.RemoteConnectionSpecification.getSessionFromNewConnection(RemoteConnectionSpecification.java:283)\n\tat com.ibm.mq.jmqi.remote.impl.RemoteConnectionSpecification.getSession(RemoteConnectionSpecification.java:170)\n\tat com.ibm.mq.jmqi.remote.impl.RemoteConnectionPool.getSession(RemoteConnectionPool.java:128)\n\tat com.ibm.mq.jmqi.remote.api.RemoteFAP$Connector.jmqiConnect(RemoteFAP.java:13411)\n\t... 23 common frames omitted\nCaused by: java.net.ConnectException: Connection refused\n\tat java.base/sun.nio.ch.Net.connect0(Native Method)\n\tat java.base/sun.nio.ch.Net.connect(Unknown Source)\n\tat java.base/sun.nio.ch.Net.connect(Unknown Source)\n\tat java.base/sun.nio.ch.NioSocketImpl.connect(Unknown Source)\n\tat java.base/java.net.SocksSocketImpl.connect(Unknown Source)\n\tat java.base/java.net.Socket.connect(Unknown Source)\n\tat java.base/java.net.Socket.connect(Unknown Source)\n\tat com.ibm.mq.jmqi.remote.impl.RemoteTCPConnection$4.run(RemoteTCPConnection.java:1111)\n\tat com.ibm.mq.jmqi.remote.impl.RemoteTCPConnection$4.run(RemoteTCPConnection.java:1103)\n\tat java.base/java.security.AccessController.doPrivileged(Unknown Source)\n\tat com.ibm.mq.jmqi.remote.impl.RemoteTCPConnection.connectSocket(RemoteTCPConnection.java:1103)\n\tat com.ibm.mq.jmqi.remote.impl.RemoteTCPConnection.bindAndConnectSocket(RemoteTCPConnection.java:843)\n\t... 30 common frames omitted\n","appName":"recon-consumer-app","application":"recon-consumer-app"}
{"@timestamp":"2026-05-10T09:25:27.865132563Z","@version":"1","message":"Could not refresh JMS Connection for destination 'SYSTEM.DEAD.LETTER.QUEUE' - retrying using FixedBackOff{interval=5000, currentAttempts=4, maxAttempts=unlimited}. Cause: JMSWMQ0018: Failed to connect to queue manager 'QM1' with connection mode 'Client' and host name 'ibm-mq.recon-platform.svc.cluster.local(1414)'.; nested exception is com.ibm.mq.MQException: JMSCMQ0001: IBM MQ call failed with compcode '2' ('MQCC_FAILED') reason '2538' ('MQRC_HOST_NOT_AVAILABLE').","logger_name":"org.springframework.jms.listener.DefaultMessageListenerContainer","thread_name":"org.springframework.jms.JmsListenerEndpointContainer#0-1","level":"ERROR","level_value":40000,"stack_trace":"com.ibm.msg.client.jakarta.jms.DetailedIllegalStateException: JMSWMQ0018: Failed to connect to queue manager 'QM1' with connection mode 'Client' and host name 'ibm-mq.recon-platform.svc.cluster.local(1414)'.\n\tat com.ibm.msg.client.jakarta.wmq.common.internal.Reason.reasonToException(Reason.java:489)\n\tat com.ibm.msg.client.jakarta.wmq.common.internal.Reason.createException(Reason.java:215)\n\tat com.ibm.msg.client.jakarta.wmq.internal.WMQConnection.<init>(WMQConnection.java:482)\n\tat com.ibm.msg.client.jakarta.wmq.factories.WMQConnectionFactory.createV7ProviderConnection(WMQConnectionFactory.java:9009)\n\tat com.ibm.msg.client.jakarta.wmq.factories.WMQConnectionFactory.createProviderConnection(WMQConnectionFactory.java:8349)\n\tat com.ibm.msg.client.jakarta.jms.admin.JmsConnectionFactoryImpl._createConnection(JmsConnectionFactoryImpl.java:322)\n\tat com.ibm.msg.client.jakarta.jms.admin.JmsConnectionFactoryImpl.createConnection(JmsConnectionFactoryImpl.java:242)\n\tat com.ibm.mq.jakarta.jms.MQConnectionFactory.createCommonConnection(MQConnectionFactory.java:6193)\n\tat com.ibm.mq.jakarta.jms.MQConnectionFactory.createConnection(MQConnectionFactory.java:6222)\n\tat org.springframework.jms.connection.SingleConnectionFactory.doCreateConnection(SingleConnectionFactory.java:452)\n\tat org.springframework.jms.connection.SingleConnectionFactory.initConnection(SingleConnectionFactory.java:414)\n\tat org.springframework.jms.connection.SingleConnectionFactory.getConnection(SingleConnectionFactory.java:328)\n\tat org.springframework.jms.connection.SingleConnectionFactory.createConnection(SingleConnectionFactory.java:243)\n\tat org.springframework.jms.support.JmsAccessor.createConnection(JmsAccessor.java:211)\n\tat org.springframework.jms.listener.AbstractJmsListeningContainer.createSharedConnection(AbstractJmsListeningContainer.java:405)\n\tat org.springframework.jms.listener.AbstractJmsListeningContainer.refreshSharedConnection(AbstractJmsListeningContainer.java:390)\n\tat org.springframework.jms.listener.DefaultMessageListenerContainer.refreshConnectionUntilSuccessful(DefaultMessageListenerContainer.java:1004)\n\tat org.springframework.jms.listener.DefaultMessageListenerContainer.recoverAfterListenerSetupFailure(DefaultMessageListenerContainer.java:978)\n\tat org.springframework.jms.listener.DefaultMessageListenerContainer$AsyncMessageListenerInvoker.run(DefaultMessageListenerContainer.java:1166)\n\tat java.base/java.lang.Thread.run(Unknown Source)\nCaused by: com.ibm.mq.MQException: JMSCMQ0001: IBM MQ call failed with compcode '2' ('MQCC_FAILED') reason '2538' ('MQRC_HOST_NOT_AVAILABLE').\n\tat com.ibm.msg.client.jakarta.wmq.common.internal.Reason.createException(Reason.java:203)\n\t... 18 common frames omitted\nCaused by: com.ibm.mq.jmqi.JmqiException: CC=2;RC=2538;AMQ9204: Connection to host 'ibm-mq.recon-platform.svc.cluster.local(1414)' rejected. [1=com.ibm.mq.jmqi.JmqiException[CC=2;RC=2538;AMQ9204: Connection to host 'ibm-mq.recon-platform.svc.cluster.local/10.100.195.132:1414' rejected. [1=java.net.ConnectException[Connection refused],3=ibm-mq.recon-platform.svc.cluster.local/10.100.195.132:1414,4=TCP,5=Socket.connect]],3=ibm-mq.recon-platform.svc.cluster.local(1414),4=,5=RemoteTCPConnection.bindAndConnectSocket]\n\tat com.ibm.mq.jmqi.remote.api.RemoteFAP$Connector.jmqiConnect(RemoteFAP.java:13687)\n\tat com.ibm.mq.jmqi.remote.api.RemoteFAP$Connector.access$100(RemoteFAP.java:13202)\n\tat com.ibm.mq.jmqi.remote.api.RemoteFAP.jmqiConnect(RemoteFAP.java:1451)\n\tat com.ibm.mq.jmqi.remote.api.RemoteFAP.jmqiConnect(RemoteFAP.java:1392)\n\tat com.ibm.mq.ese.jmqi.InterceptedJmqiImpl.jmqiConnect(InterceptedJmqiImpl.java:377)\n\tat com.ibm.mq.ese.jmqi.ESEJMQI.jmqiConnect(ESEJMQI.java:562)\n\tat com.ibm.msg.client.jakarta.wmq.internal.WMQConnection.<init>(WMQConnection.java:415)\n\t... 17 common frames omitted\nCaused by: com.ibm.mq.jmqi.JmqiException: CC=2;RC=2538;AMQ9204: Connection to host 'ibm-mq.recon-platform.svc.cluster.local/10.100.195.132:1414' rejected. [1=java.net.ConnectException[Connection refused],3=ibm-mq.recon-platform.svc.cluster.local/10.100.195.132:1414,4=TCP,5=Socket.connect]\n\tat com.ibm.mq.jmqi.remote.impl.RemoteTCPConnection.bindAndConnectSocket(RemoteTCPConnection.java:937)\n\tat com.ibm.mq.jmqi.remote.impl.RemoteTCPConnection.protocolConnect(RemoteTCPConnection.java:1511)\n\tat com.ibm.mq.jmqi.remote.impl.RemoteConnection.connect(RemoteConnection.java:1014)\n\tat com.ibm.mq.jmqi.remote.impl.RemoteConnectionSpecification.getNewConnection(RemoteConnectionSpecification.java:691)\n\tat com.ibm.mq.jmqi.remote.impl.RemoteConnectionSpecification.getSessionFromNewConnection(RemoteConnectionSpecification.java:283)\n\tat com.ibm.mq.jmqi.remote.impl.RemoteConnectionSpecification.getSession(RemoteConnectionSpecification.java:170)\n\tat com.ibm.mq.jmqi.remote.impl.RemoteConnectionPool.getSession(RemoteConnectionPool.java:128)\n\tat com.ibm.mq.jmqi.remote.api.RemoteFAP$Connector.jmqiConnect(RemoteFAP.java:13411)\n\t... 23 common frames omitted\nCaused by: java.net.ConnectException: Connection refused\n\tat java.base/sun.nio.ch.Net.connect0(Native Method)\n\tat java.base/sun.nio.ch.Net.connect(Unknown Source)\n\tat java.base/sun.nio.ch.Net.connect(Unknown Source)\n\tat java.base/sun.nio.ch.NioSocketImpl.connect(Unknown Source)\n\tat java.base/java.net.SocksSocketImpl.connect(Unknown Source)\n\tat java.base/java.net.Socket.connect(Unknown Source)\n\tat java.base/java.net.Socket.connect(Unknown Source)\n\tat com.ibm.mq.jmqi.remote.impl.RemoteTCPConnection$4.run(RemoteTCPConnection.java:1111)\n\tat com.ibm.mq.jmqi.remote.impl.RemoteTCPConnection$4.run(RemoteTCPConnection.java:1103)\n\tat java.base/java.security.AccessController.doPrivileged(Unknown Source)\n\tat com.ibm.mq.jmqi.remote.impl.RemoteTCPConnection.connectSocket(RemoteTCPConnection.java:1103)\n\tat com.ibm.mq.jmqi.remote.impl.RemoteTCPConnection.bindAndConnectSocket(RemoteTCPConnection.java:843)\n\t... 30 common frames omitted\n","appName":"recon-consumer-app","application":"recon-consumer-app"}
{"@timestamp":"2026-05-10T09:25:28.905297577Z","@version":"1","message":"Could not refresh JMS Connection for destination 'RECON.IN' - retrying using FixedBackOff{interval=5000, currentAttempts=4, maxAttempts=unlimited}. Cause: JMSWMQ0018: Failed to connect to queue manager 'QM1' with connection mode 'Client' and host name 'ibm-mq.recon-platform.svc.cluster.local(1414)'.; nested exception is com.ibm.mq.MQException: JMSCMQ0001: IBM MQ call failed with compcode '2' ('MQCC_FAILED') reason '2538' ('MQRC_HOST_NOT_AVAILABLE').","logger_name":"org.springframework.jms.listener.DefaultMessageListenerContainer","thread_name":"org.springframework.jms.JmsListenerEndpointContainer#1-8","level":"ERROR","level_value":40000,"stack_trace":"com.ibm.msg.client.jakarta.jms.DetailedIllegalStateException: JMSWMQ0018: Failed to connect to queue manager 'QM1' with connection mode 'Client' and host name 'ibm-mq.recon-platform.svc.cluster.local(1414)'.\n\tat com.ibm.msg.client.jakarta.wmq.common.internal.Reason.reasonToException(Reason.java:489)\n\tat com.ibm.msg.client.jakarta.wmq.common.internal.Reason.createException(Reason.java:215)\n\tat com.ibm.msg.client.jakarta.wmq.internal.WMQConnection.<init>(WMQConnection.java:482)\n\tat com.ibm.msg.client.jakarta.wmq.factories.WMQConnectionFactory.createV7ProviderConnection(WMQConnectionFactory.java:9009)\n\tat com.ibm.msg.client.jakarta.wmq.factories.WMQConnectionFactory.createProviderConnection(WMQConnectionFactory.java:8349)\n\tat com.ibm.msg.client.jakarta.jms.admin.JmsConnectionFactoryImpl._createConnection(JmsConnectionFactoryImpl.java:322)\n\tat com.ibm.msg.client.jakarta.jms.admin.JmsConnectionFactoryImpl.createConnection(JmsConnectionFactoryImpl.java:242)\n\tat com.ibm.mq.jakarta.jms.MQConnectionFactory.createCommonConnection(MQConnectionFactory.java:6193)\n\tat com.ibm.mq.jakarta.jms.MQConnectionFactory.createConnection(MQConnectionFactory.java:6222)\n\tat org.springframework.jms.connection.SingleConnectionFactory.doCreateConnection(SingleConnectionFactory.java:452)\n\tat org.springframework.jms.connection.SingleConnectionFactory.initConnection(SingleConnectionFactory.java:414)\n\tat org.springframework.jms.connection.SingleConnectionFactory.getConnection(SingleConnectionFactory.java:328)\n\tat org.springframework.jms.connection.SingleConnectionFactory.createConnection(SingleConnectionFactory.java:243)\n\tat org.springframework.jms.support.JmsAccessor.createConnection(JmsAccessor.java:211)\n\tat org.springframework.jms.listener.AbstractJmsListeningContainer.createSharedConnection(AbstractJmsListeningContainer.java:405)\n\tat org.springframework.jms.listener.AbstractJmsListeningContainer.refreshSharedConnection(AbstractJmsListeningContainer.java:390)\n\tat org.springframework.jms.listener.DefaultMessageListenerContainer.refreshConnectionUntilSuccessful(DefaultMessageListenerContainer.java:1004)\n\tat org.springframework.jms.listener.DefaultMessageListenerContainer.recoverAfterListenerSetupFailure(DefaultMessageListenerContainer.java:978)\n\tat org.springframework.jms.listener.DefaultMessageListenerContainer$AsyncMessageListenerInvoker.run(DefaultMessageListenerContainer.java:1166)\n\tat java.base/java.lang.Thread.run(Unknown Source)\nCaused by: com.ibm.mq.MQException: JMSCMQ0001: IBM MQ call failed with compcode '2' ('MQCC_FAILED') reason '2538' ('MQRC_HOST_NOT_AVAILABLE').\n\tat com.ibm.msg.client.jakarta.wmq.common.internal.Reason.createException(Reason.java:203)\n\t... 18 common frames omitted\nCaused by: com.ibm.mq.jmqi.JmqiException: CC=2;RC=2538;AMQ9204: Connection to host 'ibm-mq.recon-platform.svc.cluster.local(1414)' rejected. [1=com.ibm.mq.jmqi.JmqiException[CC=2;RC=2538;AMQ9204: Connection to host 'ibm-mq.recon-platform.svc.cluster.local/10.100.195.132:1414' rejected. [1=java.net.ConnectException[Connection refused],3=ibm-mq.recon-platform.svc.cluster.local/10.100.195.132:1414,4=TCP,5=Socket.connect]],3=ibm-mq.recon-platform.svc.cluster.local(1414),4=,5=RemoteTCPConnection.bindAndConnectSocket]\n\tat com.ibm.mq.jmqi.remote.api.RemoteFAP$Connector.jmqiConnect(RemoteFAP.java:13687)\n\tat com.ibm.mq.jmqi.remote.api.RemoteFAP$Connector.access$100(RemoteFAP.java:13202)\n\tat com.ibm.mq.jmqi.remote.api.RemoteFAP.jmqiConnect(RemoteFAP.java:1451)\n\tat com.ibm.mq.jmqi.remote.api.RemoteFAP.jmqiConnect(RemoteFAP.java:1392)\n\tat com.ibm.mq.ese.jmqi.InterceptedJmqiImpl.jmqiConnect(InterceptedJmqiImpl.java:377)\n\tat com.ibm.mq.ese.jmqi.ESEJMQI.jmqiConnect(ESEJMQI.java:562)\n\tat com.ibm.msg.client.jakarta.wmq.internal.WMQConnection.<init>(WMQConnection.java:415)\n\t... 17 common frames omitted\nCaused by: com.ibm.mq.jmqi.JmqiException: CC=2;RC=2538;AMQ9204: Connection to host 'ibm-mq.recon-platform.svc.cluster.local/10.100.195.132:1414' rejected. [1=java.net.ConnectException[Connection refused],3=ibm-mq.recon-platform.svc.cluster.local/10.100.195.132:1414,4=TCP,5=Socket.connect]\n\tat com.ibm.mq.jmqi.remote.impl.RemoteTCPConnection.bindAndConnectSocket(RemoteTCPConnection.java:937)\n\tat com.ibm.mq.jmqi.remote.impl.RemoteTCPConnection.protocolConnect(RemoteTCPConnection.java:1511)\n\tat com.ibm.mq.jmqi.remote.impl.RemoteConnection.connect(RemoteConnection.java:1014)\n\tat com.ibm.mq.jmqi.remote.impl.RemoteConnectionSpecification.getNewConnection(RemoteConnectionSpecification.java:691)\n\tat com.ibm.mq.jmqi.remote.impl.RemoteConnectionSpecification.getSessionFromNewConnection(RemoteConnectionSpecification.java:283)\n\tat com.ibm.mq.jmqi.remote.impl.RemoteConnectionSpecification.getSession(RemoteConnectionSpecification.java:170)\n\tat com.ibm.mq.jmqi.remote.impl.RemoteConnectionPool.getSession(RemoteConnectionPool.java:128)\n\tat com.ibm.mq.jmqi.remote.api.RemoteFAP$Connector.jmqiConnect(RemoteFAP.java:13411)\n\t... 23 common frames omitted\nCaused by: java.net.ConnectException: Connection refused\n\tat java.base/sun.nio.ch.Net.connect0(Native Method)\n\tat java.base/sun.nio.ch.Net.connect(Unknown Source)\n\tat java.base/sun.nio.ch.Net.connect(Unknown Source)\n\tat java.base/sun.nio.ch.NioSocketImpl.connect(Unknown Source)\n\tat java.base/java.net.SocksSocketImpl.connect(Unknown Source)\n\tat java.base/java.net.Socket.connect(Unknown Source)\n\tat java.base/java.net.Socket.connect(Unknown Source)\n\tat com.ibm.mq.jmqi.remote.impl.RemoteTCPConnection$4.run(RemoteTCPConnection.java:1111)\n\tat com.ibm.mq.jmqi.remote.impl.RemoteTCPConnection$4.run(RemoteTCPConnection.java:1103)\n\tat java.base/java.security.AccessController.doPrivileged(Unknown Source)\n\tat com.ibm.mq.jmqi.remote.impl.RemoteTCPConnection.connectSocket(RemoteTCPConnection.java:1103)\n\tat com.ibm.mq.jmqi.remote.impl.RemoteTCPConnection.bindAndConnectSocket(RemoteTCPConnection.java:843)\n\t... 30 common frames omitted\n","appName":"recon-consumer-app","application":"recon-consumer-app"}
{"@timestamp":"2026-05-10T09:25:32.905157928Z","@version":"1","message":"Could not refresh JMS Connection for destination 'RECON.RETRY' - retrying using FixedBackOff{interval=5000, currentAttempts=5, maxAttempts=unlimited}. Cause: JMSWMQ0018: Failed to connect to queue manager 'QM1' with connection mode 'Client' and host name 'ibm-mq.recon-platform.svc.cluster.local(1414)'.; nested exception is com.ibm.mq.MQException: JMSCMQ0001: IBM MQ call failed with compcode '2' ('MQCC_FAILED') reason '2538' ('MQRC_HOST_NOT_AVAILABLE').","logger_name":"org.springframework.jms.listener.DefaultMessageListenerContainer","thread_name":"org.springframework.jms.JmsListenerEndpointContainer#2-2","level":"ERROR","level_value":40000,"stack_trace":"com.ibm.msg.client.jakarta.jms.DetailedIllegalStateException: JMSWMQ0018: Failed to connect to queue manager 'QM1' with connection mode 'Client' and host name 'ibm-mq.recon-platform.svc.cluster.local(1414)'.\n\tat com.ibm.msg.client.jakarta.wmq.common.internal.Reason.reasonToException(Reason.java:489)\n\tat com.ibm.msg.client.jakarta.wmq.common.internal.Reason.createException(Reason.java:215)\n\tat com.ibm.msg.client.jakarta.wmq.internal.WMQConnection.<init>(WMQConnection.java:482)\n\tat com.ibm.msg.client.jakarta.wmq.factories.WMQConnectionFactory.createV7ProviderConnection(WMQConnectionFactory.java:9009)\n\tat com.ibm.msg.client.jakarta.wmq.factories.WMQConnectionFactory.createProviderConnection(WMQConnectionFactory.java:8349)\n\tat com.ibm.msg.client.jakarta.jms.admin.JmsConnectionFactoryImpl._createConnection(JmsConnectionFactoryImpl.java:322)\n\tat com.ibm.msg.client.jakarta.jms.admin.JmsConnectionFactoryImpl.createConnection(JmsConnectionFactoryImpl.java:242)\n\tat com.ibm.mq.jakarta.jms.MQConnectionFactory.createCommonConnection(MQConnectionFactory.java:6193)\n\tat com.ibm.mq.jakarta.jms.MQConnectionFactory.createConnection(MQConnectionFactory.java:6222)\n\tat org.springframework.jms.connection.SingleConnectionFactory.doCreateConnection(SingleConnectionFactory.java:452)\n\tat org.springframework.jms.connection.SingleConnectionFactory.initConnection(SingleConnectionFactory.java:414)\n\tat org.springframework.jms.connection.SingleConnectionFactory.getConnection(SingleConnectionFactory.java:328)\n\tat org.springframework.jms.connection.SingleConnectionFactory.createConnection(SingleConnectionFactory.java:243)\n\tat org.springframework.jms.support.JmsAccessor.createConnection(JmsAccessor.java:211)\n\tat org.springframework.jms.listener.AbstractJmsListeningContainer.createSharedConnection(AbstractJmsListeningContainer.java:405)\n\tat org.springframework.jms.listener.AbstractJmsListeningContainer.refreshSharedConnection(AbstractJmsListeningContainer.java:390)\n\tat org.springframework.jms.listener.DefaultMessageListenerContainer.refreshConnectionUntilSuccessful(DefaultMessageListenerContainer.java:1004)\n\tat org.springframework.jms.listener.DefaultMessageListenerContainer.recoverAfterListenerSetupFailure(DefaultMessageListenerContainer.java:978)\n\tat org.springframework.jms.listener.DefaultMessageListenerContainer$AsyncMessageListenerInvoker.run(DefaultMessageListenerContainer.java:1166)\n\tat java.base/java.lang.Thread.run(Unknown Source)\nCaused by: com.ibm.mq.MQException: JMSCMQ0001: IBM MQ call failed with compcode '2' ('MQCC_FAILED') reason '2538' ('MQRC_HOST_NOT_AVAILABLE').\n\tat com.ibm.msg.client.jakarta.wmq.common.internal.Reason.createException(Reason.java:203)\n\t... 18 common frames omitted\nCaused by: com.ibm.mq.jmqi.JmqiException: CC=2;RC=2538;AMQ9204: Connection to host 'ibm-mq.recon-platform.svc.cluster.local(1414)' rejected. [1=com.ibm.mq.jmqi.JmqiException[CC=2;RC=2538;AMQ9204: Connection to host 'ibm-mq.recon-platform.svc.cluster.local/10.100.195.132:1414' rejected. [1=java.net.ConnectException[Connection refused],3=ibm-mq.recon-platform.svc.cluster.local/10.100.195.132:1414,4=TCP,5=Socket.connect]],3=ibm-mq.recon-platform.svc.cluster.local(1414),4=,5=RemoteTCPConnection.bindAndConnectSocket]\n\tat com.ibm.mq.jmqi.remote.api.RemoteFAP$Connector.jmqiConnect(RemoteFAP.java:13687)\n\tat com.ibm.mq.jmqi.remote.api.RemoteFAP$Connector.access$100(RemoteFAP.java:13202)\n\tat com.ibm.mq.jmqi.remote.api.RemoteFAP.jmqiConnect(RemoteFAP.java:1451)\n\tat com.ibm.mq.jmqi.remote.api.RemoteFAP.jmqiConnect(RemoteFAP.java:1392)\n\tat com.ibm.mq.ese.jmqi.InterceptedJmqiImpl.jmqiConnect(InterceptedJmqiImpl.java:377)\n\tat com.ibm.mq.ese.jmqi.ESEJMQI.jmqiConnect(ESEJMQI.java:562)\n\tat com.ibm.msg.client.jakarta.wmq.internal.WMQConnection.<init>(WMQConnection.java:415)\n\t... 17 common frames omitted\nCaused by: com.ibm.mq.jmqi.JmqiException: CC=2;RC=2538;AMQ9204: Connection to host 'ibm-mq.recon-platform.svc.cluster.local/10.100.195.132:1414' rejected. [1=java.net.ConnectException[Connection refused],3=ibm-mq.recon-platform.svc.cluster.local/10.100.195.132:1414,4=TCP,5=Socket.connect]\n\tat com.ibm.mq.jmqi.remote.impl.RemoteTCPConnection.bindAndConnectSocket(RemoteTCPConnection.java:937)\n\tat com.ibm.mq.jmqi.remote.impl.RemoteTCPConnection.protocolConnect(RemoteTCPConnection.java:1511)\n\tat com.ibm.mq.jmqi.remote.impl.RemoteConnection.connect(RemoteConnection.java:1014)\n\tat com.ibm.mq.jmqi.remote.impl.RemoteConnectionSpecification.getNewConnection(RemoteConnectionSpecification.java:691)\n\tat com.ibm.mq.jmqi.remote.impl.RemoteConnectionSpecification.getSessionFromNewConnection(RemoteConnectionSpecification.java:283)\n\tat com.ibm.mq.jmqi.remote.impl.RemoteConnectionSpecification.getSession(RemoteConnectionSpecification.java:170)\n\tat com.ibm.mq.jmqi.remote.impl.RemoteConnectionPool.getSession(RemoteConnectionPool.java:128)\n\tat com.ibm.mq.jmqi.remote.api.RemoteFAP$Connector.jmqiConnect(RemoteFAP.java:13411)\n\t... 23 common frames omitted\nCaused by: java.net.ConnectException: Connection refused\n\tat java.base/sun.nio.ch.Net.connect0(Native Method)\n\tat java.base/sun.nio.ch.Net.connect(Unknown Source)\n\tat java.base/sun.nio.ch.Net.connect(Unknown Source)\n\tat java.base/sun.nio.ch.NioSocketImpl.connect(Unknown Source)\n\tat java.base/java.net.SocksSocketImpl.connect(Unknown Source)\n\tat java.base/java.net.Socket.connect(Unknown Source)\n\tat java.base/java.net.Socket.connect(Unknown Source)\n\tat com.ibm.mq.jmqi.remote.impl.RemoteTCPConnection$4.run(RemoteTCPConnection.java:1111)\n\tat com.ibm.mq.jmqi.remote.impl.RemoteTCPConnection$4.run(RemoteTCPConnection.java:1103)\n\tat java.base/java.security.AccessController.doPrivileged(Unknown Source)\n\tat com.ibm.mq.jmqi.remote.impl.RemoteTCPConnection.connectSocket(RemoteTCPConnection.java:1103)\n\tat com.ibm.mq.jmqi.remote.impl.RemoteTCPConnection.bindAndConnectSocket(RemoteTCPConnection.java:843)\n\t... 30 common frames omitted\n","appName":"recon-consumer-app","application":"recon-consumer-app"}
{"@timestamp":"2026-05-10T09:25:33.945155041Z","@version":"1","message":"Could not refresh JMS Connection for destination 'SYSTEM.DEAD.LETTER.QUEUE' - retrying using FixedBackOff{interval=5000, currentAttempts=5, maxAttempts=unlimited}. Cause: JMSWMQ0018: Failed to connect to queue manager 'QM1' with connection mode 'Client' and host name 'ibm-mq.recon-platform.svc.cluster.local(1414)'.; nested exception is com.ibm.mq.MQException: JMSCMQ0001: IBM MQ call failed with compcode '2' ('MQCC_FAILED') reason '2538' ('MQRC_HOST_NOT_AVAILABLE').","logger_name":"org.springframework.jms.listener.DefaultMessageListenerContainer","thread_name":"org.springframework.jms.JmsListenerEndpointContainer#0-1","level":"ERROR","level_value":40000,"stack_trace":"com.ibm.msg.client.jakarta.jms.DetailedIllegalStateException: JMSWMQ0018: Failed to connect to queue manager 'QM1' with connection mode 'Client' and host name 'ibm-mq.recon-platform.svc.cluster.local(1414)'.\n\tat com.ibm.msg.client.jakarta.wmq.common.internal.Reason.reasonToException(Reason.java:489)\n\tat com.ibm.msg.client.jakarta.wmq.common.internal.Reason.createException(Reason.java:215)\n\tat com.ibm.msg.client.jakarta.wmq.internal.WMQConnection.<init>(WMQConnection.java:482)\n\tat com.ibm.msg.client.jakarta.wmq.factories.WMQConnectionFactory.createV7ProviderConnection(WMQConnectionFactory.java:9009)\n\tat com.ibm.msg.client.jakarta.wmq.factories.WMQConnectionFactory.createProviderConnection(WMQConnectionFactory.java:8349)\n\tat com.ibm.msg.client.jakarta.jms.admin.JmsConnectionFactoryImpl._createConnection(JmsConnectionFactoryImpl.java:322)\n\tat com.ibm.msg.client.jakarta.jms.admin.JmsConnectionFactoryImpl.createConnection(JmsConnectionFactoryImpl.java:242)\n\tat com.ibm.mq.jakarta.jms.MQConnectionFactory.createCommonConnection(MQConnectionFactory.java:6193)\n\tat com.ibm.mq.jakarta.jms.MQConnectionFactory.createConnection(MQConnectionFactory.java:6222)\n\tat org.springframework.jms.connection.SingleConnectionFactory.doCreateConnection(SingleConnectionFactory.java:452)\n\tat org.springframework.jms.connection.SingleConnectionFactory.initConnection(SingleConnectionFactory.java:414)\n\tat org.springframework.jms.connection.SingleConnectionFactory.getConnection(SingleConnectionFactory.java:328)\n\tat org.springframework.jms.connection.SingleConnectionFactory.createConnection(SingleConnectionFactory.java:243)\n\tat org.springframework.jms.support.JmsAccessor.createConnection(JmsAccessor.java:211)\n\tat org.springframework.jms.listener.AbstractJmsListeningContainer.createSharedConnection(AbstractJmsListeningContainer.java:405)\n\tat org.springframework.jms.listener.AbstractJmsListeningContainer.refreshSharedConnection(AbstractJmsListeningContainer.java:390)\n\tat org.springframework.jms.listener.DefaultMessageListenerContainer.refreshConnectionUntilSuccessful(DefaultMessageListenerContainer.java:1004)\n\tat org.springframework.jms.listener.DefaultMessageListenerContainer.recoverAfterListenerSetupFailure(DefaultMessageListenerContainer.java:978)\n\tat org.springframework.jms.listener.DefaultMessageListenerContainer$AsyncMessageListenerInvoker.run(DefaultMessageListenerContainer.java:1166)\n\tat java.base/java.lang.Thread.run(Unknown Source)\nCaused by: com.ibm.mq.MQException: JMSCMQ0001: IBM MQ call failed with compcode '2' ('MQCC_FAILED') reason '2538' ('MQRC_HOST_NOT_AVAILABLE').\n\tat com.ibm.msg.client.jakarta.wmq.common.internal.Reason.createException(Reason.java:203)\n\t... 18 common frames omitted\nCaused by: com.ibm.mq.jmqi.JmqiException: CC=2;RC=2538;AMQ9204: Connection to host 'ibm-mq.recon-platform.svc.cluster.local(1414)' rejected. [1=com.ibm.mq.jmqi.JmqiException[CC=2;RC=2538;AMQ9204: Connection to host 'ibm-mq.recon-platform.svc.cluster.local/10.100.195.132:1414' rejected. [1=java.net.ConnectException[Connection refused],3=ibm-mq.recon-platform.svc.cluster.local/10.100.195.132:1414,4=TCP,5=Socket.connect]],3=ibm-mq.recon-platform.svc.cluster.local(1414),4=,5=RemoteTCPConnection.bindAndConnectSocket]\n\tat com.ibm.mq.jmqi.remote.api.RemoteFAP$Connector.jmqiConnect(RemoteFAP.java:13687)\n\tat com.ibm.mq.jmqi.remote.api.RemoteFAP$Connector.access$100(RemoteFAP.java:13202)\n\tat com.ibm.mq.jmqi.remote.api.RemoteFAP.jmqiConnect(RemoteFAP.java:1451)\n\tat com.ibm.mq.jmqi.remote.api.RemoteFAP.jmqiConnect(RemoteFAP.java:1392)\n\tat com.ibm.mq.ese.jmqi.InterceptedJmqiImpl.jmqiConnect(InterceptedJmqiImpl.java:377)\n\tat com.ibm.mq.ese.jmqi.ESEJMQI.jmqiConnect(ESEJMQI.java:562)\n\tat com.ibm.msg.client.jakarta.wmq.internal.WMQConnection.<init>(WMQConnection.java:415)\n\t... 17 common frames omitted\nCaused by: com.ibm.mq.jmqi.JmqiException: CC=2;RC=2538;AMQ9204: Connection to host 'ibm-mq.recon-platform.svc.cluster.local/10.100.195.132:1414' rejected. [1=java.net.ConnectException[Connection refused],3=ibm-mq.recon-platform.svc.cluster.local/10.100.195.132:1414,4=TCP,5=Socket.connect]\n\tat com.ibm.mq.jmqi.remote.impl.RemoteTCPConnection.bindAndConnectSocket(RemoteTCPConnection.java:937)\n\tat com.ibm.mq.jmqi.remote.impl.RemoteTCPConnection.protocolConnect(RemoteTCPConnection.java:1511)\n\tat com.ibm.mq.jmqi.remote.impl.RemoteConnection.connect(RemoteConnection.java:1014)\n\tat com.ibm.mq.jmqi.remote.impl.RemoteConnectionSpecification.getNewConnection(RemoteConnectionSpecification.java:691)\n\tat com.ibm.mq.jmqi.remote.impl.RemoteConnectionSpecification.getSessionFromNewConnection(RemoteConnectionSpecification.java:283)\n\tat com.ibm.mq.jmqi.remote.impl.RemoteConnectionSpecification.getSession(RemoteConnectionSpecification.java:170)\n\tat com.ibm.mq.jmqi.remote.impl.RemoteConnectionPool.getSession(RemoteConnectionPool.java:128)\n\tat com.ibm.mq.jmqi.remote.api.RemoteFAP$Connector.jmqiConnect(RemoteFAP.java:13411)\n\t... 23 common frames omitted\nCaused by: java.net.ConnectException: Connection refused\n\tat java.base/sun.nio.ch.Net.connect0(Native Method)\n\tat java.base/sun.nio.ch.Net.connect(Unknown Source)\n\tat java.base/sun.nio.ch.Net.connect(Unknown Source)\n\tat java.base/sun.nio.ch.NioSocketImpl.connect(Unknown Source)\n\tat java.base/java.net.SocksSocketImpl.connect(Unknown Source)\n\tat java.base/java.net.Socket.connect(Unknown Source)\n\tat java.base/java.net.Socket.connect(Unknown Source)\n\tat com.ibm.mq.jmqi.remote.impl.RemoteTCPConnection$4.run(RemoteTCPConnection.java:1111)\n\tat com.ibm.mq.jmqi.remote.impl.RemoteTCPConnection$4.run(RemoteTCPConnection.java:1103)\n\tat java.base/java.security.AccessController.doPrivileged(Unknown Source)\n\tat com.ibm.mq.jmqi.remote.impl.RemoteTCPConnection.connectSocket(RemoteTCPConnection.java:1103)\n\tat com.ibm.mq.jmqi.remote.impl.RemoteTCPConnection.bindAndConnectSocket(RemoteTCPConnection.java:843)\n\t... 30 common frames omitted\n","appName":"recon-consumer-app","application":"recon-consumer-app"}
{"@timestamp":"2026-05-10T09:25:34.985137143Z","@version":"1","message":"Could not refresh JMS Connection for destination 'RECON.IN' - retrying using FixedBackOff{interval=5000, currentAttempts=5, maxAttempts=unlimited}. Cause: JMSWMQ0018: Failed to connect to queue manager 'QM1' with connection mode 'Client' and host name 'ibm-mq.recon-platform.svc.cluster.local(1414)'.; nested exception is com.ibm.mq.MQException: JMSCMQ0001: IBM MQ call failed with compcode '2' ('MQCC_FAILED') reason '2538' ('MQRC_HOST_NOT_AVAILABLE').","logger_name":"org.springframework.jms.listener.DefaultMessageListenerContainer","thread_name":"org.springframework.jms.JmsListenerEndpointContainer#1-8","level":"ERROR","level_value":40000,"stack_trace":"com.ibm.msg.client.jakarta.jms.DetailedIllegalStateException: JMSWMQ0018: Failed to connect to queue manager 'QM1' with connection mode 'Client' and host name 'ibm-mq.recon-platform.svc.cluster.local(1414)'.\n\tat com.ibm.msg.client.jakarta.wmq.common.internal.Reason.reasonToException(Reason.java:489)\n\tat com.ibm.msg.client.jakarta.wmq.common.internal.Reason.createException(Reason.java:215)\n\tat com.ibm.msg.client.jakarta.wmq.internal.WMQConnection.<init>(WMQConnection.java:482)\n\tat com.ibm.msg.client.jakarta.wmq.factories.WMQConnectionFactory.createV7ProviderConnection(WMQConnectionFactory.java:9009)\n\tat com.ibm.msg.client.jakarta.wmq.factories.WMQConnectionFactory.createProviderConnection(WMQConnectionFactory.java:8349)\n\tat com.ibm.msg.client.jakarta.jms.admin.JmsConnectionFactoryImpl._createConnection(JmsConnectionFactoryImpl.java:322)\n\tat com.ibm.msg.client.jakarta.jms.admin.JmsConnectionFactoryImpl.createConnection(JmsConnectionFactoryImpl.java:242)\n\tat com.ibm.mq.jakarta.jms.MQConnectionFactory.createCommonConnection(MQConnectionFactory.java:6193)\n\tat com.ibm.mq.jakarta.jms.MQConnectionFactory.createConnection(MQConnectionFactory.java:6222)\n\tat org.springframework.jms.connection.SingleConnectionFactory.doCreateConnection(SingleConnectionFactory.java:452)\n\tat org.springframework.jms.connection.SingleConnectionFactory.initConnection(SingleConnectionFactory.java:414)\n\tat org.springframework.jms.connection.SingleConnectionFactory.getConnection(SingleConnectionFactory.java:328)\n\tat org.springframework.jms.connection.SingleConnectionFactory.createConnection(SingleConnectionFactory.java:243)\n\tat org.springframework.jms.support.JmsAccessor.createConnection(JmsAccessor.java:211)\n\tat org.springframework.jms.listener.AbstractJmsListeningContainer.createSharedConnection(AbstractJmsListeningContainer.java:405)\n\tat org.springframework.jms.listener.AbstractJmsListeningContainer.refreshSharedConnection(AbstractJmsListeningContainer.java:390)\n\tat org.springframework.jms.listener.DefaultMessageListenerContainer.refreshConnectionUntilSuccessful(DefaultMessageListenerContainer.java:1004)\n\tat org.springframework.jms.listener.DefaultMessageListenerContainer.recoverAfterListenerSetupFailure(DefaultMessageListenerContainer.java:978)\n\tat org.springframework.jms.listener.DefaultMessageListenerContainer$AsyncMessageListenerInvoker.run(DefaultMessageListenerContainer.java:1166)\n\tat java.base/java.lang.Thread.run(Unknown Source)\nCaused by: com.ibm.mq.MQException: JMSCMQ0001: IBM MQ call failed with compcode '2' ('MQCC_FAILED') reason '2538' ('MQRC_HOST_NOT_AVAILABLE').\n\tat com.ibm.msg.client.jakarta.wmq.common.internal.Reason.createException(Reason.java:203)\n\t... 18 common frames omitted\nCaused by: com.ibm.mq.jmqi.JmqiException: CC=2;RC=2538;AMQ9204: Connection to host 'ibm-mq.recon-platform.svc.cluster.local(1414)' rejected. [1=com.ibm.mq.jmqi.JmqiException[CC=2;RC=2538;AMQ9204: Connection to host 'ibm-mq.recon-platform.svc.cluster.local/10.100.195.132:1414' rejected. [1=java.net.ConnectException[Connection refused],3=ibm-mq.recon-platform.svc.cluster.local/10.100.195.132:1414,4=TCP,5=Socket.connect]],3=ibm-mq.recon-platform.svc.cluster.local(1414),4=,5=RemoteTCPConnection.bindAndConnectSocket]\n\tat com.ibm.mq.jmqi.remote.api.RemoteFAP$Connector.jmqiConnect(RemoteFAP.java:13687)\n\tat com.ibm.mq.jmqi.remote.api.RemoteFAP$Connector.access$100(RemoteFAP.java:13202)\n\tat com.ibm.mq.jmqi.remote.api.RemoteFAP.jmqiConnect(RemoteFAP.java:1451)\n\tat com.ibm.mq.jmqi.remote.api.RemoteFAP.jmqiConnect(RemoteFAP.java:1392)\n\tat com.ibm.mq.ese.jmqi.InterceptedJmqiImpl.jmqiConnect(InterceptedJmqiImpl.java:377)\n\tat com.ibm.mq.ese.jmqi.ESEJMQI.jmqiConnect(ESEJMQI.java:562)\n\tat com.ibm.msg.client.jakarta.wmq.internal.WMQConnection.<init>(WMQConnection.java:415)\n\t... 17 common frames omitted\nCaused by: com.ibm.mq.jmqi.JmqiException: CC=2;RC=2538;AMQ9204: Connection to host 'ibm-mq.recon-platform.svc.cluster.local/10.100.195.132:1414' rejected. [1=java.net.ConnectException[Connection refused],3=ibm-mq.recon-platform.svc.cluster.local/10.100.195.132:1414,4=TCP,5=Socket.connect]\n\tat com.ibm.mq.jmqi.remote.impl.RemoteTCPConnection.bindAndConnectSocket(RemoteTCPConnection.java:937)\n\tat com.ibm.mq.jmqi.remote.impl.RemoteTCPConnection.protocolConnect(RemoteTCPConnection.java:1511)\n\tat com.ibm.mq.jmqi.remote.impl.RemoteConnection.connect(RemoteConnection.java:1014)\n\tat com.ibm.mq.jmqi.remote.impl.RemoteConnectionSpecification.getNewConnection(RemoteConnectionSpecification.java:691)\n\tat com.ibm.mq.jmqi.remote.impl.RemoteConnectionSpecification.getSessionFromNewConnection(RemoteConnectionSpecification.java:283)\n\tat com.ibm.mq.jmqi.remote.impl.RemoteConnectionSpecification.getSession(RemoteConnectionSpecification.java:170)\n\tat com.ibm.mq.jmqi.remote.impl.RemoteConnectionPool.getSession(RemoteConnectionPool.java:128)\n\tat com.ibm.mq.jmqi.remote.api.RemoteFAP$Connector.jmqiConnect(RemoteFAP.java:13411)\n\t... 23 common frames omitted\nCaused by: java.net.ConnectException: Connection refused\n\tat java.base/sun.nio.ch.Net.connect0(Native Method)\n\tat java.base/sun.nio.ch.Net.connect(Unknown Source)\n\tat java.base/sun.nio.ch.Net.connect(Unknown Source)\n\tat java.base/sun.nio.ch.NioSocketImpl.connect(Unknown Source)\n\tat java.base/java.net.SocksSocketImpl.connect(Unknown Source)\n\tat java.base/java.net.Socket.connect(Unknown Source)\n\tat java.base/java.net.Socket.connect(Unknown Source)\n\tat com.ibm.mq.jmqi.remote.impl.RemoteTCPConnection$4.run(RemoteTCPConnection.java:1111)\n\tat com.ibm.mq.jmqi.remote.impl.RemoteTCPConnection$4.run(RemoteTCPConnection.java:1103)\n\tat java.base/java.security.AccessController.doPrivileged(Unknown Source)\n\tat com.ibm.mq.jmqi.remote.impl.RemoteTCPConnection.connectSocket(RemoteTCPConnection.java:1103)\n\tat com.ibm.mq.jmqi.remote.impl.RemoteTCPConnection.bindAndConnectSocket(RemoteTCPConnection.java:843)\n\t... 30 common frames omitted\n","appName":"recon-consumer-app","application":"recon-consumer-app"}
{"@timestamp":"2026-05-10T09:25:38.985160946Z","@version":"1","message":"Could not refresh JMS Connection for destination 'RECON.RETRY' - retrying using FixedBackOff{interval=5000, currentAttempts=6, maxAttempts=unlimited}. Cause: JMSWMQ0018: Failed to connect to queue manager 'QM1' with connection mode 'Client' and host name 'ibm-mq.recon-platform.svc.cluster.local(1414)'.; nested exception is com.ibm.mq.MQException: JMSCMQ0001: IBM MQ call failed with compcode '2' ('MQCC_FAILED') reason '2538' ('MQRC_HOST_NOT_AVAILABLE').","logger_name":"org.springframework.jms.listener.DefaultMessageListenerContainer","thread_name":"org.springframework.jms.JmsListenerEndpointContainer#2-2","level":"ERROR","level_value":40000,"stack_trace":"com.ibm.msg.client.jakarta.jms.DetailedIllegalStateException: JMSWMQ0018: Failed to connect to queue manager 'QM1' with connection mode 'Client' and host name 'ibm-mq.recon-platform.svc.cluster.local(1414)'.\n\tat com.ibm.msg.client.jakarta.wmq.common.internal.Reason.reasonToException(Reason.java:489)\n\tat com.ibm.msg.client.jakarta.wmq.common.internal.Reason.createException(Reason.java:215)\n\tat com.ibm.msg.client.jakarta.wmq.internal.WMQConnection.<init>(WMQConnection.java:482)\n\tat com.ibm.msg.client.jakarta.wmq.factories.WMQConnectionFactory.createV7ProviderConnection(WMQConnectionFactory.java:9009)\n\tat com.ibm.msg.client.jakarta.wmq.factories.WMQConnectionFactory.createProviderConnection(WMQConnectionFactory.java:8349)\n\tat com.ibm.msg.client.jakarta.jms.admin.JmsConnectionFactoryImpl._createConnection(JmsConnectionFactoryImpl.java:322)\n\tat com.ibm.msg.client.jakarta.jms.admin.JmsConnectionFactoryImpl.createConnection(JmsConnectionFactoryImpl.java:242)\n\tat com.ibm.mq.jakarta.jms.MQConnectionFactory.createCommonConnection(MQConnectionFactory.java:6193)\n\tat com.ibm.mq.jakarta.jms.MQConnectionFactory.createConnection(MQConnectionFactory.java:6222)\n\tat org.springframework.jms.connection.SingleConnectionFactory.doCreateConnection(SingleConnectionFactory.java:452)\n\tat org.springframework.jms.connection.SingleConnectionFactory.initConnection(SingleConnectionFactory.java:414)\n\tat org.springframework.jms.connection.SingleConnectionFactory.getConnection(SingleConnectionFactory.java:328)\n\tat org.springframework.jms.connection.SingleConnectionFactory.createConnection(SingleConnectionFactory.java:243)\n\tat org.springframework.jms.support.JmsAccessor.createConnection(JmsAccessor.java:211)\n\tat org.springframework.jms.listener.AbstractJmsListeningContainer.createSharedConnection(AbstractJmsListeningContainer.java:405)\n\tat org.springframework.jms.listener.AbstractJmsListeningContainer.refreshSharedConnection(AbstractJmsListeningContainer.java:390)\n\tat org.springframework.jms.listener.DefaultMessageListenerContainer.refreshConnectionUntilSuccessful(DefaultMessageListenerContainer.java:1004)\n\tat org.springframework.jms.listener.DefaultMessageListenerContainer.recoverAfterListenerSetupFailure(DefaultMessageListenerContainer.java:978)\n\tat org.springframework.jms.listener.DefaultMessageListenerContainer$AsyncMessageListenerInvoker.run(DefaultMessageListenerContainer.java:1166)\n\tat java.base/java.lang.Thread.run(Unknown Source)\nCaused by: com.ibm.mq.MQException: JMSCMQ0001: IBM MQ call failed with compcode '2' ('MQCC_FAILED') reason '2538' ('MQRC_HOST_NOT_AVAILABLE').\n\tat com.ibm.msg.client.jakarta.wmq.common.internal.Reason.createException(Reason.java:203)\n\t... 18 common frames omitted\nCaused by: com.ibm.mq.jmqi.JmqiException: CC=2;RC=2538;AMQ9204: Connection to host 'ibm-mq.recon-platform.svc.cluster.local(1414)' rejected. [1=com.ibm.mq.jmqi.JmqiException[CC=2;RC=2538;AMQ9204: Connection to host 'ibm-mq.recon-platform.svc.cluster.local/10.100.195.132:1414' rejected. [1=java.net.ConnectException[Connection refused],3=ibm-mq.recon-platform.svc.cluster.local/10.100.195.132:1414,4=TCP,5=Socket.connect]],3=ibm-mq.recon-platform.svc.cluster.local(1414),4=,5=RemoteTCPConnection.bindAndConnectSocket]\n\tat com.ibm.mq.jmqi.remote.api.RemoteFAP$Connector.jmqiConnect(RemoteFAP.java:13687)\n\tat com.ibm.mq.jmqi.remote.api.RemoteFAP$Connector.access$100(RemoteFAP.java:13202)\n\tat com.ibm.mq.jmqi.remote.api.RemoteFAP.jmqiConnect(RemoteFAP.java:1451)\n\tat com.ibm.mq.jmqi.remote.api.RemoteFAP.jmqiConnect(RemoteFAP.java:1392)\n\tat com.ibm.mq.ese.jmqi.InterceptedJmqiImpl.jmqiConnect(InterceptedJmqiImpl.java:377)\n\tat com.ibm.mq.ese.jmqi.ESEJMQI.jmqiConnect(ESEJMQI.java:562)\n\tat com.ibm.msg.client.jakarta.wmq.internal.WMQConnection.<init>(WMQConnection.java:415)\n\t... 17 common frames omitted\nCaused by: com.ibm.mq.jmqi.JmqiException: CC=2;RC=2538;AMQ9204: Connection to host 'ibm-mq.recon-platform.svc.cluster.local/10.100.195.132:1414' rejected. [1=java.net.ConnectException[Connection refused],3=ibm-mq.recon-platform.svc.cluster.local/10.100.195.132:1414,4=TCP,5=Socket.connect]\n\tat com.ibm.mq.jmqi.remote.impl.RemoteTCPConnection.bindAndConnectSocket(RemoteTCPConnection.java:937)\n\tat com.ibm.mq.jmqi.remote.impl.RemoteTCPConnection.protocolConnect(RemoteTCPConnection.java:1511)\n\tat com.ibm.mq.jmqi.remote.impl.RemoteConnection.connect(RemoteConnection.java:1014)\n\tat com.ibm.mq.jmqi.remote.impl.RemoteConnectionSpecification.getNewConnection(RemoteConnectionSpecification.java:691)\n\tat com.ibm.mq.jmqi.remote.impl.RemoteConnectionSpecification.getSessionFromNewConnection(RemoteConnectionSpecification.java:283)\n\tat com.ibm.mq.jmqi.remote.impl.RemoteConnectionSpecification.getSession(RemoteConnectionSpecification.java:170)\n\tat com.ibm.mq.jmqi.remote.impl.RemoteConnectionPool.getSession(RemoteConnectionPool.java:128)\n\tat com.ibm.mq.jmqi.remote.api.RemoteFAP$Connector.jmqiConnect(RemoteFAP.java:13411)\n\t... 23 common frames omitted\nCaused by: java.net.ConnectException: Connection refused\n\tat java.base/sun.nio.ch.Net.connect0(Native Method)\n\tat java.base/sun.nio.ch.Net.connect(Unknown Source)\n\tat java.base/sun.nio.ch.Net.connect(Unknown Source)\n\tat java.base/sun.nio.ch.NioSocketImpl.connect(Unknown Source)\n\tat java.base/java.net.SocksSocketImpl.connect(Unknown Source)\n\tat java.base/java.net.Socket.connect(Unknown Source)\n\tat java.base/java.net.Socket.connect(Unknown Source)\n\tat com.ibm.mq.jmqi.remote.impl.RemoteTCPConnection$4.run(RemoteTCPConnection.java:1111)\n\tat com.ibm.mq.jmqi.remote.impl.RemoteTCPConnection$4.run(RemoteTCPConnection.java:1103)\n\tat java.base/java.security.AccessController.doPrivileged(Unknown Source)\n\tat com.ibm.mq.jmqi.remote.impl.RemoteTCPConnection.connectSocket(RemoteTCPConnection.java:1103)\n\tat com.ibm.mq.jmqi.remote.impl.RemoteTCPConnection.bindAndConnectSocket(RemoteTCPConnection.java:843)\n\t... 30 common frames omitted\n","appName":"recon-consumer-app","application":"recon-consumer-app"}
{"@timestamp":"2026-05-10T09:25:40.025431646Z","@version":"1","message":"Could not refresh JMS Connection for destination 'SYSTEM.DEAD.LETTER.QUEUE' - retrying using FixedBackOff{interval=5000, currentAttempts=6, maxAttempts=unlimited}. Cause: JMSWMQ0018: Failed to connect to queue manager 'QM1' with connection mode 'Client' and host name 'ibm-mq.recon-platform.svc.cluster.local(1414)'.; nested exception is com.ibm.mq.MQException: JMSCMQ0001: IBM MQ call failed with compcode '2' ('MQCC_FAILED') reason '2538' ('MQRC_HOST_NOT_AVAILABLE').","logger_name":"org.springframework.jms.listener.DefaultMessageListenerContainer","thread_name":"org.springframework.jms.JmsListenerEndpointContainer#0-1","level":"ERROR","level_value":40000,"stack_trace":"com.ibm.msg.client.jakarta.jms.DetailedIllegalStateException: JMSWMQ0018: Failed to connect to queue manager 'QM1' with connection mode 'Client' and host name 'ibm-mq.recon-platform.svc.cluster.local(1414)'.\n\tat com.ibm.msg.client.jakarta.wmq.common.internal.Reason.reasonToException(Reason.java:489)\n\tat com.ibm.msg.client.jakarta.wmq.common.internal.Reason.createException(Reason.java:215)\n\tat com.ibm.msg.client.jakarta.wmq.internal.WMQConnection.<init>(WMQConnection.java:482)\n\tat com.ibm.msg.client.jakarta.wmq.factories.WMQConnectionFactory.createV7ProviderConnection(WMQConnectionFactory.java:9009)\n\tat com.ibm.msg.client.jakarta.wmq.factories.WMQConnectionFactory.createProviderConnection(WMQConnectionFactory.java:8349)\n\tat com.ibm.msg.client.jakarta.jms.admin.JmsConnectionFactoryImpl._createConnection(JmsConnectionFactoryImpl.java:322)\n\tat com.ibm.msg.client.jakarta.jms.admin.JmsConnectionFactoryImpl.createConnection(JmsConnectionFactoryImpl.java:242)\n\tat com.ibm.mq.jakarta.jms.MQConnectionFactory.createCommonConnection(MQConnectionFactory.java:6193)\n\tat com.ibm.mq.jakarta.jms.MQConnectionFactory.createConnection(MQConnectionFactory.java:6222)\n\tat org.springframework.jms.connection.SingleConnectionFactory.doCreateConnection(SingleConnectionFactory.java:452)\n\tat org.springframework.jms.connection.SingleConnectionFactory.initConnection(SingleConnectionFactory.java:414)\n\tat org.springframework.jms.connection.SingleConnectionFactory.getConnection(SingleConnectionFactory.java:328)\n\tat org.springframework.jms.connection.SingleConnectionFactory.createConnection(SingleConnectionFactory.java:243)\n\tat org.springframework.jms.support.JmsAccessor.createConnection(JmsAccessor.java:211)\n\tat org.springframework.jms.listener.AbstractJmsListeningContainer.createSharedConnection(AbstractJmsListeningContainer.java:405)\n\tat org.springframework.jms.listener.AbstractJmsListeningContainer.refreshSharedConnection(AbstractJmsListeningContainer.java:390)\n\tat org.springframework.jms.listener.DefaultMessageListenerContainer.refreshConnectionUntilSuccessful(DefaultMessageListenerContainer.java:1004)\n\tat org.springframework.jms.listener.DefaultMessageListenerContainer.recoverAfterListenerSetupFailure(DefaultMessageListenerContainer.java:978)\n\tat org.springframework.jms.listener.DefaultMessageListenerContainer$AsyncMessageListenerInvoker.run(DefaultMessageListenerContainer.java:1166)\n\tat java.base/java.lang.Thread.run(Unknown Source)\nCaused by: com.ibm.mq.MQException: JMSCMQ0001: IBM MQ call failed with compcode '2' ('MQCC_FAILED') reason '2538' ('MQRC_HOST_NOT_AVAILABLE').\n\tat com.ibm.msg.client.jakarta.wmq.common.internal.Reason.createException(Reason.java:203)\n\t... 18 common frames omitted\nCaused by: com.ibm.mq.jmqi.JmqiException: CC=2;RC=2538;AMQ9204: Connection to host 'ibm-mq.recon-platform.svc.cluster.local(1414)' rejected. [1=com.ibm.mq.jmqi.JmqiException[CC=2;RC=2538;AMQ9204: Connection to host 'ibm-mq.recon-platform.svc.cluster.local/10.100.195.132:1414' rejected. [1=java.net.ConnectException[Connection refused],3=ibm-mq.recon-platform.svc.cluster.local/10.100.195.132:1414,4=TCP,5=Socket.connect]],3=ibm-mq.recon-platform.svc.cluster.local(1414),4=,5=RemoteTCPConnection.bindAndConnectSocket]\n\tat com.ibm.mq.jmqi.remote.api.RemoteFAP$Connector.jmqiConnect(RemoteFAP.java:13687)\n\tat com.ibm.mq.jmqi.remote.api.RemoteFAP$Connector.access$100(RemoteFAP.java:13202)\n\tat com.ibm.mq.jmqi.remote.api.RemoteFAP.jmqiConnect(RemoteFAP.java:1451)\n\tat com.ibm.mq.jmqi.remote.api.RemoteFAP.jmqiConnect(RemoteFAP.java:1392)\n\tat com.ibm.mq.ese.jmqi.InterceptedJmqiImpl.jmqiConnect(InterceptedJmqiImpl.java:377)\n\tat com.ibm.mq.ese.jmqi.ESEJMQI.jmqiConnect(ESEJMQI.java:562)\n\tat com.ibm.msg.client.jakarta.wmq.internal.WMQConnection.<init>(WMQConnection.java:415)\n\t... 17 common frames omitted\nCaused by: com.ibm.mq.jmqi.JmqiException: CC=2;RC=2538;AMQ9204: Connection to host 'ibm-mq.recon-platform.svc.cluster.local/10.100.195.132:1414' rejected. [1=java.net.ConnectException[Connection refused],3=ibm-mq.recon-platform.svc.cluster.local/10.100.195.132:1414,4=TCP,5=Socket.connect]\n\tat com.ibm.mq.jmqi.remote.impl.RemoteTCPConnection.bindAndConnectSocket(RemoteTCPConnection.java:937)\n\tat com.ibm.mq.jmqi.remote.impl.RemoteTCPConnection.protocolConnect(RemoteTCPConnection.java:1511)\n\tat com.ibm.mq.jmqi.remote.impl.RemoteConnection.connect(RemoteConnection.java:1014)\n\tat com.ibm.mq.jmqi.remote.impl.RemoteConnectionSpecification.getNewConnection(RemoteConnectionSpecification.java:691)\n\tat com.ibm.mq.jmqi.remote.impl.RemoteConnectionSpecification.getSessionFromNewConnection(RemoteConnectionSpecification.java:283)\n\tat com.ibm.mq.jmqi.remote.impl.RemoteConnectionSpecification.getSession(RemoteConnectionSpecification.java:170)\n\tat com.ibm.mq.jmqi.remote.impl.RemoteConnectionPool.getSession(RemoteConnectionPool.java:128)\n\tat com.ibm.mq.jmqi.remote.api.RemoteFAP$Connector.jmqiConnect(RemoteFAP.java:13411)\n\t... 23 common frames omitted\nCaused by: java.net.ConnectException: Connection refused\n\tat java.base/sun.nio.ch.Net.connect0(Native Method)\n\tat java.base/sun.nio.ch.Net.connect(Unknown Source)\n\tat java.base/sun.nio.ch.Net.connect(Unknown Source)\n\tat java.base/sun.nio.ch.NioSocketImpl.connect(Unknown Source)\n\tat java.base/java.net.SocksSocketImpl.connect(Unknown Source)\n\tat java.base/java.net.Socket.connect(Unknown Source)\n\tat java.base/java.net.Socket.connect(Unknown Source)\n\tat com.ibm.mq.jmqi.remote.impl.RemoteTCPConnection$4.run(RemoteTCPConnection.java:1111)\n\tat com.ibm.mq.jmqi.remote.impl.RemoteTCPConnection$4.run(RemoteTCPConnection.java:1103)\n\tat java.base/java.security.AccessController.doPrivileged(Unknown Source)\n\tat com.ibm.mq.jmqi.remote.impl.RemoteTCPConnection.connectSocket(RemoteTCPConnection.java:1103)\n\tat com.ibm.mq.jmqi.remote.impl.RemoteTCPConnection.bindAndConnectSocket(RemoteTCPConnection.java:843)\n\t... 30 common frames omitted\n","appName":"recon-consumer-app","application":"recon-consumer-app"}
{"@timestamp":"2026-05-10T09:25:41.065343605Z","@version":"1","message":"Could not refresh JMS Connection for destination 'RECON.IN' - retrying using FixedBackOff{interval=5000, currentAttempts=6, maxAttempts=unlimited}. Cause: JMSWMQ0018: Failed to connect to queue manager 'QM1' with connection mode 'Client' and host name 'ibm-mq.recon-platform.svc.cluster.local(1414)'.; nested exception is com.ibm.mq.MQException: JMSCMQ0001: IBM MQ call failed with compcode '2' ('MQCC_FAILED') reason '2538' ('MQRC_HOST_NOT_AVAILABLE').","logger_name":"org.springframework.jms.listener.DefaultMessageListenerContainer","thread_name":"org.springframework.jms.JmsListenerEndpointContainer#1-8","level":"ERROR","level_value":40000,"stack_trace":"com.ibm.msg.client.jakarta.jms.DetailedIllegalStateException: JMSWMQ0018: Failed to connect to queue manager 'QM1' with connection mode 'Client' and host name 'ibm-mq.recon-platform.svc.cluster.local(1414)'.\n\tat com.ibm.msg.client.jakarta.wmq.common.internal.Reason.reasonToException(Reason.java:489)\n\tat com.ibm.msg.client.jakarta.wmq.common.internal.Reason.createException(Reason.java:215)\n\tat com.ibm.msg.client.jakarta.wmq.internal.WMQConnection.<init>(WMQConnection.java:482)\n\tat com.ibm.msg.client.jakarta.wmq.factories.WMQConnectionFactory.createV7ProviderConnection(WMQConnectionFactory.java:9009)\n\tat com.ibm.msg.client.jakarta.wmq.factories.WMQConnectionFactory.createProviderConnection(WMQConnectionFactory.java:8349)\n\tat com.ibm.msg.client.jakarta.jms.admin.JmsConnectionFactoryImpl._createConnection(JmsConnectionFactoryImpl.java:322)\n\tat com.ibm.msg.client.jakarta.jms.admin.JmsConnectionFactoryImpl.createConnection(JmsConnectionFactoryImpl.java:242)\n\tat com.ibm.mq.jakarta.jms.MQConnectionFactory.createCommonConnection(MQConnectionFactory.java:6193)\n\tat com.ibm.mq.jakarta.jms.MQConnectionFactory.createConnection(MQConnectionFactory.java:6222)\n\tat org.springframework.jms.connection.SingleConnectionFactory.doCreateConnection(SingleConnectionFactory.java:452)\n\tat org.springframework.jms.connection.SingleConnectionFactory.initConnection(SingleConnectionFactory.java:414)\n\tat org.springframework.jms.connection.SingleConnectionFactory.getConnection(SingleConnectionFactory.java:328)\n\tat org.springframework.jms.connection.SingleConnectionFactory.createConnection(SingleConnectionFactory.java:243)\n\tat org.springframework.jms.support.JmsAccessor.createConnection(JmsAccessor.java:211)\n\tat org.springframework.jms.listener.AbstractJmsListeningContainer.createSharedConnection(AbstractJmsListeningContainer.java:405)\n\tat org.springframework.jms.listener.AbstractJmsListeningContainer.refreshSharedConnection(AbstractJmsListeningContainer.java:390)\n\tat org.springframework.jms.listener.DefaultMessageListenerContainer.refreshConnectionUntilSuccessful(DefaultMessageListenerContainer.java:1004)\n\tat org.springframework.jms.listener.DefaultMessageListenerContainer.recoverAfterListenerSetupFailure(DefaultMessageListenerContainer.java:978)\n\tat org.springframework.jms.listener.DefaultMessageListenerContainer$AsyncMessageListenerInvoker.run(DefaultMessageListenerContainer.java:1166)\n\tat java.base/java.lang.Thread.run(Unknown Source)\nCaused by: com.ibm.mq.MQException: JMSCMQ0001: IBM MQ call failed with compcode '2' ('MQCC_FAILED') reason '2538' ('MQRC_HOST_NOT_AVAILABLE').\n\tat com.ibm.msg.client.jakarta.wmq.common.internal.Reason.createException(Reason.java:203)\n\t... 18 common frames omitted\nCaused by: com.ibm.mq.jmqi.JmqiException: CC=2;RC=2538;AMQ9204: Connection to host 'ibm-mq.recon-platform.svc.cluster.local(1414)' rejected. [1=com.ibm.mq.jmqi.JmqiException[CC=2;RC=2538;AMQ9204: Connection to host 'ibm-mq.recon-platform.svc.cluster.local/10.100.195.132:1414' rejected. [1=java.net.ConnectException[Connection refused],3=ibm-mq.recon-platform.svc.cluster.local/10.100.195.132:1414,4=TCP,5=Socket.connect]],3=ibm-mq.recon-platform.svc.cluster.local(1414),4=,5=RemoteTCPConnection.bindAndConnectSocket]\n\tat com.ibm.mq.jmqi.remote.api.RemoteFAP$Connector.jmqiConnect(RemoteFAP.java:13687)\n\tat com.ibm.mq.jmqi.remote.api.RemoteFAP$Connector.access$100(RemoteFAP.java:13202)\n\tat com.ibm.mq.jmqi.remote.api.RemoteFAP.jmqiConnect(RemoteFAP.java:1451)\n\tat com.ibm.mq.jmqi.remote.api.RemoteFAP.jmqiConnect(RemoteFAP.java:1392)\n\tat com.ibm.mq.ese.jmqi.InterceptedJmqiImpl.jmqiConnect(InterceptedJmqiImpl.java:377)\n\tat com.ibm.mq.ese.jmqi.ESEJMQI.jmqiConnect(ESEJMQI.java:562)\n\tat com.ibm.msg.client.jakarta.wmq.internal.WMQConnection.<init>(WMQConnection.java:415)\n\t... 17 common frames omitted\nCaused by: com.ibm.mq.jmqi.JmqiException: CC=2;RC=2538;AMQ9204: Connection to host 'ibm-mq.recon-platform.svc.cluster.local/10.100.195.132:1414' rejected. [1=java.net.ConnectException[Connection refused],3=ibm-mq.recon-platform.svc.cluster.local/10.100.195.132:1414,4=TCP,5=Socket.connect]\n\tat com.ibm.mq.jmqi.remote.impl.RemoteTCPConnection.bindAndConnectSocket(RemoteTCPConnection.java:937)\n\tat com.ibm.mq.jmqi.remote.impl.RemoteTCPConnection.protocolConnect(RemoteTCPConnection.java:1511)\n\tat com.ibm.mq.jmqi.remote.impl.RemoteConnection.connect(RemoteConnection.java:1014)\n\tat com.ibm.mq.jmqi.remote.impl.RemoteConnectionSpecification.getNewConnection(RemoteConnectionSpecification.java:691)\n\tat com.ibm.mq.jmqi.remote.impl.RemoteConnectionSpecification.getSessionFromNewConnection(RemoteConnectionSpecification.java:283)\n\tat com.ibm.mq.jmqi.remote.impl.RemoteConnectionSpecification.getSession(RemoteConnectionSpecification.java:170)\n\tat com.ibm.mq.jmqi.remote.impl.RemoteConnectionPool.getSession(RemoteConnectionPool.java:128)\n\tat com.ibm.mq.jmqi.remote.api.RemoteFAP$Connector.jmqiConnect(RemoteFAP.java:13411)\n\t... 23 common frames omitted\nCaused by: java.net.ConnectException: Connection refused\n\tat java.base/sun.nio.ch.Net.connect0(Native Method)\n\tat java.base/sun.nio.ch.Net.connect(Unknown Source)\n\tat java.base/sun.nio.ch.Net.connect(Unknown Source)\n\tat java.base/sun.nio.ch.NioSocketImpl.connect(Unknown Source)\n\tat java.base/java.net.SocksSocketImpl.connect(Unknown Source)\n\tat java.base/java.net.Socket.connect(Unknown Source)\n\tat java.base/java.net.Socket.connect(Unknown Source)\n\tat com.ibm.mq.jmqi.remote.impl.RemoteTCPConnection$4.run(RemoteTCPConnection.java:1111)\n\tat com.ibm.mq.jmqi.remote.impl.RemoteTCPConnection$4.run(RemoteTCPConnection.java:1103)\n\tat java.base/java.security.AccessController.doPrivileged(Unknown Source)\n\tat com.ibm.mq.jmqi.remote.impl.RemoteTCPConnection.connectSocket(RemoteTCPConnection.java:1103)\n\tat com.ibm.mq.jmqi.remote.impl.RemoteTCPConnection.bindAndConnectSocket(RemoteTCPConnection.java:843)\n\t... 30 common frames omitted\n","appName":"recon-consumer-app","application":"recon-consumer-app"}
{"@timestamp":"2026-05-10T09:25:45.065432505Z","@version":"1","message":"Could not refresh JMS Connection for destination 'RECON.RETRY' - retrying using FixedBackOff{interval=5000, currentAttempts=7, maxAttempts=unlimited}. Cause: JMSWMQ0018: Failed to connect to queue manager 'QM1' with connection mode 'Client' and host name 'ibm-mq.recon-platform.svc.cluster.local(1414)'.; nested exception is com.ibm.mq.MQException: JMSCMQ0001: IBM MQ call failed with compcode '2' ('MQCC_FAILED') reason '2538' ('MQRC_HOST_NOT_AVAILABLE').","logger_name":"org.springframework.jms.listener.DefaultMessageListenerContainer","thread_name":"org.springframework.jms.JmsListenerEndpointContainer#2-2","level":"ERROR","level_value":40000,"stack_trace":"com.ibm.msg.client.jakarta.jms.DetailedIllegalStateException: JMSWMQ0018: Failed to connect to queue manager 'QM1' with connection mode 'Client' and host name 'ibm-mq.recon-platform.svc.cluster.local(1414)'.\n\tat com.ibm.msg.client.jakarta.wmq.common.internal.Reason.reasonToException(Reason.java:489)\n\tat com.ibm.msg.client.jakarta.wmq.common.internal.Reason.createException(Reason.java:215)\n\tat com.ibm.msg.client.jakarta.wmq.internal.WMQConnection.<init>(WMQConnection.java:482)\n\tat com.ibm.msg.client.jakarta.wmq.factories.WMQConnectionFactory.createV7ProviderConnection(WMQConnectionFactory.java:9009)\n\tat com.ibm.msg.client.jakarta.wmq.factories.WMQConnectionFactory.createProviderConnection(WMQConnectionFactory.java:8349)\n\tat com.ibm.msg.client.jakarta.jms.admin.JmsConnectionFactoryImpl._createConnection(JmsConnectionFactoryImpl.java:322)\n\tat com.ibm.msg.client.jakarta.jms.admin.JmsConnectionFactoryImpl.createConnection(JmsConnectionFactoryImpl.java:242)\n\tat com.ibm.mq.jakarta.jms.MQConnectionFactory.createCommonConnection(MQConnectionFactory.java:6193)\n\tat com.ibm.mq.jakarta.jms.MQConnectionFactory.createConnection(MQConnectionFactory.java:6222)\n\tat org.springframework.jms.connection.SingleConnectionFactory.doCreateConnection(SingleConnectionFactory.java:452)\n\tat org.springframework.jms.connection.SingleConnectionFactory.initConnection(SingleConnectionFactory.java:414)\n\tat org.springframework.jms.connection.SingleConnectionFactory.getConnection(SingleConnectionFactory.java:328)\n\tat org.springframework.jms.connection.SingleConnectionFactory.createConnection(SingleConnectionFactory.java:243)\n\tat org.springframework.jms.support.JmsAccessor.createConnection(JmsAccessor.java:211)\n\tat org.springframework.jms.listener.AbstractJmsListeningContainer.createSharedConnection(AbstractJmsListeningContainer.java:405)\n\tat org.springframework.jms.listener.AbstractJmsListeningContainer.refreshSharedConnection(AbstractJmsListeningContainer.java:390)\n\tat org.springframework.jms.listener.DefaultMessageListenerContainer.refreshConnectionUntilSuccessful(DefaultMessageListenerContainer.java:1004)\n\tat org.springframework.jms.listener.DefaultMessageListenerContainer.recoverAfterListenerSetupFailure(DefaultMessageListenerContainer.java:978)\n\tat org.springframework.jms.listener.DefaultMessageListenerContainer$AsyncMessageListenerInvoker.run(DefaultMessageListenerContainer.java:1166)\n\tat java.base/java.lang.Thread.run(Unknown Source)\nCaused by: com.ibm.mq.MQException: JMSCMQ0001: IBM MQ call failed with compcode '2' ('MQCC_FAILED') reason '2538' ('MQRC_HOST_NOT_AVAILABLE').\n\tat com.ibm.msg.client.jakarta.wmq.common.internal.Reason.createException(Reason.java:203)\n\t... 18 common frames omitted\nCaused by: com.ibm.mq.jmqi.JmqiException: CC=2;RC=2538;AMQ9204: Connection to host 'ibm-mq.recon-platform.svc.cluster.local(1414)' rejected. [1=com.ibm.mq.jmqi.JmqiException[CC=2;RC=2538;AMQ9204: Connection to host 'ibm-mq.recon-platform.svc.cluster.local/10.100.195.132:1414' rejected. [1=java.net.ConnectException[Connection refused],3=ibm-mq.recon-platform.svc.cluster.local/10.100.195.132:1414,4=TCP,5=Socket.connect]],3=ibm-mq.recon-platform.svc.cluster.local(1414),4=,5=RemoteTCPConnection.bindAndConnectSocket]\n\tat com.ibm.mq.jmqi.remote.api.RemoteFAP$Connector.jmqiConnect(RemoteFAP.java:13687)\n\tat com.ibm.mq.jmqi.remote.api.RemoteFAP$Connector.access$100(RemoteFAP.java:13202)\n\tat com.ibm.mq.jmqi.remote.api.RemoteFAP.jmqiConnect(RemoteFAP.java:1451)\n\tat com.ibm.mq.jmqi.remote.api.RemoteFAP.jmqiConnect(RemoteFAP.java:1392)\n\tat com.ibm.mq.ese.jmqi.InterceptedJmqiImpl.jmqiConnect(InterceptedJmqiImpl.java:377)\n\tat com.ibm.mq.ese.jmqi.ESEJMQI.jmqiConnect(ESEJMQI.java:562)\n\tat com.ibm.msg.client.jakarta.wmq.internal.WMQConnection.<init>(WMQConnection.java:415)\n\t... 17 common frames omitted\nCaused by: com.ibm.mq.jmqi.JmqiException: CC=2;RC=2538;AMQ9204: Connection to host 'ibm-mq.recon-platform.svc.cluster.local/10.100.195.132:1414' rejected. [1=java.net.ConnectException[Connection refused],3=ibm-mq.recon-platform.svc.cluster.local/10.100.195.132:1414,4=TCP,5=Socket.connect]\n\tat com.ibm.mq.jmqi.remote.impl.RemoteTCPConnection.bindAndConnectSocket(RemoteTCPConnection.java:937)\n\tat com.ibm.mq.jmqi.remote.impl.RemoteTCPConnection.protocolConnect(RemoteTCPConnection.java:1511)\n\tat com.ibm.mq.jmqi.remote.impl.RemoteConnection.connect(RemoteConnection.java:1014)\n\tat com.ibm.mq.jmqi.remote.impl.RemoteConnectionSpecification.getNewConnection(RemoteConnectionSpecification.java:691)\n\tat com.ibm.mq.jmqi.remote.impl.RemoteConnectionSpecification.getSessionFromNewConnection(RemoteConnectionSpecification.java:283)\n\tat com.ibm.mq.jmqi.remote.impl.RemoteConnectionSpecification.getSession(RemoteConnectionSpecification.java:170)\n\tat com.ibm.mq.jmqi.remote.impl.RemoteConnectionPool.getSession(RemoteConnectionPool.java:128)\n\tat com.ibm.mq.jmqi.remote.api.RemoteFAP$Connector.jmqiConnect(RemoteFAP.java:13411)\n\t... 23 common frames omitted\nCaused by: java.net.ConnectException: Connection refused\n\tat java.base/sun.nio.ch.Net.connect0(Native Method)\n\tat java.base/sun.nio.ch.Net.connect(Unknown Source)\n\tat java.base/sun.nio.ch.Net.connect(Unknown Source)\n\tat java.base/sun.nio.ch.NioSocketImpl.connect(Unknown Source)\n\tat java.base/java.net.SocksSocketImpl.connect(Unknown Source)\n\tat java.base/java.net.Socket.connect(Unknown Source)\n\tat java.base/java.net.Socket.connect(Unknown Source)\n\tat com.ibm.mq.jmqi.remote.impl.RemoteTCPConnection$4.run(RemoteTCPConnection.java:1111)\n\tat com.ibm.mq.jmqi.remote.impl.RemoteTCPConnection$4.run(RemoteTCPConnection.java:1103)\n\tat java.base/java.security.AccessController.doPrivileged(Unknown Source)\n\tat com.ibm.mq.jmqi.remote.impl.RemoteTCPConnection.connectSocket(RemoteTCPConnection.java:1103)\n\tat com.ibm.mq.jmqi.remote.impl.RemoteTCPConnection.bindAndConnectSocket(RemoteTCPConnection.java:843)\n\t... 30 common frames omitted\n","appName":"recon-consumer-app","application":"recon-consumer-app"}
{"@timestamp":"2026-05-10T09:25:46.105137851Z","@version":"1","message":"Could not refresh JMS Connection for destination 'SYSTEM.DEAD.LETTER.QUEUE' - retrying using FixedBackOff{interval=5000, currentAttempts=7, maxAttempts=unlimited}. Cause: JMSWMQ0018: Failed to connect to queue manager 'QM1' with connection mode 'Client' and host name 'ibm-mq.recon-platform.svc.cluster.local(1414)'.; nested exception is com.ibm.mq.MQException: JMSCMQ0001: IBM MQ call failed with compcode '2' ('MQCC_FAILED') reason '2538' ('MQRC_HOST_NOT_AVAILABLE').","logger_name":"org.springframework.jms.listener.DefaultMessageListenerContainer","thread_name":"org.springframework.jms.JmsListenerEndpointContainer#0-1","level":"ERROR","level_value":40000,"stack_trace":"com.ibm.msg.client.jakarta.jms.DetailedIllegalStateException: JMSWMQ0018: Failed to connect to queue manager 'QM1' with connection mode 'Client' and host name 'ibm-mq.recon-platform.svc.cluster.local(1414)'.\n\tat com.ibm.msg.client.jakarta.wmq.common.internal.Reason.reasonToException(Reason.java:489)\n\tat com.ibm.msg.client.jakarta.wmq.common.internal.Reason.createException(Reason.java:215)\n\tat com.ibm.msg.client.jakarta.wmq.internal.WMQConnection.<init>(WMQConnection.java:482)\n\tat com.ibm.msg.client.jakarta.wmq.factories.WMQConnectionFactory.createV7ProviderConnection(WMQConnectionFactory.java:9009)\n\tat com.ibm.msg.client.jakarta.wmq.factories.WMQConnectionFactory.createProviderConnection(WMQConnectionFactory.java:8349)\n\tat com.ibm.msg.client.jakarta.jms.admin.JmsConnectionFactoryImpl._createConnection(JmsConnectionFactoryImpl.java:322)\n\tat com.ibm.msg.client.jakarta.jms.admin.JmsConnectionFactoryImpl.createConnection(JmsConnectionFactoryImpl.java:242)\n\tat com.ibm.mq.jakarta.jms.MQConnectionFactory.createCommonConnection(MQConnectionFactory.java:6193)\n\tat com.ibm.mq.jakarta.jms.MQConnectionFactory.createConnection(MQConnectionFactory.java:6222)\n\tat org.springframework.jms.connection.SingleConnectionFactory.doCreateConnection(SingleConnectionFactory.java:452)\n\tat org.springframework.jms.connection.SingleConnectionFactory.initConnection(SingleConnectionFactory.java:414)\n\tat org.springframework.jms.connection.SingleConnectionFactory.getConnection(SingleConnectionFactory.java:328)\n\tat org.springframework.jms.connection.SingleConnectionFactory.createConnection(SingleConnectionFactory.java:243)\n\tat org.springframework.jms.support.JmsAccessor.createConnection(JmsAccessor.java:211)\n\tat org.springframework.jms.listener.AbstractJmsListeningContainer.createSharedConnection(AbstractJmsListeningContainer.java:405)\n\tat org.springframework.jms.listener.AbstractJmsListeningContainer.refreshSharedConnection(AbstractJmsListeningContainer.java:390)\n\tat org.springframework.jms.listener.DefaultMessageListenerContainer.refreshConnectionUntilSuccessful(DefaultMessageListenerContainer.java:1004)\n\tat org.springframework.jms.listener.DefaultMessageListenerContainer.recoverAfterListenerSetupFailure(DefaultMessageListenerContainer.java:978)\n\tat org.springframework.jms.listener.DefaultMessageListenerContainer$AsyncMessageListenerInvoker.run(DefaultMessageListenerContainer.java:1166)\n\tat java.base/java.lang.Thread.run(Unknown Source)\nCaused by: com.ibm.mq.MQException: JMSCMQ0001: IBM MQ call failed with compcode '2' ('MQCC_FAILED') reason '2538' ('MQRC_HOST_NOT_AVAILABLE').\n\tat com.ibm.msg.client.jakarta.wmq.common.internal.Reason.createException(Reason.java:203)\n\t... 18 common frames omitted\nCaused by: com.ibm.mq.jmqi.JmqiException: CC=2;RC=2538;AMQ9204: Connection to host 'ibm-mq.recon-platform.svc.cluster.local(1414)' rejected. [1=com.ibm.mq.jmqi.JmqiException[CC=2;RC=2538;AMQ9204: Connection to host 'ibm-mq.recon-platform.svc.cluster.local/10.100.195.132:1414' rejected. [1=java.net.ConnectException[Connection refused],3=ibm-mq.recon-platform.svc.cluster.local/10.100.195.132:1414,4=TCP,5=Socket.connect]],3=ibm-mq.recon-platform.svc.cluster.local(1414),4=,5=RemoteTCPConnection.bindAndConnectSocket]\n\tat com.ibm.mq.jmqi.remote.api.RemoteFAP$Connector.jmqiConnect(RemoteFAP.java:13687)\n\tat com.ibm.mq.jmqi.remote.api.RemoteFAP$Connector.access$100(RemoteFAP.java:13202)\n\tat com.ibm.mq.jmqi.remote.api.RemoteFAP.jmqiConnect(RemoteFAP.java:1451)\n\tat com.ibm.mq.jmqi.remote.api.RemoteFAP.jmqiConnect(RemoteFAP.java:1392)\n\tat com.ibm.mq.ese.jmqi.InterceptedJmqiImpl.jmqiConnect(InterceptedJmqiImpl.java:377)\n\tat com.ibm.mq.ese.jmqi.ESEJMQI.jmqiConnect(ESEJMQI.java:562)\n\tat com.ibm.msg.client.jakarta.wmq.internal.WMQConnection.<init>(WMQConnection.java:415)\n\t... 17 common frames omitted\nCaused by: com.ibm.mq.jmqi.JmqiException: CC=2;RC=2538;AMQ9204: Connection to host 'ibm-mq.recon-platform.svc.cluster.local/10.100.195.132:1414' rejected. [1=java.net.ConnectException[Connection refused],3=ibm-mq.recon-platform.svc.cluster.local/10.100.195.132:1414,4=TCP,5=Socket.connect]\n\tat com.ibm.mq.jmqi.remote.impl.RemoteTCPConnection.bindAndConnectSocket(RemoteTCPConnection.java:937)\n\tat com.ibm.mq.jmqi.remote.impl.RemoteTCPConnection.protocolConnect(RemoteTCPConnection.java:1511)\n\tat com.ibm.mq.jmqi.remote.impl.RemoteConnection.connect(RemoteConnection.java:1014)\n\tat com.ibm.mq.jmqi.remote.impl.RemoteConnectionSpecification.getNewConnection(RemoteConnectionSpecification.java:691)\n\tat com.ibm.mq.jmqi.remote.impl.RemoteConnectionSpecification.getSessionFromNewConnection(RemoteConnectionSpecification.java:283)\n\tat com.ibm.mq.jmqi.remote.impl.RemoteConnectionSpecification.getSession(RemoteConnectionSpecification.java:170)\n\tat com.ibm.mq.jmqi.remote.impl.RemoteConnectionPool.getSession(RemoteConnectionPool.java:128)\n\tat com.ibm.mq.jmqi.remote.api.RemoteFAP$Connector.jmqiConnect(RemoteFAP.java:13411)\n\t... 23 common frames omitted\nCaused by: java.net.ConnectException: Connection refused\n\tat java.base/sun.nio.ch.Net.connect0(Native Method)\n\tat java.base/sun.nio.ch.Net.connect(Unknown Source)\n\tat java.base/sun.nio.ch.Net.connect(Unknown Source)\n\tat java.base/sun.nio.ch.NioSocketImpl.connect(Unknown Source)\n\tat java.base/java.net.SocksSocketImpl.connect(Unknown Source)\n\tat java.base/java.net.Socket.connect(Unknown Source)\n\tat java.base/java.net.Socket.connect(Unknown Source)\n\tat com.ibm.mq.jmqi.remote.impl.RemoteTCPConnection$4.run(RemoteTCPConnection.java:1111)\n\tat com.ibm.mq.jmqi.remote.impl.RemoteTCPConnection$4.run(RemoteTCPConnection.java:1103)\n\tat java.base/java.security.AccessController.doPrivileged(Unknown Source)\n\tat com.ibm.mq.jmqi.remote.impl.RemoteTCPConnection.connectSocket(RemoteTCPConnection.java:1103)\n\tat com.ibm.mq.jmqi.remote.impl.RemoteTCPConnection.bindAndConnectSocket(RemoteTCPConnection.java:843)\n\t... 30 common frames omitted\n","appName":"recon-consumer-app","application":"recon-consumer-app"}
{"@timestamp":"2026-05-10T09:25:47.145127056Z","@version":"1","message":"Could not refresh JMS Connection for destination 'RECON.IN' - retrying using FixedBackOff{interval=5000, currentAttempts=7, maxAttempts=unlimited}. Cause: JMSWMQ0018: Failed to connect to queue manager 'QM1' with connection mode 'Client' and host name 'ibm-mq.recon-platform.svc.cluster.local(1414)'.; nested exception is com.ibm.mq.MQException: JMSCMQ0001: IBM MQ call failed with compcode '2' ('MQCC_FAILED') reason '2538' ('MQRC_HOST_NOT_AVAILABLE').","logger_name":"org.springframework.jms.listener.DefaultMessageListenerContainer","thread_name":"org.springframework.jms.JmsListenerEndpointContainer#1-8","level":"ERROR","level_value":40000,"stack_trace":"com.ibm.msg.client.jakarta.jms.DetailedIllegalStateException: JMSWMQ0018: Failed to connect to queue manager 'QM1' with connection mode 'Client' and host name 'ibm-mq.recon-platform.svc.cluster.local(1414)'.\n\tat com.ibm.msg.client.jakarta.wmq.common.internal.Reason.reasonToException(Reason.java:489)\n\tat com.ibm.msg.client.jakarta.wmq.common.internal.Reason.createException(Reason.java:215)\n\tat com.ibm.msg.client.jakarta.wmq.internal.WMQConnection.<init>(WMQConnection.java:482)\n\tat com.ibm.msg.client.jakarta.wmq.factories.WMQConnectionFactory.createV7ProviderConnection(WMQConnectionFactory.java:9009)\n\tat com.ibm.msg.client.jakarta.wmq.factories.WMQConnectionFactory.createProviderConnection(WMQConnectionFactory.java:8349)\n\tat com.ibm.msg.client.jakarta.jms.admin.JmsConnectionFactoryImpl._createConnection(JmsConnectionFactoryImpl.java:322)\n\tat com.ibm.msg.client.jakarta.jms.admin.JmsConnectionFactoryImpl.createConnection(JmsConnectionFactoryImpl.java:242)\n\tat com.ibm.mq.jakarta.jms.MQConnectionFactory.createCommonConnection(MQConnectionFactory.java:6193)\n\tat com.ibm.mq.jakarta.jms.MQConnectionFactory.createConnection(MQConnectionFactory.java:6222)\n\tat org.springframework.jms.connection.SingleConnectionFactory.doCreateConnection(SingleConnectionFactory.java:452)\n\tat org.springframework.jms.connection.SingleConnectionFactory.initConnection(SingleConnectionFactory.java:414)\n\tat org.springframework.jms.connection.SingleConnectionFactory.getConnection(SingleConnectionFactory.java:328)\n\tat org.springframework.jms.connection.SingleConnectionFactory.createConnection(SingleConnectionFactory.java:243)\n\tat org.springframework.jms.support.JmsAccessor.createConnection(JmsAccessor.java:211)\n\tat org.springframework.jms.listener.AbstractJmsListeningContainer.createSharedConnection(AbstractJmsListeningContainer.java:405)\n\tat org.springframework.jms.listener.AbstractJmsListeningContainer.refreshSharedConnection(AbstractJmsListeningContainer.java:390)\n\tat org.springframework.jms.listener.DefaultMessageListenerContainer.refreshConnectionUntilSuccessful(DefaultMessageListenerContainer.java:1004)\n\tat org.springframework.jms.listener.DefaultMessageListenerContainer.recoverAfterListenerSetupFailure(DefaultMessageListenerContainer.java:978)\n\tat org.springframework.jms.listener.DefaultMessageListenerContainer$AsyncMessageListenerInvoker.run(DefaultMessageListenerContainer.java:1166)\n\tat java.base/java.lang.Thread.run(Unknown Source)\nCaused by: com.ibm.mq.MQException: JMSCMQ0001: IBM MQ call failed with compcode '2' ('MQCC_FAILED') reason '2538' ('MQRC_HOST_NOT_AVAILABLE').\n\tat com.ibm.msg.client.jakarta.wmq.common.internal.Reason.createException(Reason.java:203)\n\t... 18 common frames omitted\nCaused by: com.ibm.mq.jmqi.JmqiException: CC=2;RC=2538;AMQ9204: Connection to host 'ibm-mq.recon-platform.svc.cluster.local(1414)' rejected. [1=com.ibm.mq.jmqi.JmqiException[CC=2;RC=2538;AMQ9204: Connection to host 'ibm-mq.recon-platform.svc.cluster.local/10.100.195.132:1414' rejected. [1=java.net.ConnectException[Connection refused],3=ibm-mq.recon-platform.svc.cluster.local/10.100.195.132:1414,4=TCP,5=Socket.connect]],3=ibm-mq.recon-platform.svc.cluster.local(1414),4=,5=RemoteTCPConnection.bindAndConnectSocket]\n\tat com.ibm.mq.jmqi.remote.api.RemoteFAP$Connector.jmqiConnect(RemoteFAP.java:13687)\n\tat com.ibm.mq.jmqi.remote.api.RemoteFAP$Connector.access$100(RemoteFAP.java:13202)\n\tat com.ibm.mq.jmqi.remote.api.RemoteFAP.jmqiConnect(RemoteFAP.java:1451)\n\tat com.ibm.mq.jmqi.remote.api.RemoteFAP.jmqiConnect(RemoteFAP.java:1392)\n\tat com.ibm.mq.ese.jmqi.InterceptedJmqiImpl.jmqiConnect(InterceptedJmqiImpl.java:377)\n\tat com.ibm.mq.ese.jmqi.ESEJMQI.jmqiConnect(ESEJMQI.java:562)\n\tat com.ibm.msg.client.jakarta.wmq.internal.WMQConnection.<init>(WMQConnection.java:415)\n\t... 17 common frames omitted\nCaused by: com.ibm.mq.jmqi.JmqiException: CC=2;RC=2538;AMQ9204: Connection to host 'ibm-mq.recon-platform.svc.cluster.local/10.100.195.132:1414' rejected. [1=java.net.ConnectException[Connection refused],3=ibm-mq.recon-platform.svc.cluster.local/10.100.195.132:1414,4=TCP,5=Socket.connect]\n\tat com.ibm.mq.jmqi.remote.impl.RemoteTCPConnection.bindAndConnectSocket(RemoteTCPConnection.java:937)\n\tat com.ibm.mq.jmqi.remote.impl.RemoteTCPConnection.protocolConnect(RemoteTCPConnection.java:1511)\n\tat com.ibm.mq.jmqi.remote.impl.RemoteConnection.connect(RemoteConnection.java:1014)\n\tat com.ibm.mq.jmqi.remote.impl.RemoteConnectionSpecification.getNewConnection(RemoteConnectionSpecification.java:691)\n\tat com.ibm.mq.jmqi.remote.impl.RemoteConnectionSpecification.getSessionFromNewConnection(RemoteConnectionSpecification.java:283)\n\tat com.ibm.mq.jmqi.remote.impl.RemoteConnectionSpecification.getSession(RemoteConnectionSpecification.java:170)\n\tat com.ibm.mq.jmqi.remote.impl.RemoteConnectionPool.getSession(RemoteConnectionPool.java:128)\n\tat com.ibm.mq.jmqi.remote.api.RemoteFAP$Connector.jmqiConnect(RemoteFAP.java:13411)\n\t... 23 common frames omitted\nCaused by: java.net.ConnectException: Connection refused\n\tat java.base/sun.nio.ch.Net.connect0(Native Method)\n\tat java.base/sun.nio.ch.Net.connect(Unknown Source)\n\tat java.base/sun.nio.ch.Net.connect(Unknown Source)\n\tat java.base/sun.nio.ch.NioSocketImpl.connect(Unknown Source)\n\tat java.base/java.net.SocksSocketImpl.connect(Unknown Source)\n\tat java.base/java.net.Socket.connect(Unknown Source)\n\tat java.base/java.net.Socket.connect(Unknown Source)\n\tat com.ibm.mq.jmqi.remote.impl.RemoteTCPConnection$4.run(RemoteTCPConnection.java:1111)\n\tat com.ibm.mq.jmqi.remote.impl.RemoteTCPConnection$4.run(RemoteTCPConnection.java:1103)\n\tat java.base/java.security.AccessController.doPrivileged(Unknown Source)\n\tat com.ibm.mq.jmqi.remote.impl.RemoteTCPConnection.connectSocket(RemoteTCPConnection.java:1103)\n\tat com.ibm.mq.jmqi.remote.impl.RemoteTCPConnection.bindAndConnectSocket(RemoteTCPConnection.java:843)\n\t... 30 common frames omitted\n","appName":"recon-consumer-app","application":"recon-consumer-app"}
{"@timestamp":"2026-05-10T09:25:51.145146313Z","@version":"1","message":"Could not refresh JMS Connection for destination 'RECON.RETRY' - retrying using FixedBackOff{interval=5000, currentAttempts=8, maxAttempts=unlimited}. Cause: JMSWMQ0018: Failed to connect to queue manager 'QM1' with connection mode 'Client' and host name 'ibm-mq.recon-platform.svc.cluster.local(1414)'.; nested exception is com.ibm.mq.MQException: JMSCMQ0001: IBM MQ call failed with compcode '2' ('MQCC_FAILED') reason '2538' ('MQRC_HOST_NOT_AVAILABLE').","logger_name":"org.springframework.jms.listener.DefaultMessageListenerContainer","thread_name":"org.springframework.jms.JmsListenerEndpointContainer#2-2","level":"ERROR","level_value":40000,"stack_trace":"com.ibm.msg.client.jakarta.jms.DetailedIllegalStateException: JMSWMQ0018: Failed to connect to queue manager 'QM1' with connection mode 'Client' and host name 'ibm-mq.recon-platform.svc.cluster.local(1414)'.\n\tat com.ibm.msg.client.jakarta.wmq.common.internal.Reason.reasonToException(Reason.java:489)\n\tat com.ibm.msg.client.jakarta.wmq.common.internal.Reason.createException(Reason.java:215)\n\tat com.ibm.msg.client.jakarta.wmq.internal.WMQConnection.<init>(WMQConnection.java:482)\n\tat com.ibm.msg.client.jakarta.wmq.factories.WMQConnectionFactory.createV7ProviderConnection(WMQConnectionFactory.java:9009)\n\tat com.ibm.msg.client.jakarta.wmq.factories.WMQConnectionFactory.createProviderConnection(WMQConnectionFactory.java:8349)\n\tat com.ibm.msg.client.jakarta.jms.admin.JmsConnectionFactoryImpl._createConnection(JmsConnectionFactoryImpl.java:322)\n\tat com.ibm.msg.client.jakarta.jms.admin.JmsConnectionFactoryImpl.createConnection(JmsConnectionFactoryImpl.java:242)\n\tat com.ibm.mq.jakarta.jms.MQConnectionFactory.createCommonConnection(MQConnectionFactory.java:6193)\n\tat com.ibm.mq.jakarta.jms.MQConnectionFactory.createConnection(MQConnectionFactory.java:6222)\n\tat org.springframework.jms.connection.SingleConnectionFactory.doCreateConnection(SingleConnectionFactory.java:452)\n\tat org.springframework.jms.connection.SingleConnectionFactory.initConnection(SingleConnectionFactory.java:414)\n\tat org.springframework.jms.connection.SingleConnectionFactory.getConnection(SingleConnectionFactory.java:328)\n\tat org.springframework.jms.connection.SingleConnectionFactory.createConnection(SingleConnectionFactory.java:243)\n\tat org.springframework.jms.support.JmsAccessor.createConnection(JmsAccessor.java:211)\n\tat org.springframework.jms.listener.AbstractJmsListeningContainer.createSharedConnection(AbstractJmsListeningContainer.java:405)\n\tat org.springframework.jms.listener.AbstractJmsListeningContainer.refreshSharedConnection(AbstractJmsListeningContainer.java:390)\n\tat org.springframework.jms.listener.DefaultMessageListenerContainer.refreshConnectionUntilSuccessful(DefaultMessageListenerContainer.java:1004)\n\tat org.springframework.jms.listener.DefaultMessageListenerContainer.recoverAfterListenerSetupFailure(DefaultMessageListenerContainer.java:978)\n\tat org.springframework.jms.listener.DefaultMessageListenerContainer$AsyncMessageListenerInvoker.run(DefaultMessageListenerContainer.java:1166)\n\tat java.base/java.lang.Thread.run(Unknown Source)\nCaused by: com.ibm.mq.MQException: JMSCMQ0001: IBM MQ call failed with compcode '2' ('MQCC_FAILED') reason '2538' ('MQRC_HOST_NOT_AVAILABLE').\n\tat com.ibm.msg.client.jakarta.wmq.common.internal.Reason.createException(Reason.java:203)\n\t... 18 common frames omitted\nCaused by: com.ibm.mq.jmqi.JmqiException: CC=2;RC=2538;AMQ9204: Connection to host 'ibm-mq.recon-platform.svc.cluster.local(1414)' rejected. [1=com.ibm.mq.jmqi.JmqiException[CC=2;RC=2538;AMQ9204: Connection to host 'ibm-mq.recon-platform.svc.cluster.local/10.100.195.132:1414' rejected. [1=java.net.ConnectException[Connection refused],3=ibm-mq.recon-platform.svc.cluster.local/10.100.195.132:1414,4=TCP,5=Socket.connect]],3=ibm-mq.recon-platform.svc.cluster.local(1414),4=,5=RemoteTCPConnection.bindAndConnectSocket]\n\tat com.ibm.mq.jmqi.remote.api.RemoteFAP$Connector.jmqiConnect(RemoteFAP.java:13687)\n\tat com.ibm.mq.jmqi.remote.api.RemoteFAP$Connector.access$100(RemoteFAP.java:13202)\n\tat com.ibm.mq.jmqi.remote.api.RemoteFAP.jmqiConnect(RemoteFAP.java:1451)\n\tat com.ibm.mq.jmqi.remote.api.RemoteFAP.jmqiConnect(RemoteFAP.java:1392)\n\tat com.ibm.mq.ese.jmqi.InterceptedJmqiImpl.jmqiConnect(InterceptedJmqiImpl.java:377)\n\tat com.ibm.mq.ese.jmqi.ESEJMQI.jmqiConnect(ESEJMQI.java:562)\n\tat com.ibm.msg.client.jakarta.wmq.internal.WMQConnection.<init>(WMQConnection.java:415)\n\t... 17 common frames omitted\nCaused by: com.ibm.mq.jmqi.JmqiException: CC=2;RC=2538;AMQ9204: Connection to host 'ibm-mq.recon-platform.svc.cluster.local/10.100.195.132:1414' rejected. [1=java.net.ConnectException[Connection refused],3=ibm-mq.recon-platform.svc.cluster.local/10.100.195.132:1414,4=TCP,5=Socket.connect]\n\tat com.ibm.mq.jmqi.remote.impl.RemoteTCPConnection.bindAndConnectSocket(RemoteTCPConnection.java:937)\n\tat com.ibm.mq.jmqi.remote.impl.RemoteTCPConnection.protocolConnect(RemoteTCPConnection.java:1511)\n\tat com.ibm.mq.jmqi.remote.impl.RemoteConnection.connect(RemoteConnection.java:1014)\n\tat com.ibm.mq.jmqi.remote.impl.RemoteConnectionSpecification.getNewConnection(RemoteConnectionSpecification.java:691)\n\tat com.ibm.mq.jmqi.remote.impl.RemoteConnectionSpecification.getSessionFromNewConnection(RemoteConnectionSpecification.java:283)\n\tat com.ibm.mq.jmqi.remote.impl.RemoteConnectionSpecification.getSession(RemoteConnectionSpecification.java:170)\n\tat com.ibm.mq.jmqi.remote.impl.RemoteConnectionPool.getSession(RemoteConnectionPool.java:128)\n\tat com.ibm.mq.jmqi.remote.api.RemoteFAP$Connector.jmqiConnect(RemoteFAP.java:13411)\n\t... 23 common frames omitted\nCaused by: java.net.ConnectException: Connection refused\n\tat java.base/sun.nio.ch.Net.connect0(Native Method)\n\tat java.base/sun.nio.ch.Net.connect(Unknown Source)\n\tat java.base/sun.nio.ch.Net.connect(Unknown Source)\n\tat java.base/sun.nio.ch.NioSocketImpl.connect(Unknown Source)\n\tat java.base/java.net.SocksSocketImpl.connect(Unknown Source)\n\tat java.base/java.net.Socket.connect(Unknown Source)\n\tat java.base/java.net.Socket.connect(Unknown Source)\n\tat com.ibm.mq.jmqi.remote.impl.RemoteTCPConnection$4.run(RemoteTCPConnection.java:1111)\n\tat com.ibm.mq.jmqi.remote.impl.RemoteTCPConnection$4.run(RemoteTCPConnection.java:1103)\n\tat java.base/java.security.AccessController.doPrivileged(Unknown Source)\n\tat com.ibm.mq.jmqi.remote.impl.RemoteTCPConnection.connectSocket(RemoteTCPConnection.java:1103)\n\tat com.ibm.mq.jmqi.remote.impl.RemoteTCPConnection.bindAndConnectSocket(RemoteTCPConnection.java:843)\n\t... 30 common frames omitted\n","appName":"recon-consumer-app","application":"recon-consumer-app"}
{"@timestamp":"2026-05-10T09:25:52.185177129Z","@version":"1","message":"Could not refresh JMS Connection for destination 'SYSTEM.DEAD.LETTER.QUEUE' - retrying using FixedBackOff{interval=5000, currentAttempts=8, maxAttempts=unlimited}. Cause: JMSWMQ0018: Failed to connect to queue manager 'QM1' with connection mode 'Client' and host name 'ibm-mq.recon-platform.svc.cluster.local(1414)'.; nested exception is com.ibm.mq.MQException: JMSCMQ0001: IBM MQ call failed with compcode '2' ('MQCC_FAILED') reason '2538' ('MQRC_HOST_NOT_AVAILABLE').","logger_name":"org.springframework.jms.listener.DefaultMessageListenerContainer","thread_name":"org.springframework.jms.JmsListenerEndpointContainer#0-1","level":"ERROR","level_value":40000,"stack_trace":"com.ibm.msg.client.jakarta.jms.DetailedIllegalStateException: JMSWMQ0018: Failed to connect to queue manager 'QM1' with connection mode 'Client' and host name 'ibm-mq.recon-platform.svc.cluster.local(1414)'.\n\tat com.ibm.msg.client.jakarta.wmq.common.internal.Reason.reasonToException(Reason.java:489)\n\tat com.ibm.msg.client.jakarta.wmq.common.internal.Reason.createException(Reason.java:215)\n\tat com.ibm.msg.client.jakarta.wmq.internal.WMQConnection.<init>(WMQConnection.java:482)\n\tat com.ibm.msg.client.jakarta.wmq.factories.WMQConnectionFactory.createV7ProviderConnection(WMQConnectionFactory.java:9009)\n\tat com.ibm.msg.client.jakarta.wmq.factories.WMQConnectionFactory.createProviderConnection(WMQConnectionFactory.java:8349)\n\tat com.ibm.msg.client.jakarta.jms.admin.JmsConnectionFactoryImpl._createConnection(JmsConnectionFactoryImpl.java:322)\n\tat com.ibm.msg.client.jakarta.jms.admin.JmsConnectionFactoryImpl.createConnection(JmsConnectionFactoryImpl.java:242)\n\tat com.ibm.mq.jakarta.jms.MQConnectionFactory.createCommonConnection(MQConnectionFactory.java:6193)\n\tat com.ibm.mq.jakarta.jms.MQConnectionFactory.createConnection(MQConnectionFactory.java:6222)\n\tat org.springframework.jms.connection.SingleConnectionFactory.doCreateConnection(SingleConnectionFactory.java:452)\n\tat org.springframework.jms.connection.SingleConnectionFactory.initConnection(SingleConnectionFactory.java:414)\n\tat org.springframework.jms.connection.SingleConnectionFactory.getConnection(SingleConnectionFactory.java:328)\n\tat org.springframework.jms.connection.SingleConnectionFactory.createConnection(SingleConnectionFactory.java:243)\n\tat org.springframework.jms.support.JmsAccessor.createConnection(JmsAccessor.java:211)\n\tat org.springframework.jms.listener.AbstractJmsListeningContainer.createSharedConnection(AbstractJmsListeningContainer.java:405)\n\tat org.springframework.jms.listener.AbstractJmsListeningContainer.refreshSharedConnection(AbstractJmsListeningContainer.java:390)\n\tat org.springframework.jms.listener.DefaultMessageListenerContainer.refreshConnectionUntilSuccessful(DefaultMessageListenerContainer.java:1004)\n\tat org.springframework.jms.listener.DefaultMessageListenerContainer.recoverAfterListenerSetupFailure(DefaultMessageListenerContainer.java:978)\n\tat org.springframework.jms.listener.DefaultMessageListenerContainer$AsyncMessageListenerInvoker.run(DefaultMessageListenerContainer.java:1166)\n\tat java.base/java.lang.Thread.run(Unknown Source)\nCaused by: com.ibm.mq.MQException: JMSCMQ0001: IBM MQ call failed with compcode '2' ('MQCC_FAILED') reason '2538' ('MQRC_HOST_NOT_AVAILABLE').\n\tat com.ibm.msg.client.jakarta.wmq.common.internal.Reason.createException(Reason.java:203)\n\t... 18 common frames omitted\nCaused by: com.ibm.mq.jmqi.JmqiException: CC=2;RC=2538;AMQ9204: Connection to host 'ibm-mq.recon-platform.svc.cluster.local(1414)' rejected. [1=com.ibm.mq.jmqi.JmqiException[CC=2;RC=2538;AMQ9204: Connection to host 'ibm-mq.recon-platform.svc.cluster.local/10.100.195.132:1414' rejected. [1=java.net.ConnectException[Connection refused],3=ibm-mq.recon-platform.svc.cluster.local/10.100.195.132:1414,4=TCP,5=Socket.connect]],3=ibm-mq.recon-platform.svc.cluster.local(1414),4=,5=RemoteTCPConnection.bindAndConnectSocket]\n\tat com.ibm.mq.jmqi.remote.api.RemoteFAP$Connector.jmqiConnect(RemoteFAP.java:13687)\n\tat com.ibm.mq.jmqi.remote.api.RemoteFAP$Connector.access$100(RemoteFAP.java:13202)\n\tat com.ibm.mq.jmqi.remote.api.RemoteFAP.jmqiConnect(RemoteFAP.java:1451)\n\tat com.ibm.mq.jmqi.remote.api.RemoteFAP.jmqiConnect(RemoteFAP.java:1392)\n\tat com.ibm.mq.ese.jmqi.InterceptedJmqiImpl.jmqiConnect(InterceptedJmqiImpl.java:377)\n\tat com.ibm.mq.ese.jmqi.ESEJMQI.jmqiConnect(ESEJMQI.java:562)\n\tat com.ibm.msg.client.jakarta.wmq.internal.WMQConnection.<init>(WMQConnection.java:415)\n\t... 17 common frames omitted\nCaused by: com.ibm.mq.jmqi.JmqiException: CC=2;RC=2538;AMQ9204: Connection to host 'ibm-mq.recon-platform.svc.cluster.local/10.100.195.132:1414' rejected. [1=java.net.ConnectException[Connection refused],3=ibm-mq.recon-platform.svc.cluster.local/10.100.195.132:1414,4=TCP,5=Socket.connect]\n\tat com.ibm.mq.jmqi.remote.impl.RemoteTCPConnection.bindAndConnectSocket(RemoteTCPConnection.java:937)\n\tat com.ibm.mq.jmqi.remote.impl.RemoteTCPConnection.protocolConnect(RemoteTCPConnection.java:1511)\n\tat com.ibm.mq.jmqi.remote.impl.RemoteConnection.connect(RemoteConnection.java:1014)\n\tat com.ibm.mq.jmqi.remote.impl.RemoteConnectionSpecification.getNewConnection(RemoteConnectionSpecification.java:691)\n\tat com.ibm.mq.jmqi.remote.impl.RemoteConnectionSpecification.getSessionFromNewConnection(RemoteConnectionSpecification.java:283)\n\tat com.ibm.mq.jmqi.remote.impl.RemoteConnectionSpecification.getSession(RemoteConnectionSpecification.java:170)\n\tat com.ibm.mq.jmqi.remote.impl.RemoteConnectionPool.getSession(RemoteConnectionPool.java:128)\n\tat com.ibm.mq.jmqi.remote.api.RemoteFAP$Connector.jmqiConnect(RemoteFAP.java:13411)\n\t... 23 common frames omitted\nCaused by: java.net.ConnectException: Connection refused\n\tat java.base/sun.nio.ch.Net.connect0(Native Method)\n\tat java.base/sun.nio.ch.Net.connect(Unknown Source)\n\tat java.base/sun.nio.ch.Net.connect(Unknown Source)\n\tat java.base/sun.nio.ch.NioSocketImpl.connect(Unknown Source)\n\tat java.base/java.net.SocksSocketImpl.connect(Unknown Source)\n\tat java.base/java.net.Socket.connect(Unknown Source)\n\tat java.base/java.net.Socket.connect(Unknown Source)\n\tat com.ibm.mq.jmqi.remote.impl.RemoteTCPConnection$4.run(RemoteTCPConnection.java:1111)\n\tat com.ibm.mq.jmqi.remote.impl.RemoteTCPConnection$4.run(RemoteTCPConnection.java:1103)\n\tat java.base/java.security.AccessController.doPrivileged(Unknown Source)\n\tat com.ibm.mq.jmqi.remote.impl.RemoteTCPConnection.connectSocket(RemoteTCPConnection.java:1103)\n\tat com.ibm.mq.jmqi.remote.impl.RemoteTCPConnection.bindAndConnectSocket(RemoteTCPConnection.java:843)\n\t... 30 common frames omitted\n","appName":"recon-consumer-app","application":"recon-consumer-app"}
{"@timestamp":"2026-05-10T09:25:53.2251328Z","@version":"1","message":"Could not refresh JMS Connection for destination 'RECON.IN' - retrying using FixedBackOff{interval=5000, currentAttempts=8, maxAttempts=unlimited}. Cause: JMSWMQ0018: Failed to connect to queue manager 'QM1' with connection mode 'Client' and host name 'ibm-mq.recon-platform.svc.cluster.local(1414)'.; nested exception is com.ibm.mq.MQException: JMSCMQ0001: IBM MQ call failed with compcode '2' ('MQCC_FAILED') reason '2538' ('MQRC_HOST_NOT_AVAILABLE').","logger_name":"org.springframework.jms.listener.DefaultMessageListenerContainer","thread_name":"org.springframework.jms.JmsListenerEndpointContainer#1-8","level":"ERROR","level_value":40000,"stack_trace":"com.ibm.msg.client.jakarta.jms.DetailedIllegalStateException: JMSWMQ0018: Failed to connect to queue manager 'QM1' with connection mode 'Client' and host name 'ibm-mq.recon-platform.svc.cluster.local(1414)'.\n\tat com.ibm.msg.client.jakarta.wmq.common.internal.Reason.reasonToException(Reason.java:489)\n\tat com.ibm.msg.client.jakarta.wmq.common.internal.Reason.createException(Reason.java:215)\n\tat com.ibm.msg.client.jakarta.wmq.internal.WMQConnection.<init>(WMQConnection.java:482)\n\tat com.ibm.msg.client.jakarta.wmq.factories.WMQConnectionFactory.createV7ProviderConnection(WMQConnectionFactory.java:9009)\n\tat com.ibm.msg.client.jakarta.wmq.factories.WMQConnectionFactory.createProviderConnection(WMQConnectionFactory.java:8349)\n\tat com.ibm.msg.client.jakarta.jms.admin.JmsConnectionFactoryImpl._createConnection(JmsConnectionFactoryImpl.java:322)\n\tat com.ibm.msg.client.jakarta.jms.admin.JmsConnectionFactoryImpl.createConnection(JmsConnectionFactoryImpl.java:242)\n\tat com.ibm.mq.jakarta.jms.MQConnectionFactory.createCommonConnection(MQConnectionFactory.java:6193)\n\tat com.ibm.mq.jakarta.jms.MQConnectionFactory.createConnection(MQConnectionFactory.java:6222)\n\tat org.springframework.jms.connection.SingleConnectionFactory.doCreateConnection(SingleConnectionFactory.java:452)\n\tat org.springframework.jms.connection.SingleConnectionFactory.initConnection(SingleConnectionFactory.java:414)\n\tat org.springframework.jms.connection.SingleConnectionFactory.getConnection(SingleConnectionFactory.java:328)\n\tat org.springframework.jms.connection.SingleConnectionFactory.createConnection(SingleConnectionFactory.java:243)\n\tat org.springframework.jms.support.JmsAccessor.createConnection(JmsAccessor.java:211)\n\tat org.springframework.jms.listener.AbstractJmsListeningContainer.createSharedConnection(AbstractJmsListeningContainer.java:405)\n\tat org.springframework.jms.listener.AbstractJmsListeningContainer.refreshSharedConnection(AbstractJmsListeningContainer.java:390)\n\tat org.springframework.jms.listener.DefaultMessageListenerContainer.refreshConnectionUntilSuccessful(DefaultMessageListenerContainer.java:1004)\n\tat org.springframework.jms.listener.DefaultMessageListenerContainer.recoverAfterListenerSetupFailure(DefaultMessageListenerContainer.java:978)\n\tat org.springframework.jms.listener.DefaultMessageListenerContainer$AsyncMessageListenerInvoker.run(DefaultMessageListenerContainer.java:1166)\n\tat java.base/java.lang.Thread.run(Unknown Source)\nCaused by: com.ibm.mq.MQException: JMSCMQ0001: IBM MQ call failed with compcode '2' ('MQCC_FAILED') reason '2538' ('MQRC_HOST_NOT_AVAILABLE').\n\tat com.ibm.msg.client.jakarta.wmq.common.internal.Reason.createException(Reason.java:203)\n\t... 18 common frames omitted\nCaused by: com.ibm.mq.jmqi.JmqiException: CC=2;RC=2538;AMQ9204: Connection to host 'ibm-mq.recon-platform.svc.cluster.local(1414)' rejected. [1=com.ibm.mq.jmqi.JmqiException[CC=2;RC=2538;AMQ9204: Connection to host 'ibm-mq.recon-platform.svc.cluster.local/10.100.195.132:1414' rejected. [1=java.net.ConnectException[Connection refused],3=ibm-mq.recon-platform.svc.cluster.local/10.100.195.132:1414,4=TCP,5=Socket.connect]],3=ibm-mq.recon-platform.svc.cluster.local(1414),4=,5=RemoteTCPConnection.bindAndConnectSocket]\n\tat com.ibm.mq.jmqi.remote.api.RemoteFAP$Connector.jmqiConnect(RemoteFAP.java:13687)\n\tat com.ibm.mq.jmqi.remote.api.RemoteFAP$Connector.access$100(RemoteFAP.java:13202)\n\tat com.ibm.mq.jmqi.remote.api.RemoteFAP.jmqiConnect(RemoteFAP.java:1451)\n\tat com.ibm.mq.jmqi.remote.api.RemoteFAP.jmqiConnect(RemoteFAP.java:1392)\n\tat com.ibm.mq.ese.jmqi.InterceptedJmqiImpl.jmqiConnect(InterceptedJmqiImpl.java:377)\n\tat com.ibm.mq.ese.jmqi.ESEJMQI.jmqiConnect(ESEJMQI.java:562)\n\tat com.ibm.msg.client.jakarta.wmq.internal.WMQConnection.<init>(WMQConnection.java:415)\n\t... 17 common frames omitted\nCaused by: com.ibm.mq.jmqi.JmqiException: CC=2;RC=2538;AMQ9204: Connection to host 'ibm-mq.recon-platform.svc.cluster.local/10.100.195.132:1414' rejected. [1=java.net.ConnectException[Connection refused],3=ibm-mq.recon-platform.svc.cluster.local/10.100.195.132:1414,4=TCP,5=Socket.connect]\n\tat com.ibm.mq.jmqi.remote.impl.RemoteTCPConnection.bindAndConnectSocket(RemoteTCPConnection.java:937)\n\tat com.ibm.mq.jmqi.remote.impl.RemoteTCPConnection.protocolConnect(RemoteTCPConnection.java:1511)\n\tat com.ibm.mq.jmqi.remote.impl.RemoteConnection.connect(RemoteConnection.java:1014)\n\tat com.ibm.mq.jmqi.remote.impl.RemoteConnectionSpecification.getNewConnection(RemoteConnectionSpecification.java:691)\n\tat com.ibm.mq.jmqi.remote.impl.RemoteConnectionSpecification.getSessionFromNewConnection(RemoteConnectionSpecification.java:283)\n\tat com.ibm.mq.jmqi.remote.impl.RemoteConnectionSpecification.getSession(RemoteConnectionSpecification.java:170)\n\tat com.ibm.mq.jmqi.remote.impl.RemoteConnectionPool.getSession(RemoteConnectionPool.java:128)\n\tat com.ibm.mq.jmqi.remote.api.RemoteFAP$Connector.jmqiConnect(RemoteFAP.java:13411)\n\t... 23 common frames omitted\nCaused by: java.net.ConnectException: Connection refused\n\tat java.base/sun.nio.ch.Net.connect0(Native Method)\n\tat java.base/sun.nio.ch.Net.connect(Unknown Source)\n\tat java.base/sun.nio.ch.Net.connect(Unknown Source)\n\tat java.base/sun.nio.ch.NioSocketImpl.connect(Unknown Source)\n\tat java.base/java.net.SocksSocketImpl.connect(Unknown Source)\n\tat java.base/java.net.Socket.connect(Unknown Source)\n\tat java.base/java.net.Socket.connect(Unknown Source)\n\tat com.ibm.mq.jmqi.remote.impl.RemoteTCPConnection$4.run(RemoteTCPConnection.java:1111)\n\tat com.ibm.mq.jmqi.remote.impl.RemoteTCPConnection$4.run(RemoteTCPConnection.java:1103)\n\tat java.base/java.security.AccessController.doPrivileged(Unknown Source)\n\tat com.ibm.mq.jmqi.remote.impl.RemoteTCPConnection.connectSocket(RemoteTCPConnection.java:1103)\n\tat com.ibm.mq.jmqi.remote.impl.RemoteTCPConnection.bindAndConnectSocket(RemoteTCPConnection.java:843)\n\t... 30 common frames omitted\n","appName":"recon-consumer-app","application":"recon-consumer-app"}
{"@timestamp":"2026-05-10T09:25:57.225114407Z","@version":"1","message":"Could not refresh JMS Connection for destination 'RECON.RETRY' - retrying using FixedBackOff{interval=5000, currentAttempts=9, maxAttempts=unlimited}. Cause: JMSWMQ0018: Failed to connect to queue manager 'QM1' with connection mode 'Client' and host name 'ibm-mq.recon-platform.svc.cluster.local(1414)'.; nested exception is com.ibm.mq.MQException: JMSCMQ0001: IBM MQ call failed with compcode '2' ('MQCC_FAILED') reason '2538' ('MQRC_HOST_NOT_AVAILABLE').","logger_name":"org.springframework.jms.listener.DefaultMessageListenerContainer","thread_name":"org.springframework.jms.JmsListenerEndpointContainer#2-2","level":"ERROR","level_value":40000,"stack_trace":"com.ibm.msg.client.jakarta.jms.DetailedIllegalStateException: JMSWMQ0018: Failed to connect to queue manager 'QM1' with connection mode 'Client' and host name 'ibm-mq.recon-platform.svc.cluster.local(1414)'.\n\tat com.ibm.msg.client.jakarta.wmq.common.internal.Reason.reasonToException(Reason.java:489)\n\tat com.ibm.msg.client.jakarta.wmq.common.internal.Reason.createException(Reason.java:215)\n\tat com.ibm.msg.client.jakarta.wmq.internal.WMQConnection.<init>(WMQConnection.java:482)\n\tat com.ibm.msg.client.jakarta.wmq.factories.WMQConnectionFactory.createV7ProviderConnection(WMQConnectionFactory.java:9009)\n\tat com.ibm.msg.client.jakarta.wmq.factories.WMQConnectionFactory.createProviderConnection(WMQConnectionFactory.java:8349)\n\tat com.ibm.msg.client.jakarta.jms.admin.JmsConnectionFactoryImpl._createConnection(JmsConnectionFactoryImpl.java:322)\n\tat com.ibm.msg.client.jakarta.jms.admin.JmsConnectionFactoryImpl.createConnection(JmsConnectionFactoryImpl.java:242)\n\tat com.ibm.mq.jakarta.jms.MQConnectionFactory.createCommonConnection(MQConnectionFactory.java:6193)\n\tat com.ibm.mq.jakarta.jms.MQConnectionFactory.createConnection(MQConnectionFactory.java:6222)\n\tat org.springframework.jms.connection.SingleConnectionFactory.doCreateConnection(SingleConnectionFactory.java:452)\n\tat org.springframework.jms.connection.SingleConnectionFactory.initConnection(SingleConnectionFactory.java:414)\n\tat org.springframework.jms.connection.SingleConnectionFactory.getConnection(SingleConnectionFactory.java:328)\n\tat org.springframework.jms.connection.SingleConnectionFactory.createConnection(SingleConnectionFactory.java:243)\n\tat org.springframework.jms.support.JmsAccessor.createConnection(JmsAccessor.java:211)\n\tat org.springframework.jms.listener.AbstractJmsListeningContainer.createSharedConnection(AbstractJmsListeningContainer.java:405)\n\tat org.springframework.jms.listener.AbstractJmsListeningContainer.refreshSharedConnection(AbstractJmsListeningContainer.java:390)\n\tat org.springframework.jms.listener.DefaultMessageListenerContainer.refreshConnectionUntilSuccessful(DefaultMessageListenerContainer.java:1004)\n\tat org.springframework.jms.listener.DefaultMessageListenerContainer.recoverAfterListenerSetupFailure(DefaultMessageListenerContainer.java:978)\n\tat org.springframework.jms.listener.DefaultMessageListenerContainer$AsyncMessageListenerInvoker.run(DefaultMessageListenerContainer.java:1166)\n\tat java.base/java.lang.Thread.run(Unknown Source)\nCaused by: com.ibm.mq.MQException: JMSCMQ0001: IBM MQ call failed with compcode '2' ('MQCC_FAILED') reason '2538' ('MQRC_HOST_NOT_AVAILABLE').\n\tat com.ibm.msg.client.jakarta.wmq.common.internal.Reason.createException(Reason.java:203)\n\t... 18 common frames omitted\nCaused by: com.ibm.mq.jmqi.JmqiException: CC=2;RC=2538;AMQ9204: Connection to host 'ibm-mq.recon-platform.svc.cluster.local(1414)' rejected. [1=com.ibm.mq.jmqi.JmqiException[CC=2;RC=2538;AMQ9204: Connection to host 'ibm-mq.recon-platform.svc.cluster.local/10.100.195.132:1414' rejected. [1=java.net.ConnectException[Connection refused],3=ibm-mq.recon-platform.svc.cluster.local/10.100.195.132:1414,4=TCP,5=Socket.connect]],3=ibm-mq.recon-platform.svc.cluster.local(1414),4=,5=RemoteTCPConnection.bindAndConnectSocket]\n\tat com.ibm.mq.jmqi.remote.api.RemoteFAP$Connector.jmqiConnect(RemoteFAP.java:13687)\n\tat com.ibm.mq.jmqi.remote.api.RemoteFAP$Connector.access$100(RemoteFAP.java:13202)\n\tat com.ibm.mq.jmqi.remote.api.RemoteFAP.jmqiConnect(RemoteFAP.java:1451)\n\tat com.ibm.mq.jmqi.remote.api.RemoteFAP.jmqiConnect(RemoteFAP.java:1392)\n\tat com.ibm.mq.ese.jmqi.InterceptedJmqiImpl.jmqiConnect(InterceptedJmqiImpl.java:377)\n\tat com.ibm.mq.ese.jmqi.ESEJMQI.jmqiConnect(ESEJMQI.java:562)\n\tat com.ibm.msg.client.jakarta.wmq.internal.WMQConnection.<init>(WMQConnection.java:415)\n\t... 17 common frames omitted\nCaused by: com.ibm.mq.jmqi.JmqiException: CC=2;RC=2538;AMQ9204: Connection to host 'ibm-mq.recon-platform.svc.cluster.local/10.100.195.132:1414' rejected. [1=java.net.ConnectException[Connection refused],3=ibm-mq.recon-platform.svc.cluster.local/10.100.195.132:1414,4=TCP,5=Socket.connect]\n\tat com.ibm.mq.jmqi.remote.impl.RemoteTCPConnection.bindAndConnectSocket(RemoteTCPConnection.java:937)\n\tat com.ibm.mq.jmqi.remote.impl.RemoteTCPConnection.protocolConnect(RemoteTCPConnection.java:1511)\n\tat com.ibm.mq.jmqi.remote.impl.RemoteConnection.connect(RemoteConnection.java:1014)\n\tat com.ibm.mq.jmqi.remote.impl.RemoteConnectionSpecification.getNewConnection(RemoteConnectionSpecification.java:691)\n\tat com.ibm.mq.jmqi.remote.impl.RemoteConnectionSpecification.getSessionFromNewConnection(RemoteConnectionSpecification.java:283)\n\tat com.ibm.mq.jmqi.remote.impl.RemoteConnectionSpecification.getSession(RemoteConnectionSpecification.java:170)\n\tat com.ibm.mq.jmqi.remote.impl.RemoteConnectionPool.getSession(RemoteConnectionPool.java:128)\n\tat com.ibm.mq.jmqi.remote.api.RemoteFAP$Connector.jmqiConnect(RemoteFAP.java:13411)\n\t... 23 common frames omitted\nCaused by: java.net.ConnectException: Connection refused\n\tat java.base/sun.nio.ch.Net.connect0(Native Method)\n\tat java.base/sun.nio.ch.Net.connect(Unknown Source)\n\tat java.base/sun.nio.ch.Net.connect(Unknown Source)\n\tat java.base/sun.nio.ch.NioSocketImpl.connect(Unknown Source)\n\tat java.base/java.net.SocksSocketImpl.connect(Unknown Source)\n\tat java.base/java.net.Socket.connect(Unknown Source)\n\tat java.base/java.net.Socket.connect(Unknown Source)\n\tat com.ibm.mq.jmqi.remote.impl.RemoteTCPConnection$4.run(RemoteTCPConnection.java:1111)\n\tat com.ibm.mq.jmqi.remote.impl.RemoteTCPConnection$4.run(RemoteTCPConnection.java:1103)\n\tat java.base/java.security.AccessController.doPrivileged(Unknown Source)\n\tat com.ibm.mq.jmqi.remote.impl.RemoteTCPConnection.connectSocket(RemoteTCPConnection.java:1103)\n\tat com.ibm.mq.jmqi.remote.impl.RemoteTCPConnection.bindAndConnectSocket(RemoteTCPConnection.java:843)\n\t... 30 common frames omitted\n","appName":"recon-consumer-app","application":"recon-consumer-app"}
{"@timestamp":"2026-05-10T09:25:58.265348906Z","@version":"1","message":"Could not refresh JMS Connection for destination 'SYSTEM.DEAD.LETTER.QUEUE' - retrying using FixedBackOff{interval=5000, currentAttempts=9, maxAttempts=unlimited}. Cause: JMSWMQ0018: Failed to connect to queue manager 'QM1' with connection mode 'Client' and host name 'ibm-mq.recon-platform.svc.cluster.local(1414)'.; nested exception is com.ibm.mq.MQException: JMSCMQ0001: IBM MQ call failed with compcode '2' ('MQCC_FAILED') reason '2538' ('MQRC_HOST_NOT_AVAILABLE').","logger_name":"org.springframework.jms.listener.DefaultMessageListenerContainer","thread_name":"org.springframework.jms.JmsListenerEndpointContainer#0-1","level":"ERROR","level_value":40000,"stack_trace":"com.ibm.msg.client.jakarta.jms.DetailedIllegalStateException: JMSWMQ0018: Failed to connect to queue manager 'QM1' with connection mode 'Client' and host name 'ibm-mq.recon-platform.svc.cluster.local(1414)'.\n\tat com.ibm.msg.client.jakarta.wmq.common.internal.Reason.reasonToException(Reason.java:489)\n\tat com.ibm.msg.client.jakarta.wmq.common.internal.Reason.createException(Reason.java:215)\n\tat com.ibm.msg.client.jakarta.wmq.internal.WMQConnection.<init>(WMQConnection.java:482)\n\tat com.ibm.msg.client.jakarta.wmq.factories.WMQConnectionFactory.createV7ProviderConnection(WMQConnectionFactory.java:9009)\n\tat com.ibm.msg.client.jakarta.wmq.factories.WMQConnectionFactory.createProviderConnection(WMQConnectionFactory.java:8349)\n\tat com.ibm.msg.client.jakarta.jms.admin.JmsConnectionFactoryImpl._createConnection(JmsConnectionFactoryImpl.java:322)\n\tat com.ibm.msg.client.jakarta.jms.admin.JmsConnectionFactoryImpl.createConnection(JmsConnectionFactoryImpl.java:242)\n\tat com.ibm.mq.jakarta.jms.MQConnectionFactory.createCommonConnection(MQConnectionFactory.java:6193)\n\tat com.ibm.mq.jakarta.jms.MQConnectionFactory.createConnection(MQConnectionFactory.java:6222)\n\tat org.springframework.jms.connection.SingleConnectionFactory.doCreateConnection(SingleConnectionFactory.java:452)\n\tat org.springframework.jms.connection.SingleConnectionFactory.initConnection(SingleConnectionFactory.java:414)\n\tat org.springframework.jms.connection.SingleConnectionFactory.getConnection(SingleConnectionFactory.java:328)\n\tat org.springframework.jms.connection.SingleConnectionFactory.createConnection(SingleConnectionFactory.java:243)\n\tat org.springframework.jms.support.JmsAccessor.createConnection(JmsAccessor.java:211)\n\tat org.springframework.jms.listener.AbstractJmsListeningContainer.createSharedConnection(AbstractJmsListeningContainer.java:405)\n\tat org.springframework.jms.listener.AbstractJmsListeningContainer.refreshSharedConnection(AbstractJmsListeningContainer.java:390)\n\tat org.springframework.jms.listener.DefaultMessageListenerContainer.refreshConnectionUntilSuccessful(DefaultMessageListenerContainer.java:1004)\n\tat org.springframework.jms.listener.DefaultMessageListenerContainer.recoverAfterListenerSetupFailure(DefaultMessageListenerContainer.java:978)\n\tat org.springframework.jms.listener.DefaultMessageListenerContainer$AsyncMessageListenerInvoker.run(DefaultMessageListenerContainer.java:1166)\n\tat java.base/java.lang.Thread.run(Unknown Source)\nCaused by: com.ibm.mq.MQException: JMSCMQ0001: IBM MQ call failed with compcode '2' ('MQCC_FAILED') reason '2538' ('MQRC_HOST_NOT_AVAILABLE').\n\tat com.ibm.msg.client.jakarta.wmq.common.internal.Reason.createException(Reason.java:203)\n\t... 18 common frames omitted\nCaused by: com.ibm.mq.jmqi.JmqiException: CC=2;RC=2538;AMQ9204: Connection to host 'ibm-mq.recon-platform.svc.cluster.local(1414)' rejected. [1=com.ibm.mq.jmqi.JmqiException[CC=2;RC=2538;AMQ9204: Connection to host 'ibm-mq.recon-platform.svc.cluster.local/10.100.195.132:1414' rejected. [1=java.net.ConnectException[Connection refused],3=ibm-mq.recon-platform.svc.cluster.local/10.100.195.132:1414,4=TCP,5=Socket.connect]],3=ibm-mq.recon-platform.svc.cluster.local(1414),4=,5=RemoteTCPConnection.bindAndConnectSocket]\n\tat com.ibm.mq.jmqi.remote.api.RemoteFAP$Connector.jmqiConnect(RemoteFAP.java:13687)\n\tat com.ibm.mq.jmqi.remote.api.RemoteFAP$Connector.access$100(RemoteFAP.java:13202)\n\tat com.ibm.mq.jmqi.remote.api.RemoteFAP.jmqiConnect(RemoteFAP.java:1451)\n\tat com.ibm.mq.jmqi.remote.api.RemoteFAP.jmqiConnect(RemoteFAP.java:1392)\n\tat com.ibm.mq.ese.jmqi.InterceptedJmqiImpl.jmqiConnect(InterceptedJmqiImpl.java:377)\n\tat com.ibm.mq.ese.jmqi.ESEJMQI.jmqiConnect(ESEJMQI.java:562)\n\tat com.ibm.msg.client.jakarta.wmq.internal.WMQConnection.<init>(WMQConnection.java:415)\n\t... 17 common frames omitted\nCaused by: com.ibm.mq.jmqi.JmqiException: CC=2;RC=2538;AMQ9204: Connection to host 'ibm-mq.recon-platform.svc.cluster.local/10.100.195.132:1414' rejected. [1=java.net.ConnectException[Connection refused],3=ibm-mq.recon-platform.svc.cluster.local/10.100.195.132:1414,4=TCP,5=Socket.connect]\n\tat com.ibm.mq.jmqi.remote.impl.RemoteTCPConnection.bindAndConnectSocket(RemoteTCPConnection.java:937)\n\tat com.ibm.mq.jmqi.remote.impl.RemoteTCPConnection.protocolConnect(RemoteTCPConnection.java:1511)\n\tat com.ibm.mq.jmqi.remote.impl.RemoteConnection.connect(RemoteConnection.java:1014)\n\tat com.ibm.mq.jmqi.remote.impl.RemoteConnectionSpecification.getNewConnection(RemoteConnectionSpecification.java:691)\n\tat com.ibm.mq.jmqi.remote.impl.RemoteConnectionSpecification.getSessionFromNewConnection(RemoteConnectionSpecification.java:283)\n\tat com.ibm.mq.jmqi.remote.impl.RemoteConnectionSpecification.getSession(RemoteConnectionSpecification.java:170)\n\tat com.ibm.mq.jmqi.remote.impl.RemoteConnectionPool.getSession(RemoteConnectionPool.java:128)\n\tat com.ibm.mq.jmqi.remote.api.RemoteFAP$Connector.jmqiConnect(RemoteFAP.java:13411)\n\t... 23 common frames omitted\nCaused by: java.net.ConnectException: Connection refused\n\tat java.base/sun.nio.ch.Net.connect0(Native Method)\n\tat java.base/sun.nio.ch.Net.connect(Unknown Source)\n\tat java.base/sun.nio.ch.Net.connect(Unknown Source)\n\tat java.base/sun.nio.ch.NioSocketImpl.connect(Unknown Source)\n\tat java.base/java.net.SocksSocketImpl.connect(Unknown Source)\n\tat java.base/java.net.Socket.connect(Unknown Source)\n\tat java.base/java.net.Socket.connect(Unknown Source)\n\tat com.ibm.mq.jmqi.remote.impl.RemoteTCPConnection$4.run(RemoteTCPConnection.java:1111)\n\tat com.ibm.mq.jmqi.remote.impl.RemoteTCPConnection$4.run(RemoteTCPConnection.java:1103)\n\tat java.base/java.security.AccessController.doPrivileged(Unknown Source)\n\tat com.ibm.mq.jmqi.remote.impl.RemoteTCPConnection.connectSocket(RemoteTCPConnection.java:1103)\n\tat com.ibm.mq.jmqi.remote.impl.RemoteTCPConnection.bindAndConnectSocket(RemoteTCPConnection.java:843)\n\t... 30 common frames omitted\n","appName":"recon-consumer-app","application":"recon-consumer-app"}
{"@timestamp":"2026-05-10T09:25:59.315101979Z","@version":"1","message":"Could not refresh JMS Connection for destination 'RECON.IN' - retrying using FixedBackOff{interval=5000, currentAttempts=9, maxAttempts=unlimited}. Cause: JMSWMQ0018: Failed to connect to queue manager 'QM1' with connection mode 'Client' and host name 'ibm-mq.recon-platform.svc.cluster.local(1414)'.; nested exception is com.ibm.mq.MQException: JMSCMQ0001: IBM MQ call failed with compcode '2' ('MQCC_FAILED') reason '2538' ('MQRC_HOST_NOT_AVAILABLE').","logger_name":"org.springframework.jms.listener.DefaultMessageListenerContainer","thread_name":"org.springframework.jms.JmsListenerEndpointContainer#1-8","level":"ERROR","level_value":40000,"stack_trace":"com.ibm.msg.client.jakarta.jms.DetailedIllegalStateException: JMSWMQ0018: Failed to connect to queue manager 'QM1' with connection mode 'Client' and host name 'ibm-mq.recon-platform.svc.cluster.local(1414)'.\n\tat com.ibm.msg.client.jakarta.wmq.common.internal.Reason.reasonToException(Reason.java:489)\n\tat com.ibm.msg.client.jakarta.wmq.common.internal.Reason.createException(Reason.java:215)\n\tat com.ibm.msg.client.jakarta.wmq.internal.WMQConnection.<init>(WMQConnection.java:482)\n\tat com.ibm.msg.client.jakarta.wmq.factories.WMQConnectionFactory.createV7ProviderConnection(WMQConnectionFactory.java:9009)\n\tat com.ibm.msg.client.jakarta.wmq.factories.WMQConnectionFactory.createProviderConnection(WMQConnectionFactory.java:8349)\n\tat com.ibm.msg.client.jakarta.jms.admin.JmsConnectionFactoryImpl._createConnection(JmsConnectionFactoryImpl.java:322)\n\tat com.ibm.msg.client.jakarta.jms.admin.JmsConnectionFactoryImpl.createConnection(JmsConnectionFactoryImpl.java:242)\n\tat com.ibm.mq.jakarta.jms.MQConnectionFactory.createCommonConnection(MQConnectionFactory.java:6193)\n\tat com.ibm.mq.jakarta.jms.MQConnectionFactory.createConnection(MQConnectionFactory.java:6222)\n\tat org.springframework.jms.connection.SingleConnectionFactory.doCreateConnection(SingleConnectionFactory.java:452)\n\tat org.springframework.jms.connection.SingleConnectionFactory.initConnection(SingleConnectionFactory.java:414)\n\tat org.springframework.jms.connection.SingleConnectionFactory.getConnection(SingleConnectionFactory.java:328)\n\tat org.springframework.jms.connection.SingleConnectionFactory.createConnection(SingleConnectionFactory.java:243)\n\tat org.springframework.jms.support.JmsAccessor.createConnection(JmsAccessor.java:211)\n\tat org.springframework.jms.listener.AbstractJmsListeningContainer.createSharedConnection(AbstractJmsListeningContainer.java:405)\n\tat org.springframework.jms.listener.AbstractJmsListeningContainer.refreshSharedConnection(AbstractJmsListeningContainer.java:390)\n\tat org.springframework.jms.listener.DefaultMessageListenerContainer.refreshConnectionUntilSuccessful(DefaultMessageListenerContainer.java:1004)\n\tat org.springframework.jms.listener.DefaultMessageListenerContainer.recoverAfterListenerSetupFailure(DefaultMessageListenerContainer.java:978)\n\tat org.springframework.jms.listener.DefaultMessageListenerContainer$AsyncMessageListenerInvoker.run(DefaultMessageListenerContainer.java:1166)\n\tat java.base/java.lang.Thread.run(Unknown Source)\nCaused by: com.ibm.mq.MQException: JMSCMQ0001: IBM MQ call failed with compcode '2' ('MQCC_FAILED') reason '2538' ('MQRC_HOST_NOT_AVAILABLE').\n\tat com.ibm.msg.client.jakarta.wmq.common.internal.Reason.createException(Reason.java:203)\n\t... 18 common frames omitted\nCaused by: com.ibm.mq.jmqi.JmqiException: CC=2;RC=2538;AMQ9204: Connection to host 'ibm-mq.recon-platform.svc.cluster.local(1414)' rejected. [1=com.ibm.mq.jmqi.JmqiException[CC=2;RC=2538;AMQ9204: Connection to host 'ibm-mq.recon-platform.svc.cluster.local/10.100.195.132:1414' rejected. [1=java.net.ConnectException[Connection refused],3=ibm-mq.recon-platform.svc.cluster.local/10.100.195.132:1414,4=TCP,5=Socket.connect]],3=ibm-mq.recon-platform.svc.cluster.local(1414),4=,5=RemoteTCPConnection.bindAndConnectSocket]\n\tat com.ibm.mq.jmqi.remote.api.RemoteFAP$Connector.jmqiConnect(RemoteFAP.java:13687)\n\tat com.ibm.mq.jmqi.remote.api.RemoteFAP$Connector.access$100(RemoteFAP.java:13202)\n\tat com.ibm.mq.jmqi.remote.api.RemoteFAP.jmqiConnect(RemoteFAP.java:1451)\n\tat com.ibm.mq.jmqi.remote.api.RemoteFAP.jmqiConnect(RemoteFAP.java:1392)\n\tat com.ibm.mq.ese.jmqi.InterceptedJmqiImpl.jmqiConnect(InterceptedJmqiImpl.java:377)\n\tat com.ibm.mq.ese.jmqi.ESEJMQI.jmqiConnect(ESEJMQI.java:562)\n\tat com.ibm.msg.client.jakarta.wmq.internal.WMQConnection.<init>(WMQConnection.java:415)\n\t... 17 common frames omitted\nCaused by: com.ibm.mq.jmqi.JmqiException: CC=2;RC=2538;AMQ9204: Connection to host 'ibm-mq.recon-platform.svc.cluster.local/10.100.195.132:1414' rejected. [1=java.net.ConnectException[Connection refused],3=ibm-mq.recon-platform.svc.cluster.local/10.100.195.132:1414,4=TCP,5=Socket.connect]\n\tat com.ibm.mq.jmqi.remote.impl.RemoteTCPConnection.bindAndConnectSocket(RemoteTCPConnection.java:937)\n\tat com.ibm.mq.jmqi.remote.impl.RemoteTCPConnection.protocolConnect(RemoteTCPConnection.java:1511)\n\tat com.ibm.mq.jmqi.remote.impl.RemoteConnection.connect(RemoteConnection.java:1014)\n\tat com.ibm.mq.jmqi.remote.impl.RemoteConnectionSpecification.getNewConnection(RemoteConnectionSpecification.java:691)\n\tat com.ibm.mq.jmqi.remote.impl.RemoteConnectionSpecification.getSessionFromNewConnection(RemoteConnectionSpecification.java:283)\n\tat com.ibm.mq.jmqi.remote.impl.RemoteConnectionSpecification.getSession(RemoteConnectionSpecification.java:170)\n\tat com.ibm.mq.jmqi.remote.impl.RemoteConnectionPool.getSession(RemoteConnectionPool.java:128)\n\tat com.ibm.mq.jmqi.remote.api.RemoteFAP$Connector.jmqiConnect(RemoteFAP.java:13411)\n\t... 23 common frames omitted\nCaused by: java.net.ConnectException: Connection refused\n\tat java.base/sun.nio.ch.Net.connect0(Native Method)\n\tat java.base/sun.nio.ch.Net.connect(Unknown Source)\n\tat java.base/sun.nio.ch.Net.connect(Unknown Source)\n\tat java.base/sun.nio.ch.NioSocketImpl.connect(Unknown Source)\n\tat java.base/java.net.SocksSocketImpl.connect(Unknown Source)\n\tat java.base/java.net.Socket.connect(Unknown Source)\n\tat java.base/java.net.Socket.connect(Unknown Source)\n\tat com.ibm.mq.jmqi.remote.impl.RemoteTCPConnection$4.run(RemoteTCPConnection.java:1111)\n\tat com.ibm.mq.jmqi.remote.impl.RemoteTCPConnection$4.run(RemoteTCPConnection.java:1103)\n\tat java.base/java.security.AccessController.doPrivileged(Unknown Source)\n\tat com.ibm.mq.jmqi.remote.impl.RemoteTCPConnection.connectSocket(RemoteTCPConnection.java:1103)\n\tat com.ibm.mq.jmqi.remote.impl.RemoteTCPConnection.bindAndConnectSocket(RemoteTCPConnection.java:843)\n\t... 30 common frames omitted\n","appName":"recon-consumer-app","application":"recon-consumer-app"}
{"@timestamp":"2026-05-10T09:26:03.305127271Z","@version":"1","message":"Could not refresh JMS Connection for destination 'RECON.RETRY' - retrying using FixedBackOff{interval=5000, currentAttempts=10, maxAttempts=unlimited}. Cause: JMSWMQ0018: Failed to connect to queue manager 'QM1' with connection mode 'Client' and host name 'ibm-mq.recon-platform.svc.cluster.local(1414)'.; nested exception is com.ibm.mq.MQException: JMSCMQ0001: IBM MQ call failed with compcode '2' ('MQCC_FAILED') reason '2538' ('MQRC_HOST_NOT_AVAILABLE').","logger_name":"org.springframework.jms.listener.DefaultMessageListenerContainer","thread_name":"org.springframework.jms.JmsListenerEndpointContainer#2-2","level":"ERROR","level_value":40000,"stack_trace":"com.ibm.msg.client.jakarta.jms.DetailedIllegalStateException: JMSWMQ0018: Failed to connect to queue manager 'QM1' with connection mode 'Client' and host name 'ibm-mq.recon-platform.svc.cluster.local(1414)'.\n\tat com.ibm.msg.client.jakarta.wmq.common.internal.Reason.reasonToException(Reason.java:489)\n\tat com.ibm.msg.client.jakarta.wmq.common.internal.Reason.createException(Reason.java:215)\n\tat com.ibm.msg.client.jakarta.wmq.internal.WMQConnection.<init>(WMQConnection.java:482)\n\tat com.ibm.msg.client.jakarta.wmq.factories.WMQConnectionFactory.createV7ProviderConnection(WMQConnectionFactory.java:9009)\n\tat com.ibm.msg.client.jakarta.wmq.factories.WMQConnectionFactory.createProviderConnection(WMQConnectionFactory.java:8349)\n\tat com.ibm.msg.client.jakarta.jms.admin.JmsConnectionFactoryImpl._createConnection(JmsConnectionFactoryImpl.java:322)\n\tat com.ibm.msg.client.jakarta.jms.admin.JmsConnectionFactoryImpl.createConnection(JmsConnectionFactoryImpl.java:242)\n\tat com.ibm.mq.jakarta.jms.MQConnectionFactory.createCommonConnection(MQConnectionFactory.java:6193)\n\tat com.ibm.mq.jakarta.jms.MQConnectionFactory.createConnection(MQConnectionFactory.java:6222)\n\tat org.springframework.jms.connection.SingleConnectionFactory.doCreateConnection(SingleConnectionFactory.java:452)\n\tat org.springframework.jms.connection.SingleConnectionFactory.initConnection(SingleConnectionFactory.java:414)\n\tat org.springframework.jms.connection.SingleConnectionFactory.getConnection(SingleConnectionFactory.java:328)\n\tat org.springframework.jms.connection.SingleConnectionFactory.createConnection(SingleConnectionFactory.java:243)\n\tat org.springframework.jms.support.JmsAccessor.createConnection(JmsAccessor.java:211)\n\tat org.springframework.jms.listener.AbstractJmsListeningContainer.createSharedConnection(AbstractJmsListeningContainer.java:405)\n\tat org.springframework.jms.listener.AbstractJmsListeningContainer.refreshSharedConnection(AbstractJmsListeningContainer.java:390)\n\tat org.springframework.jms.listener.DefaultMessageListenerContainer.refreshConnectionUntilSuccessful(DefaultMessageListenerContainer.java:1004)\n\tat org.springframework.jms.listener.DefaultMessageListenerContainer.recoverAfterListenerSetupFailure(DefaultMessageListenerContainer.java:978)\n\tat org.springframework.jms.listener.DefaultMessageListenerContainer$AsyncMessageListenerInvoker.run(DefaultMessageListenerContainer.java:1166)\n\tat java.base/java.lang.Thread.run(Unknown Source)\nCaused by: com.ibm.mq.MQException: JMSCMQ0001: IBM MQ call failed with compcode '2' ('MQCC_FAILED') reason '2538' ('MQRC_HOST_NOT_AVAILABLE').\n\tat com.ibm.msg.client.jakarta.wmq.common.internal.Reason.createException(Reason.java:203)\n\t... 18 common frames omitted\nCaused by: com.ibm.mq.jmqi.JmqiException: CC=2;RC=2538;AMQ9204: Connection to host 'ibm-mq.recon-platform.svc.cluster.local(1414)' rejected. [1=com.ibm.mq.jmqi.JmqiException[CC=2;RC=2538;AMQ9204: Connection to host 'ibm-mq.recon-platform.svc.cluster.local/10.100.195.132:1414' rejected. [1=java.net.ConnectException[Connection refused],3=ibm-mq.recon-platform.svc.cluster.local/10.100.195.132:1414,4=TCP,5=Socket.connect]],3=ibm-mq.recon-platform.svc.cluster.local(1414),4=,5=RemoteTCPConnection.bindAndConnectSocket]\n\tat com.ibm.mq.jmqi.remote.api.RemoteFAP$Connector.jmqiConnect(RemoteFAP.java:13687)\n\tat com.ibm.mq.jmqi.remote.api.RemoteFAP$Connector.access$100(RemoteFAP.java:13202)\n\tat com.ibm.mq.jmqi.remote.api.RemoteFAP.jmqiConnect(RemoteFAP.java:1451)\n\tat com.ibm.mq.jmqi.remote.api.RemoteFAP.jmqiConnect(RemoteFAP.java:1392)\n\tat com.ibm.mq.ese.jmqi.InterceptedJmqiImpl.jmqiConnect(InterceptedJmqiImpl.java:377)\n\tat com.ibm.mq.ese.jmqi.ESEJMQI.jmqiConnect(ESEJMQI.java:562)\n\tat com.ibm.msg.client.jakarta.wmq.internal.WMQConnection.<init>(WMQConnection.java:415)\n\t... 17 common frames omitted\nCaused by: com.ibm.mq.jmqi.JmqiException: CC=2;RC=2538;AMQ9204: Connection to host 'ibm-mq.recon-platform.svc.cluster.local/10.100.195.132:1414' rejected. [1=java.net.ConnectException[Connection refused],3=ibm-mq.recon-platform.svc.cluster.local/10.100.195.132:1414,4=TCP,5=Socket.connect]\n\tat com.ibm.mq.jmqi.remote.impl.RemoteTCPConnection.bindAndConnectSocket(RemoteTCPConnection.java:937)\n\tat com.ibm.mq.jmqi.remote.impl.RemoteTCPConnection.protocolConnect(RemoteTCPConnection.java:1511)\n\tat com.ibm.mq.jmqi.remote.impl.RemoteConnection.connect(RemoteConnection.java:1014)\n\tat com.ibm.mq.jmqi.remote.impl.RemoteConnectionSpecification.getNewConnection(RemoteConnectionSpecification.java:691)\n\tat com.ibm.mq.jmqi.remote.impl.RemoteConnectionSpecification.getSessionFromNewConnection(RemoteConnectionSpecification.java:283)\n\tat com.ibm.mq.jmqi.remote.impl.RemoteConnectionSpecification.getSession(RemoteConnectionSpecification.java:170)\n\tat com.ibm.mq.jmqi.remote.impl.RemoteConnectionPool.getSession(RemoteConnectionPool.java:128)\n\tat com.ibm.mq.jmqi.remote.api.RemoteFAP$Connector.jmqiConnect(RemoteFAP.java:13411)\n\t... 23 common frames omitted\nCaused by: java.net.ConnectException: Connection refused\n\tat java.base/sun.nio.ch.Net.connect0(Native Method)\n\tat java.base/sun.nio.ch.Net.connect(Unknown Source)\n\tat java.base/sun.nio.ch.Net.connect(Unknown Source)\n\tat java.base/sun.nio.ch.NioSocketImpl.connect(Unknown Source)\n\tat java.base/java.net.SocksSocketImpl.connect(Unknown Source)\n\tat java.base/java.net.Socket.connect(Unknown Source)\n\tat java.base/java.net.Socket.connect(Unknown Source)\n\tat com.ibm.mq.jmqi.remote.impl.RemoteTCPConnection$4.run(RemoteTCPConnection.java:1111)\n\tat com.ibm.mq.jmqi.remote.impl.RemoteTCPConnection$4.run(RemoteTCPConnection.java:1103)\n\tat java.base/java.security.AccessController.doPrivileged(Unknown Source)\n\tat com.ibm.mq.jmqi.remote.impl.RemoteTCPConnection.connectSocket(RemoteTCPConnection.java:1103)\n\tat com.ibm.mq.jmqi.remote.impl.RemoteTCPConnection.bindAndConnectSocket(RemoteTCPConnection.java:843)\n\t... 30 common frames omitted\n","appName":"recon-consumer-app","application":"recon-consumer-app"}
{"@timestamp":"2026-05-10T09:26:04.345147045Z","@version":"1","message":"Could not refresh JMS Connection for destination 'SYSTEM.DEAD.LETTER.QUEUE' - retrying using FixedBackOff{interval=5000, currentAttempts=10, maxAttempts=unlimited}. Cause: JMSWMQ0018: Failed to connect to queue manager 'QM1' with connection mode 'Client' and host name 'ibm-mq.recon-platform.svc.cluster.local(1414)'.; nested exception is com.ibm.mq.MQException: JMSCMQ0001: IBM MQ call failed with compcode '2' ('MQCC_FAILED') reason '2538' ('MQRC_HOST_NOT_AVAILABLE').","logger_name":"org.springframework.jms.listener.DefaultMessageListenerContainer","thread_name":"org.springframework.jms.JmsListenerEndpointContainer#0-1","level":"ERROR","level_value":40000,"stack_trace":"com.ibm.msg.client.jakarta.jms.DetailedIllegalStateException: JMSWMQ0018: Failed to connect to queue manager 'QM1' with connection mode 'Client' and host name 'ibm-mq.recon-platform.svc.cluster.local(1414)'.\n\tat com.ibm.msg.client.jakarta.wmq.common.internal.Reason.reasonToException(Reason.java:489)\n\tat com.ibm.msg.client.jakarta.wmq.common.internal.Reason.createException(Reason.java:215)\n\tat com.ibm.msg.client.jakarta.wmq.internal.WMQConnection.<init>(WMQConnection.java:482)\n\tat com.ibm.msg.client.jakarta.wmq.factories.WMQConnectionFactory.createV7ProviderConnection(WMQConnectionFactory.java:9009)\n\tat com.ibm.msg.client.jakarta.wmq.factories.WMQConnectionFactory.createProviderConnection(WMQConnectionFactory.java:8349)\n\tat com.ibm.msg.client.jakarta.jms.admin.JmsConnectionFactoryImpl._createConnection(JmsConnectionFactoryImpl.java:322)\n\tat com.ibm.msg.client.jakarta.jms.admin.JmsConnectionFactoryImpl.createConnection(JmsConnectionFactoryImpl.java:242)\n\tat com.ibm.mq.jakarta.jms.MQConnectionFactory.createCommonConnection(MQConnectionFactory.java:6193)\n\tat com.ibm.mq.jakarta.jms.MQConnectionFactory.createConnection(MQConnectionFactory.java:6222)\n\tat org.springframework.jms.connection.SingleConnectionFactory.doCreateConnection(SingleConnectionFactory.java:452)\n\tat org.springframework.jms.connection.SingleConnectionFactory.initConnection(SingleConnectionFactory.java:414)\n\tat org.springframework.jms.connection.SingleConnectionFactory.getConnection(SingleConnectionFactory.java:328)\n\tat org.springframework.jms.connection.SingleConnectionFactory.createConnection(SingleConnectionFactory.java:243)\n\tat org.springframework.jms.support.JmsAccessor.createConnection(JmsAccessor.java:211)\n\tat org.springframework.jms.listener.AbstractJmsListeningContainer.createSharedConnection(AbstractJmsListeningContainer.java:405)\n\tat org.springframework.jms.listener.AbstractJmsListeningContainer.refreshSharedConnection(AbstractJmsListeningContainer.java:390)\n\tat org.springframework.jms.listener.DefaultMessageListenerContainer.refreshConnectionUntilSuccessful(DefaultMessageListenerContainer.java:1004)\n\tat org.springframework.jms.listener.DefaultMessageListenerContainer.recoverAfterListenerSetupFailure(DefaultMessageListenerContainer.java:978)\n\tat org.springframework.jms.listener.DefaultMessageListenerContainer$AsyncMessageListenerInvoker.run(DefaultMessageListenerContainer.java:1166)\n\tat java.base/java.lang.Thread.run(Unknown Source)\nCaused by: com.ibm.mq.MQException: JMSCMQ0001: IBM MQ call failed with compcode '2' ('MQCC_FAILED') reason '2538' ('MQRC_HOST_NOT_AVAILABLE').\n\tat com.ibm.msg.client.jakarta.wmq.common.internal.Reason.createException(Reason.java:203)\n\t... 18 common frames omitted\nCaused by: com.ibm.mq.jmqi.JmqiException: CC=2;RC=2538;AMQ9204: Connection to host 'ibm-mq.recon-platform.svc.cluster.local(1414)' rejected. [1=com.ibm.mq.jmqi.JmqiException[CC=2;RC=2538;AMQ9204: Connection to host 'ibm-mq.recon-platform.svc.cluster.local/10.100.195.132:1414' rejected. [1=java.net.ConnectException[Connection refused],3=ibm-mq.recon-platform.svc.cluster.local/10.100.195.132:1414,4=TCP,5=Socket.connect]],3=ibm-mq.recon-platform.svc.cluster.local(1414),4=,5=RemoteTCPConnection.bindAndConnectSocket]\n\tat com.ibm.mq.jmqi.remote.api.RemoteFAP$Connector.jmqiConnect(RemoteFAP.java:13687)\n\tat com.ibm.mq.jmqi.remote.api.RemoteFAP$Connector.access$100(RemoteFAP.java:13202)\n\tat com.ibm.mq.jmqi.remote.api.RemoteFAP.jmqiConnect(RemoteFAP.java:1451)\n\tat com.ibm.mq.jmqi.remote.api.RemoteFAP.jmqiConnect(RemoteFAP.java:1392)\n\tat com.ibm.mq.ese.jmqi.InterceptedJmqiImpl.jmqiConnect(InterceptedJmqiImpl.java:377)\n\tat com.ibm.mq.ese.jmqi.ESEJMQI.jmqiConnect(ESEJMQI.java:562)\n\tat com.ibm.msg.client.jakarta.wmq.internal.WMQConnection.<init>(WMQConnection.java:415)\n\t... 17 common frames omitted\nCaused by: com.ibm.mq.jmqi.JmqiException: CC=2;RC=2538;AMQ9204: Connection to host 'ibm-mq.recon-platform.svc.cluster.local/10.100.195.132:1414' rejected. [1=java.net.ConnectException[Connection refused],3=ibm-mq.recon-platform.svc.cluster.local/10.100.195.132:1414,4=TCP,5=Socket.connect]\n\tat com.ibm.mq.jmqi.remote.impl.RemoteTCPConnection.bindAndConnectSocket(RemoteTCPConnection.java:937)\n\tat com.ibm.mq.jmqi.remote.impl.RemoteTCPConnection.protocolConnect(RemoteTCPConnection.java:1511)\n\tat com.ibm.mq.jmqi.remote.impl.RemoteConnection.connect(RemoteConnection.java:1014)\n\tat com.ibm.mq.jmqi.remote.impl.RemoteConnectionSpecification.getNewConnection(RemoteConnectionSpecification.java:691)\n\tat com.ibm.mq.jmqi.remote.impl.RemoteConnectionSpecification.getSessionFromNewConnection(RemoteConnectionSpecification.java:283)\n\tat com.ibm.mq.jmqi.remote.impl.RemoteConnectionSpecification.getSession(RemoteConnectionSpecification.java:170)\n\tat com.ibm.mq.jmqi.remote.impl.RemoteConnectionPool.getSession(RemoteConnectionPool.java:128)\n\tat com.ibm.mq.jmqi.remote.api.RemoteFAP$Connector.jmqiConnect(RemoteFAP.java:13411)\n\t... 23 common frames omitted\nCaused by: java.net.ConnectException: Connection refused\n\tat java.base/sun.nio.ch.Net.connect0(Native Method)\n\tat java.base/sun.nio.ch.Net.connect(Unknown Source)\n\tat java.base/sun.nio.ch.Net.connect(Unknown Source)\n\tat java.base/sun.nio.ch.NioSocketImpl.connect(Unknown Source)\n\tat java.base/java.net.SocksSocketImpl.connect(Unknown Source)\n\tat java.base/java.net.Socket.connect(Unknown Source)\n\tat java.base/java.net.Socket.connect(Unknown Source)\n\tat com.ibm.mq.jmqi.remote.impl.RemoteTCPConnection$4.run(RemoteTCPConnection.java:1111)\n\tat com.ibm.mq.jmqi.remote.impl.RemoteTCPConnection$4.run(RemoteTCPConnection.java:1103)\n\tat java.base/java.security.AccessController.doPrivileged(Unknown Source)\n\tat com.ibm.mq.jmqi.remote.impl.RemoteTCPConnection.connectSocket(RemoteTCPConnection.java:1103)\n\tat com.ibm.mq.jmqi.remote.impl.RemoteTCPConnection.bindAndConnectSocket(RemoteTCPConnection.java:843)\n\t... 30 common frames omitted\n","appName":"recon-consumer-app","application":"recon-consumer-app"}
{"@timestamp":"2026-05-10T09:26:05.39510716Z","@version":"1","message":"Could not refresh JMS Connection for destination 'RECON.IN' - retrying using FixedBackOff{interval=5000, currentAttempts=10, maxAttempts=unlimited}. Cause: JMSWMQ0018: Failed to connect to queue manager 'QM1' with connection mode 'Client' and host name 'ibm-mq.recon-platform.svc.cluster.local(1414)'.; nested exception is com.ibm.mq.MQException: JMSCMQ0001: IBM MQ call failed with compcode '2' ('MQCC_FAILED') reason '2538' ('MQRC_HOST_NOT_AVAILABLE').","logger_name":"org.springframework.jms.listener.DefaultMessageListenerContainer","thread_name":"org.springframework.jms.JmsListenerEndpointContainer#1-8","level":"ERROR","level_value":40000,"stack_trace":"com.ibm.msg.client.jakarta.jms.DetailedIllegalStateException: JMSWMQ0018: Failed to connect to queue manager 'QM1' with connection mode 'Client' and host name 'ibm-mq.recon-platform.svc.cluster.local(1414)'.\n\tat com.ibm.msg.client.jakarta.wmq.common.internal.Reason.reasonToException(Reason.java:489)\n\tat com.ibm.msg.client.jakarta.wmq.common.internal.Reason.createException(Reason.java:215)\n\tat com.ibm.msg.client.jakarta.wmq.internal.WMQConnection.<init>(WMQConnection.java:482)\n\tat com.ibm.msg.client.jakarta.wmq.factories.WMQConnectionFactory.createV7ProviderConnection(WMQConnectionFactory.java:9009)\n\tat com.ibm.msg.client.jakarta.wmq.factories.WMQConnectionFactory.createProviderConnection(WMQConnectionFactory.java:8349)\n\tat com.ibm.msg.client.jakarta.jms.admin.JmsConnectionFactoryImpl._createConnection(JmsConnectionFactoryImpl.java:322)\n\tat com.ibm.msg.client.jakarta.jms.admin.JmsConnectionFactoryImpl.createConnection(JmsConnectionFactoryImpl.java:242)\n\tat com.ibm.mq.jakarta.jms.MQConnectionFactory.createCommonConnection(MQConnectionFactory.java:6193)\n\tat com.ibm.mq.jakarta.jms.MQConnectionFactory.createConnection(MQConnectionFactory.java:6222)\n\tat org.springframework.jms.connection.SingleConnectionFactory.doCreateConnection(SingleConnectionFactory.java:452)\n\tat org.springframework.jms.connection.SingleConnectionFactory.initConnection(SingleConnectionFactory.java:414)\n\tat org.springframework.jms.connection.SingleConnectionFactory.getConnection(SingleConnectionFactory.java:328)\n\tat org.springframework.jms.connection.SingleConnectionFactory.createConnection(SingleConnectionFactory.java:243)\n\tat org.springframework.jms.support.JmsAccessor.createConnection(JmsAccessor.java:211)\n\tat org.springframework.jms.listener.AbstractJmsListeningContainer.createSharedConnection(AbstractJmsListeningContainer.java:405)\n\tat org.springframework.jms.listener.AbstractJmsListeningContainer.refreshSharedConnection(AbstractJmsListeningContainer.java:390)\n\tat org.springframework.jms.listener.DefaultMessageListenerContainer.refreshConnectionUntilSuccessful(DefaultMessageListenerContainer.java:1004)\n\tat org.springframework.jms.listener.DefaultMessageListenerContainer.recoverAfterListenerSetupFailure(DefaultMessageListenerContainer.java:978)\n\tat org.springframework.jms.listener.DefaultMessageListenerContainer$AsyncMessageListenerInvoker.run(DefaultMessageListenerContainer.java:1166)\n\tat java.base/java.lang.Thread.run(Unknown Source)\nCaused by: com.ibm.mq.MQException: JMSCMQ0001: IBM MQ call failed with compcode '2' ('MQCC_FAILED') reason '2538' ('MQRC_HOST_NOT_AVAILABLE').\n\tat com.ibm.msg.client.jakarta.wmq.common.internal.Reason.createException(Reason.java:203)\n\t... 18 common frames omitted\nCaused by: com.ibm.mq.jmqi.JmqiException: CC=2;RC=2538;AMQ9204: Connection to host 'ibm-mq.recon-platform.svc.cluster.local(1414)' rejected. [1=com.ibm.mq.jmqi.JmqiException[CC=2;RC=2538;AMQ9204: Connection to host 'ibm-mq.recon-platform.svc.cluster.local/10.100.195.132:1414' rejected. [1=java.net.ConnectException[Connection refused],3=ibm-mq.recon-platform.svc.cluster.local/10.100.195.132:1414,4=TCP,5=Socket.connect]],3=ibm-mq.recon-platform.svc.cluster.local(1414),4=,5=RemoteTCPConnection.bindAndConnectSocket]\n\tat com.ibm.mq.jmqi.remote.api.RemoteFAP$Connector.jmqiConnect(RemoteFAP.java:13687)\n\tat com.ibm.mq.jmqi.remote.api.RemoteFAP$Connector.access$100(RemoteFAP.java:13202)\n\tat com.ibm.mq.jmqi.remote.api.RemoteFAP.jmqiConnect(RemoteFAP.java:1451)\n\tat com.ibm.mq.jmqi.remote.api.RemoteFAP.jmqiConnect(RemoteFAP.java:1392)\n\tat com.ibm.mq.ese.jmqi.InterceptedJmqiImpl.jmqiConnect(InterceptedJmqiImpl.java:377)\n\tat com.ibm.mq.ese.jmqi.ESEJMQI.jmqiConnect(ESEJMQI.java:562)\n\tat com.ibm.msg.client.jakarta.wmq.internal.WMQConnection.<init>(WMQConnection.java:415)\n\t... 17 common frames omitted\nCaused by: com.ibm.mq.jmqi.JmqiException: CC=2;RC=2538;AMQ9204: Connection to host 'ibm-mq.recon-platform.svc.cluster.local/10.100.195.132:1414' rejected. [1=java.net.ConnectException[Connection refused],3=ibm-mq.recon-platform.svc.cluster.local/10.100.195.132:1414,4=TCP,5=Socket.connect]\n\tat com.ibm.mq.jmqi.remote.impl.RemoteTCPConnection.bindAndConnectSocket(RemoteTCPConnection.java:937)\n\tat com.ibm.mq.jmqi.remote.impl.RemoteTCPConnection.protocolConnect(RemoteTCPConnection.java:1511)\n\tat com.ibm.mq.jmqi.remote.impl.RemoteConnection.connect(RemoteConnection.java:1014)\n\tat com.ibm.mq.jmqi.remote.impl.RemoteConnectionSpecification.getNewConnection(RemoteConnectionSpecification.java:691)\n\tat com.ibm.mq.jmqi.remote.impl.RemoteConnectionSpecification.getSessionFromNewConnection(RemoteConnectionSpecification.java:283)\n\tat com.ibm.mq.jmqi.remote.impl.RemoteConnectionSpecification.getSession(RemoteConnectionSpecification.java:170)\n\tat com.ibm.mq.jmqi.remote.impl.RemoteConnectionPool.getSession(RemoteConnectionPool.java:128)\n\tat com.ibm.mq.jmqi.remote.api.RemoteFAP$Connector.jmqiConnect(RemoteFAP.java:13411)\n\t... 23 common frames omitted\nCaused by: java.net.ConnectException: Connection refused\n\tat java.base/sun.nio.ch.Net.connect0(Native Method)\n\tat java.base/sun.nio.ch.Net.connect(Unknown Source)\n\tat java.base/sun.nio.ch.Net.connect(Unknown Source)\n\tat java.base/sun.nio.ch.NioSocketImpl.connect(Unknown Source)\n\tat java.base/java.net.SocksSocketImpl.connect(Unknown Source)\n\tat java.base/java.net.Socket.connect(Unknown Source)\n\tat java.base/java.net.Socket.connect(Unknown Source)\n\tat com.ibm.mq.jmqi.remote.impl.RemoteTCPConnection$4.run(RemoteTCPConnection.java:1111)\n\tat com.ibm.mq.jmqi.remote.impl.RemoteTCPConnection$4.run(RemoteTCPConnection.java:1103)\n\tat java.base/java.security.AccessController.doPrivileged(Unknown Source)\n\tat com.ibm.mq.jmqi.remote.impl.RemoteTCPConnection.connectSocket(RemoteTCPConnection.java:1103)\n\tat com.ibm.mq.jmqi.remote.impl.RemoteTCPConnection.bindAndConnectSocket(RemoteTCPConnection.java:843)\n\t... 30 common frames omitted\n","appName":"recon-consumer-app","application":"recon-consumer-app"}
{"@timestamp":"2026-05-10T09:26:09.385389127Z","@version":"1","message":"Could not refresh JMS Connection for destination 'RECON.RETRY' - retrying using FixedBackOff{interval=5000, currentAttempts=11, maxAttempts=unlimited}. Cause: JMSWMQ0018: Failed to connect to queue manager 'QM1' with connection mode 'Client' and host name 'ibm-mq.recon-platform.svc.cluster.local(1414)'.; nested exception is com.ibm.mq.MQException: JMSCMQ0001: IBM MQ call failed with compcode '2' ('MQCC_FAILED') reason '2538' ('MQRC_HOST_NOT_AVAILABLE').","logger_name":"org.springframework.jms.listener.DefaultMessageListenerContainer","thread_name":"org.springframework.jms.JmsListenerEndpointContainer#2-2","level":"ERROR","level_value":40000,"stack_trace":"com.ibm.msg.client.jakarta.jms.DetailedIllegalStateException: JMSWMQ0018: Failed to connect to queue manager 'QM1' with connection mode 'Client' and host name 'ibm-mq.recon-platform.svc.cluster.local(1414)'.\n\tat com.ibm.msg.client.jakarta.wmq.common.internal.Reason.reasonToException(Reason.java:489)\n\tat com.ibm.msg.client.jakarta.wmq.common.internal.Reason.createException(Reason.java:215)\n\tat com.ibm.msg.client.jakarta.wmq.internal.WMQConnection.<init>(WMQConnection.java:482)\n\tat com.ibm.msg.client.jakarta.wmq.factories.WMQConnectionFactory.createV7ProviderConnection(WMQConnectionFactory.java:9009)\n\tat com.ibm.msg.client.jakarta.wmq.factories.WMQConnectionFactory.createProviderConnection(WMQConnectionFactory.java:8349)\n\tat com.ibm.msg.client.jakarta.jms.admin.JmsConnectionFactoryImpl._createConnection(JmsConnectionFactoryImpl.java:322)\n\tat com.ibm.msg.client.jakarta.jms.admin.JmsConnectionFactoryImpl.createConnection(JmsConnectionFactoryImpl.java:242)\n\tat com.ibm.mq.jakarta.jms.MQConnectionFactory.createCommonConnection(MQConnectionFactory.java:6193)\n\tat com.ibm.mq.jakarta.jms.MQConnectionFactory.createConnection(MQConnectionFactory.java:6222)\n\tat org.springframework.jms.connection.SingleConnectionFactory.doCreateConnection(SingleConnectionFactory.java:452)\n\tat org.springframework.jms.connection.SingleConnectionFactory.initConnection(SingleConnectionFactory.java:414)\n\tat org.springframework.jms.connection.SingleConnectionFactory.getConnection(SingleConnectionFactory.java:328)\n\tat org.springframework.jms.connection.SingleConnectionFactory.createConnection(SingleConnectionFactory.java:243)\n\tat org.springframework.jms.support.JmsAccessor.createConnection(JmsAccessor.java:211)\n\tat org.springframework.jms.listener.AbstractJmsListeningContainer.createSharedConnection(AbstractJmsListeningContainer.java:405)\n\tat org.springframework.jms.listener.AbstractJmsListeningContainer.refreshSharedConnection(AbstractJmsListeningContainer.java:390)\n\tat org.springframework.jms.listener.DefaultMessageListenerContainer.refreshConnectionUntilSuccessful(DefaultMessageListenerContainer.java:1004)\n\tat org.springframework.jms.listener.DefaultMessageListenerContainer.recoverAfterListenerSetupFailure(DefaultMessageListenerContainer.java:978)\n\tat org.springframework.jms.listener.DefaultMessageListenerContainer$AsyncMessageListenerInvoker.run(DefaultMessageListenerContainer.java:1166)\n\tat java.base/java.lang.Thread.run(Unknown Source)\nCaused by: com.ibm.mq.MQException: JMSCMQ0001: IBM MQ call failed with compcode '2' ('MQCC_FAILED') reason '2538' ('MQRC_HOST_NOT_AVAILABLE').\n\tat com.ibm.msg.client.jakarta.wmq.common.internal.Reason.createException(Reason.java:203)\n\t... 18 common frames omitted\nCaused by: com.ibm.mq.jmqi.JmqiException: CC=2;RC=2538;AMQ9204: Connection to host 'ibm-mq.recon-platform.svc.cluster.local(1414)' rejected. [1=com.ibm.mq.jmqi.JmqiException[CC=2;RC=2538;AMQ9204: Connection to host 'ibm-mq.recon-platform.svc.cluster.local/10.100.195.132:1414' rejected. [1=java.net.ConnectException[Connection refused],3=ibm-mq.recon-platform.svc.cluster.local/10.100.195.132:1414,4=TCP,5=Socket.connect]],3=ibm-mq.recon-platform.svc.cluster.local(1414),4=,5=RemoteTCPConnection.bindAndConnectSocket]\n\tat com.ibm.mq.jmqi.remote.api.RemoteFAP$Connector.jmqiConnect(RemoteFAP.java:13687)\n\tat com.ibm.mq.jmqi.remote.api.RemoteFAP$Connector.access$100(RemoteFAP.java:13202)\n\tat com.ibm.mq.jmqi.remote.api.RemoteFAP.jmqiConnect(RemoteFAP.java:1451)\n\tat com.ibm.mq.jmqi.remote.api.RemoteFAP.jmqiConnect(RemoteFAP.java:1392)\n\tat com.ibm.mq.ese.jmqi.InterceptedJmqiImpl.jmqiConnect(InterceptedJmqiImpl.java:377)\n\tat com.ibm.mq.ese.jmqi.ESEJMQI.jmqiConnect(ESEJMQI.java:562)\n\tat com.ibm.msg.client.jakarta.wmq.internal.WMQConnection.<init>(WMQConnection.java:415)\n\t... 17 common frames omitted\nCaused by: com.ibm.mq.jmqi.JmqiException: CC=2;RC=2538;AMQ9204: Connection to host 'ibm-mq.recon-platform.svc.cluster.local/10.100.195.132:1414' rejected. [1=java.net.ConnectException[Connection refused],3=ibm-mq.recon-platform.svc.cluster.local/10.100.195.132:1414,4=TCP,5=Socket.connect]\n\tat com.ibm.mq.jmqi.remote.impl.RemoteTCPConnection.bindAndConnectSocket(RemoteTCPConnection.java:937)\n\tat com.ibm.mq.jmqi.remote.impl.RemoteTCPConnection.protocolConnect(RemoteTCPConnection.java:1511)\n\tat com.ibm.mq.jmqi.remote.impl.RemoteConnection.connect(RemoteConnection.java:1014)\n\tat com.ibm.mq.jmqi.remote.impl.RemoteConnectionSpecification.getNewConnection(RemoteConnectionSpecification.java:691)\n\tat com.ibm.mq.jmqi.remote.impl.RemoteConnectionSpecification.getSessionFromNewConnection(RemoteConnectionSpecification.java:283)\n\tat com.ibm.mq.jmqi.remote.impl.RemoteConnectionSpecification.getSession(RemoteConnectionSpecification.java:170)\n\tat com.ibm.mq.jmqi.remote.impl.RemoteConnectionPool.getSession(RemoteConnectionPool.java:128)\n\tat com.ibm.mq.jmqi.remote.api.RemoteFAP$Connector.jmqiConnect(RemoteFAP.java:13411)\n\t... 23 common frames omitted\nCaused by: java.net.ConnectException: Connection refused\n\tat java.base/sun.nio.ch.Net.connect0(Native Method)\n\tat java.base/sun.nio.ch.Net.connect(Unknown Source)\n\tat java.base/sun.nio.ch.Net.connect(Unknown Source)\n\tat java.base/sun.nio.ch.NioSocketImpl.connect(Unknown Source)\n\tat java.base/java.net.SocksSocketImpl.connect(Unknown Source)\n\tat java.base/java.net.Socket.connect(Unknown Source)\n\tat java.base/java.net.Socket.connect(Unknown Source)\n\tat com.ibm.mq.jmqi.remote.impl.RemoteTCPConnection$4.run(RemoteTCPConnection.java:1111)\n\tat com.ibm.mq.jmqi.remote.impl.RemoteTCPConnection$4.run(RemoteTCPConnection.java:1103)\n\tat java.base/java.security.AccessController.doPrivileged(Unknown Source)\n\tat com.ibm.mq.jmqi.remote.impl.RemoteTCPConnection.connectSocket(RemoteTCPConnection.java:1103)\n\tat com.ibm.mq.jmqi.remote.impl.RemoteTCPConnection.bindAndConnectSocket(RemoteTCPConnection.java:843)\n\t... 30 common frames omitted\n","appName":"recon-consumer-app","application":"recon-consumer-app"}
{"@timestamp":"2026-05-10T09:26:10.425363766Z","@version":"1","message":"Could not refresh JMS Connection for destination 'SYSTEM.DEAD.LETTER.QUEUE' - retrying using FixedBackOff{interval=5000, currentAttempts=11, maxAttempts=unlimited}. Cause: JMSWMQ0018: Failed to connect to queue manager 'QM1' with connection mode 'Client' and host name 'ibm-mq.recon-platform.svc.cluster.local(1414)'.; nested exception is com.ibm.mq.MQException: JMSCMQ0001: IBM MQ call failed with compcode '2' ('MQCC_FAILED') reason '2538' ('MQRC_HOST_NOT_AVAILABLE').","logger_name":"org.springframework.jms.listener.DefaultMessageListenerContainer","thread_name":"org.springframework.jms.JmsListenerEndpointContainer#0-1","level":"ERROR","level_value":40000,"stack_trace":"com.ibm.msg.client.jakarta.jms.DetailedIllegalStateException: JMSWMQ0018: Failed to connect to queue manager 'QM1' with connection mode 'Client' and host name 'ibm-mq.recon-platform.svc.cluster.local(1414)'.\n\tat com.ibm.msg.client.jakarta.wmq.common.internal.Reason.reasonToException(Reason.java:489)\n\tat com.ibm.msg.client.jakarta.wmq.common.internal.Reason.createException(Reason.java:215)\n\tat com.ibm.msg.client.jakarta.wmq.internal.WMQConnection.<init>(WMQConnection.java:482)\n\tat com.ibm.msg.client.jakarta.wmq.factories.WMQConnectionFactory.createV7ProviderConnection(WMQConnectionFactory.java:9009)\n\tat com.ibm.msg.client.jakarta.wmq.factories.WMQConnectionFactory.createProviderConnection(WMQConnectionFactory.java:8349)\n\tat com.ibm.msg.client.jakarta.jms.admin.JmsConnectionFactoryImpl._createConnection(JmsConnectionFactoryImpl.java:322)\n\tat com.ibm.msg.client.jakarta.jms.admin.JmsConnectionFactoryImpl.createConnection(JmsConnectionFactoryImpl.java:242)\n\tat com.ibm.mq.jakarta.jms.MQConnectionFactory.createCommonConnection(MQConnectionFactory.java:6193)\n\tat com.ibm.mq.jakarta.jms.MQConnectionFactory.createConnection(MQConnectionFactory.java:6222)\n\tat org.springframework.jms.connection.SingleConnectionFactory.doCreateConnection(SingleConnectionFactory.java:452)\n\tat org.springframework.jms.connection.SingleConnectionFactory.initConnection(SingleConnectionFactory.java:414)\n\tat org.springframework.jms.connection.SingleConnectionFactory.getConnection(SingleConnectionFactory.java:328)\n\tat org.springframework.jms.connection.SingleConnectionFactory.createConnection(SingleConnectionFactory.java:243)\n\tat org.springframework.jms.support.JmsAccessor.createConnection(JmsAccessor.java:211)\n\tat org.springframework.jms.listener.AbstractJmsListeningContainer.createSharedConnection(AbstractJmsListeningContainer.java:405)\n\tat org.springframework.jms.listener.AbstractJmsListeningContainer.refreshSharedConnection(AbstractJmsListeningContainer.java:390)\n\tat org.springframework.jms.listener.DefaultMessageListenerContainer.refreshConnectionUntilSuccessful(DefaultMessageListenerContainer.java:1004)\n\tat org.springframework.jms.listener.DefaultMessageListenerContainer.recoverAfterListenerSetupFailure(DefaultMessageListenerContainer.java:978)\n\tat org.springframework.jms.listener.DefaultMessageListenerContainer$AsyncMessageListenerInvoker.run(DefaultMessageListenerContainer.java:1166)\n\tat java.base/java.lang.Thread.run(Unknown Source)\nCaused by: com.ibm.mq.MQException: JMSCMQ0001: IBM MQ call failed with compcode '2' ('MQCC_FAILED') reason '2538' ('MQRC_HOST_NOT_AVAILABLE').\n\tat com.ibm.msg.client.jakarta.wmq.common.internal.Reason.createException(Reason.java:203)\n\t... 18 common frames omitted\nCaused by: com.ibm.mq.jmqi.JmqiException: CC=2;RC=2538;AMQ9204: Connection to host 'ibm-mq.recon-platform.svc.cluster.local(1414)' rejected. [1=com.ibm.mq.jmqi.JmqiException[CC=2;RC=2538;AMQ9204: Connection to host 'ibm-mq.recon-platform.svc.cluster.local/10.100.195.132:1414' rejected. [1=java.net.ConnectException[Connection refused],3=ibm-mq.recon-platform.svc.cluster.local/10.100.195.132:1414,4=TCP,5=Socket.connect]],3=ibm-mq.recon-platform.svc.cluster.local(1414),4=,5=RemoteTCPConnection.bindAndConnectSocket]\n\tat com.ibm.mq.jmqi.remote.api.RemoteFAP$Connector.jmqiConnect(RemoteFAP.java:13687)\n\tat com.ibm.mq.jmqi.remote.api.RemoteFAP$Connector.access$100(RemoteFAP.java:13202)\n\tat com.ibm.mq.jmqi.remote.api.RemoteFAP.jmqiConnect(RemoteFAP.java:1451)\n\tat com.ibm.mq.jmqi.remote.api.RemoteFAP.jmqiConnect(RemoteFAP.java:1392)\n\tat com.ibm.mq.ese.jmqi.InterceptedJmqiImpl.jmqiConnect(InterceptedJmqiImpl.java:377)\n\tat com.ibm.mq.ese.jmqi.ESEJMQI.jmqiConnect(ESEJMQI.java:562)\n\tat com.ibm.msg.client.jakarta.wmq.internal.WMQConnection.<init>(WMQConnection.java:415)\n\t... 17 common frames omitted\nCaused by: com.ibm.mq.jmqi.JmqiException: CC=2;RC=2538;AMQ9204: Connection to host 'ibm-mq.recon-platform.svc.cluster.local/10.100.195.132:1414' rejected. [1=java.net.ConnectException[Connection refused],3=ibm-mq.recon-platform.svc.cluster.local/10.100.195.132:1414,4=TCP,5=Socket.connect]\n\tat com.ibm.mq.jmqi.remote.impl.RemoteTCPConnection.bindAndConnectSocket(RemoteTCPConnection.java:937)\n\tat com.ibm.mq.jmqi.remote.impl.RemoteTCPConnection.protocolConnect(RemoteTCPConnection.java:1511)\n\tat com.ibm.mq.jmqi.remote.impl.RemoteConnection.connect(RemoteConnection.java:1014)\n\tat com.ibm.mq.jmqi.remote.impl.RemoteConnectionSpecification.getNewConnection(RemoteConnectionSpecification.java:691)\n\tat com.ibm.mq.jmqi.remote.impl.RemoteConnectionSpecification.getSessionFromNewConnection(RemoteConnectionSpecification.java:283)\n\tat com.ibm.mq.jmqi.remote.impl.RemoteConnectionSpecification.getSession(RemoteConnectionSpecification.java:170)\n\tat com.ibm.mq.jmqi.remote.impl.RemoteConnectionPool.getSession(RemoteConnectionPool.java:128)\n\tat com.ibm.mq.jmqi.remote.api.RemoteFAP$Connector.jmqiConnect(RemoteFAP.java:13411)\n\t... 23 common frames omitted\nCaused by: java.net.ConnectException: Connection refused\n\tat java.base/sun.nio.ch.Net.connect0(Native Method)\n\tat java.base/sun.nio.ch.Net.connect(Unknown Source)\n\tat java.base/sun.nio.ch.Net.connect(Unknown Source)\n\tat java.base/sun.nio.ch.NioSocketImpl.connect(Unknown Source)\n\tat java.base/java.net.SocksSocketImpl.connect(Unknown Source)\n\tat java.base/java.net.Socket.connect(Unknown Source)\n\tat java.base/java.net.Socket.connect(Unknown Source)\n\tat com.ibm.mq.jmqi.remote.impl.RemoteTCPConnection$4.run(RemoteTCPConnection.java:1111)\n\tat com.ibm.mq.jmqi.remote.impl.RemoteTCPConnection$4.run(RemoteTCPConnection.java:1103)\n\tat java.base/java.security.AccessController.doPrivileged(Unknown Source)\n\tat com.ibm.mq.jmqi.remote.impl.RemoteTCPConnection.connectSocket(RemoteTCPConnection.java:1103)\n\tat com.ibm.mq.jmqi.remote.impl.RemoteTCPConnection.bindAndConnectSocket(RemoteTCPConnection.java:843)\n\t... 30 common frames omitted\n","appName":"recon-consumer-app","application":"recon-consumer-app"}
{"@timestamp":"2026-05-10T09:26:11.465074544Z","@version":"1","message":"Could not refresh JMS Connection for destination 'RECON.IN' - retrying using FixedBackOff{interval=5000, currentAttempts=11, maxAttempts=unlimited}. Cause: JMSWMQ0018: Failed to connect to queue manager 'QM1' with connection mode 'Client' and host name 'ibm-mq.recon-platform.svc.cluster.local(1414)'.; nested exception is com.ibm.mq.MQException: JMSCMQ0001: IBM MQ call failed with compcode '2' ('MQCC_FAILED') reason '2538' ('MQRC_HOST_NOT_AVAILABLE').","logger_name":"org.springframework.jms.listener.DefaultMessageListenerContainer","thread_name":"org.springframework.jms.JmsListenerEndpointContainer#1-8","level":"ERROR","level_value":40000,"stack_trace":"com.ibm.msg.client.jakarta.jms.DetailedIllegalStateException: JMSWMQ0018: Failed to connect to queue manager 'QM1' with connection mode 'Client' and host name 'ibm-mq.recon-platform.svc.cluster.local(1414)'.\n\tat com.ibm.msg.client.jakarta.wmq.common.internal.Reason.reasonToException(Reason.java:489)\n\tat com.ibm.msg.client.jakarta.wmq.common.internal.Reason.createException(Reason.java:215)\n\tat com.ibm.msg.client.jakarta.wmq.internal.WMQConnection.<init>(WMQConnection.java:482)\n\tat com.ibm.msg.client.jakarta.wmq.factories.WMQConnectionFactory.createV7ProviderConnection(WMQConnectionFactory.java:9009)\n\tat com.ibm.msg.client.jakarta.wmq.factories.WMQConnectionFactory.createProviderConnection(WMQConnectionFactory.java:8349)\n\tat com.ibm.msg.client.jakarta.jms.admin.JmsConnectionFactoryImpl._createConnection(JmsConnectionFactoryImpl.java:322)\n\tat com.ibm.msg.client.jakarta.jms.admin.JmsConnectionFactoryImpl.createConnection(JmsConnectionFactoryImpl.java:242)\n\tat com.ibm.mq.jakarta.jms.MQConnectionFactory.createCommonConnection(MQConnectionFactory.java:6193)\n\tat com.ibm.mq.jakarta.jms.MQConnectionFactory.createConnection(MQConnectionFactory.java:6222)\n\tat org.springframework.jms.connection.SingleConnectionFactory.doCreateConnection(SingleConnectionFactory.java:452)\n\tat org.springframework.jms.connection.SingleConnectionFactory.initConnection(SingleConnectionFactory.java:414)\n\tat org.springframework.jms.connection.SingleConnectionFactory.getConnection(SingleConnectionFactory.java:328)\n\tat org.springframework.jms.connection.SingleConnectionFactory.createConnection(SingleConnectionFactory.java:243)\n\tat org.springframework.jms.support.JmsAccessor.createConnection(JmsAccessor.java:211)\n\tat org.springframework.jms.listener.AbstractJmsListeningContainer.createSharedConnection(AbstractJmsListeningContainer.java:405)\n\tat org.springframework.jms.listener.AbstractJmsListeningContainer.refreshSharedConnection(AbstractJmsListeningContainer.java:390)\n\tat org.springframework.jms.listener.DefaultMessageListenerContainer.refreshConnectionUntilSuccessful(DefaultMessageListenerContainer.java:1004)\n\tat org.springframework.jms.listener.DefaultMessageListenerContainer.recoverAfterListenerSetupFailure(DefaultMessageListenerContainer.java:978)\n\tat org.springframework.jms.listener.DefaultMessageListenerContainer$AsyncMessageListenerInvoker.run(DefaultMessageListenerContainer.java:1166)\n\tat java.base/java.lang.Thread.run(Unknown Source)\nCaused by: com.ibm.mq.MQException: JMSCMQ0001: IBM MQ call failed with compcode '2' ('MQCC_FAILED') reason '2538' ('MQRC_HOST_NOT_AVAILABLE').\n\tat com.ibm.msg.client.jakarta.wmq.common.internal.Reason.createException(Reason.java:203)\n\t... 18 common frames omitted\nCaused by: com.ibm.mq.jmqi.JmqiException: CC=2;RC=2538;AMQ9204: Connection to host 'ibm-mq.recon-platform.svc.cluster.local(1414)' rejected. [1=com.ibm.mq.jmqi.JmqiException[CC=2;RC=2538;AMQ9204: Connection to host 'ibm-mq.recon-platform.svc.cluster.local/10.100.195.132:1414' rejected. [1=java.net.ConnectException[Connection refused],3=ibm-mq.recon-platform.svc.cluster.local/10.100.195.132:1414,4=TCP,5=Socket.connect]],3=ibm-mq.recon-platform.svc.cluster.local(1414),4=,5=RemoteTCPConnection.bindAndConnectSocket]\n\tat com.ibm.mq.jmqi.remote.api.RemoteFAP$Connector.jmqiConnect(RemoteFAP.java:13687)\n\tat com.ibm.mq.jmqi.remote.api.RemoteFAP$Connector.access$100(RemoteFAP.java:13202)\n\tat com.ibm.mq.jmqi.remote.api.RemoteFAP.jmqiConnect(RemoteFAP.java:1451)\n\tat com.ibm.mq.jmqi.remote.api.RemoteFAP.jmqiConnect(RemoteFAP.java:1392)\n\tat com.ibm.mq.ese.jmqi.InterceptedJmqiImpl.jmqiConnect(InterceptedJmqiImpl.java:377)\n\tat com.ibm.mq.ese.jmqi.ESEJMQI.jmqiConnect(ESEJMQI.java:562)\n\tat com.ibm.msg.client.jakarta.wmq.internal.WMQConnection.<init>(WMQConnection.java:415)\n\t... 17 common frames omitted\nCaused by: com.ibm.mq.jmqi.JmqiException: CC=2;RC=2538;AMQ9204: Connection to host 'ibm-mq.recon-platform.svc.cluster.local/10.100.195.132:1414' rejected. [1=java.net.ConnectException[Connection refused],3=ibm-mq.recon-platform.svc.cluster.local/10.100.195.132:1414,4=TCP,5=Socket.connect]\n\tat com.ibm.mq.jmqi.remote.impl.RemoteTCPConnection.bindAndConnectSocket(RemoteTCPConnection.java:937)\n\tat com.ibm.mq.jmqi.remote.impl.RemoteTCPConnection.protocolConnect(RemoteTCPConnection.java:1511)\n\tat com.ibm.mq.jmqi.remote.impl.RemoteConnection.connect(RemoteConnection.java:1014)\n\tat com.ibm.mq.jmqi.remote.impl.RemoteConnectionSpecification.getNewConnection(RemoteConnectionSpecification.java:691)\n\tat com.ibm.mq.jmqi.remote.impl.RemoteConnectionSpecification.getSessionFromNewConnection(RemoteConnectionSpecification.java:283)\n\tat com.ibm.mq.jmqi.remote.impl.RemoteConnectionSpecification.getSession(RemoteConnectionSpecification.java:170)\n\tat com.ibm.mq.jmqi.remote.impl.RemoteConnectionPool.getSession(RemoteConnectionPool.java:128)\n\tat com.ibm.mq.jmqi.remote.api.RemoteFAP$Connector.jmqiConnect(RemoteFAP.java:13411)\n\t... 23 common frames omitted\nCaused by: java.net.ConnectException: Connection refused\n\tat java.base/sun.nio.ch.Net.connect0(Native Method)\n\tat java.base/sun.nio.ch.Net.connect(Unknown Source)\n\tat java.base/sun.nio.ch.Net.connect(Unknown Source)\n\tat java.base/sun.nio.ch.NioSocketImpl.connect(Unknown Source)\n\tat java.base/java.net.SocksSocketImpl.connect(Unknown Source)\n\tat java.base/java.net.Socket.connect(Unknown Source)\n\tat java.base/java.net.Socket.connect(Unknown Source)\n\tat com.ibm.mq.jmqi.remote.impl.RemoteTCPConnection$4.run(RemoteTCPConnection.java:1111)\n\tat com.ibm.mq.jmqi.remote.impl.RemoteTCPConnection$4.run(RemoteTCPConnection.java:1103)\n\tat java.base/java.security.AccessController.doPrivileged(Unknown Source)\n\tat com.ibm.mq.jmqi.remote.impl.RemoteTCPConnection.connectSocket(RemoteTCPConnection.java:1103)\n\tat com.ibm.mq.jmqi.remote.impl.RemoteTCPConnection.bindAndConnectSocket(RemoteTCPConnection.java:843)\n\t... 30 common frames omitted\n","appName":"recon-consumer-app","application":"recon-consumer-app"}
{"@timestamp":"2026-05-10T09:26:15.465122014Z","@version":"1","message":"Could not refresh JMS Connection for destination 'RECON.RETRY' - retrying using FixedBackOff{interval=5000, currentAttempts=12, maxAttempts=unlimited}. Cause: JMSWMQ0018: Failed to connect to queue manager 'QM1' with connection mode 'Client' and host name 'ibm-mq.recon-platform.svc.cluster.local(1414)'.; nested exception is com.ibm.mq.MQException: JMSCMQ0001: IBM MQ call failed with compcode '2' ('MQCC_FAILED') reason '2538' ('MQRC_HOST_NOT_AVAILABLE').","logger_name":"org.springframework.jms.listener.DefaultMessageListenerContainer","thread_name":"org.springframework.jms.JmsListenerEndpointContainer#2-2","level":"ERROR","level_value":40000,"stack_trace":"com.ibm.msg.client.jakarta.jms.DetailedIllegalStateException: JMSWMQ0018: Failed to connect to queue manager 'QM1' with connection mode 'Client' and host name 'ibm-mq.recon-platform.svc.cluster.local(1414)'.\n\tat com.ibm.msg.client.jakarta.wmq.common.internal.Reason.reasonToException(Reason.java:489)\n\tat com.ibm.msg.client.jakarta.wmq.common.internal.Reason.createException(Reason.java:215)\n\tat com.ibm.msg.client.jakarta.wmq.internal.WMQConnection.<init>(WMQConnection.java:482)\n\tat com.ibm.msg.client.jakarta.wmq.factories.WMQConnectionFactory.createV7ProviderConnection(WMQConnectionFactory.java:9009)\n\tat com.ibm.msg.client.jakarta.wmq.factories.WMQConnectionFactory.createProviderConnection(WMQConnectionFactory.java:8349)\n\tat com.ibm.msg.client.jakarta.jms.admin.JmsConnectionFactoryImpl._createConnection(JmsConnectionFactoryImpl.java:322)\n\tat com.ibm.msg.client.jakarta.jms.admin.JmsConnectionFactoryImpl.createConnection(JmsConnectionFactoryImpl.java:242)\n\tat com.ibm.mq.jakarta.jms.MQConnectionFactory.createCommonConnection(MQConnectionFactory.java:6193)\n\tat com.ibm.mq.jakarta.jms.MQConnectionFactory.createConnection(MQConnectionFactory.java:6222)\n\tat org.springframework.jms.connection.SingleConnectionFactory.doCreateConnection(SingleConnectionFactory.java:452)\n\tat org.springframework.jms.connection.SingleConnectionFactory.initConnection(SingleConnectionFactory.java:414)\n\tat org.springframework.jms.connection.SingleConnectionFactory.getConnection(SingleConnectionFactory.java:328)\n\tat org.springframework.jms.connection.SingleConnectionFactory.createConnection(SingleConnectionFactory.java:243)\n\tat org.springframework.jms.support.JmsAccessor.createConnection(JmsAccessor.java:211)\n\tat org.springframework.jms.listener.AbstractJmsListeningContainer.createSharedConnection(AbstractJmsListeningContainer.java:405)\n\tat org.springframework.jms.listener.AbstractJmsListeningContainer.refreshSharedConnection(AbstractJmsListeningContainer.java:390)\n\tat org.springframework.jms.listener.DefaultMessageListenerContainer.refreshConnectionUntilSuccessful(DefaultMessageListenerContainer.java:1004)\n\tat org.springframework.jms.listener.DefaultMessageListenerContainer.recoverAfterListenerSetupFailure(DefaultMessageListenerContainer.java:978)\n\tat org.springframework.jms.listener.DefaultMessageListenerContainer$AsyncMessageListenerInvoker.run(DefaultMessageListenerContainer.java:1166)\n\tat java.base/java.lang.Thread.run(Unknown Source)\nCaused by: com.ibm.mq.MQException: JMSCMQ0001: IBM MQ call failed with compcode '2' ('MQCC_FAILED') reason '2538' ('MQRC_HOST_NOT_AVAILABLE').\n\tat com.ibm.msg.client.jakarta.wmq.common.internal.Reason.createException(Reason.java:203)\n\t... 18 common frames omitted\nCaused by: com.ibm.mq.jmqi.JmqiException: CC=2;RC=2538;AMQ9204: Connection to host 'ibm-mq.recon-platform.svc.cluster.local(1414)' rejected. [1=com.ibm.mq.jmqi.JmqiException[CC=2;RC=2538;AMQ9204: Connection to host 'ibm-mq.recon-platform.svc.cluster.local/10.100.195.132:1414' rejected. [1=java.net.ConnectException[Connection refused],3=ibm-mq.recon-platform.svc.cluster.local/10.100.195.132:1414,4=TCP,5=Socket.connect]],3=ibm-mq.recon-platform.svc.cluster.local(1414),4=,5=RemoteTCPConnection.bindAndConnectSocket]\n\tat com.ibm.mq.jmqi.remote.api.RemoteFAP$Connector.jmqiConnect(RemoteFAP.java:13687)\n\tat com.ibm.mq.jmqi.remote.api.RemoteFAP$Connector.access$100(RemoteFAP.java:13202)\n\tat com.ibm.mq.jmqi.remote.api.RemoteFAP.jmqiConnect(RemoteFAP.java:1451)\n\tat com.ibm.mq.jmqi.remote.api.RemoteFAP.jmqiConnect(RemoteFAP.java:1392)\n\tat com.ibm.mq.ese.jmqi.InterceptedJmqiImpl.jmqiConnect(InterceptedJmqiImpl.java:377)\n\tat com.ibm.mq.ese.jmqi.ESEJMQI.jmqiConnect(ESEJMQI.java:562)\n\tat com.ibm.msg.client.jakarta.wmq.internal.WMQConnection.<init>(WMQConnection.java:415)\n\t... 17 common frames omitted\nCaused by: com.ibm.mq.jmqi.JmqiException: CC=2;RC=2538;AMQ9204: Connection to host 'ibm-mq.recon-platform.svc.cluster.local/10.100.195.132:1414' rejected. [1=java.net.ConnectException[Connection refused],3=ibm-mq.recon-platform.svc.cluster.local/10.100.195.132:1414,4=TCP,5=Socket.connect]\n\tat com.ibm.mq.jmqi.remote.impl.RemoteTCPConnection.bindAndConnectSocket(RemoteTCPConnection.java:937)\n\tat com.ibm.mq.jmqi.remote.impl.RemoteTCPConnection.protocolConnect(RemoteTCPConnection.java:1511)\n\tat com.ibm.mq.jmqi.remote.impl.RemoteConnection.connect(RemoteConnection.java:1014)\n\tat com.ibm.mq.jmqi.remote.impl.RemoteConnectionSpecification.getNewConnection(RemoteConnectionSpecification.java:691)\n\tat com.ibm.mq.jmqi.remote.impl.RemoteConnectionSpecification.getSessionFromNewConnection(RemoteConnectionSpecification.java:283)\n\tat com.ibm.mq.jmqi.remote.impl.RemoteConnectionSpecification.getSession(RemoteConnectionSpecification.java:170)\n\tat com.ibm.mq.jmqi.remote.impl.RemoteConnectionPool.getSession(RemoteConnectionPool.java:128)\n\tat com.ibm.mq.jmqi.remote.api.RemoteFAP$Connector.jmqiConnect(RemoteFAP.java:13411)\n\t... 23 common frames omitted\nCaused by: java.net.ConnectException: Connection refused\n\tat java.base/sun.nio.ch.Net.connect0(Native Method)\n\tat java.base/sun.nio.ch.Net.connect(Unknown Source)\n\tat java.base/sun.nio.ch.Net.connect(Unknown Source)\n\tat java.base/sun.nio.ch.NioSocketImpl.connect(Unknown Source)\n\tat java.base/java.net.SocksSocketImpl.connect(Unknown Source)\n\tat java.base/java.net.Socket.connect(Unknown Source)\n\tat java.base/java.net.Socket.connect(Unknown Source)\n\tat com.ibm.mq.jmqi.remote.impl.RemoteTCPConnection$4.run(RemoteTCPConnection.java:1111)\n\tat com.ibm.mq.jmqi.remote.impl.RemoteTCPConnection$4.run(RemoteTCPConnection.java:1103)\n\tat java.base/java.security.AccessController.doPrivileged(Unknown Source)\n\tat com.ibm.mq.jmqi.remote.impl.RemoteTCPConnection.connectSocket(RemoteTCPConnection.java:1103)\n\tat com.ibm.mq.jmqi.remote.impl.RemoteTCPConnection.bindAndConnectSocket(RemoteTCPConnection.java:843)\n\t... 30 common frames omitted\n","appName":"recon-consumer-app","application":"recon-consumer-app"}
{"@timestamp":"2026-05-10T09:26:16.505545531Z","@version":"1","message":"Could not refresh JMS Connection for destination 'SYSTEM.DEAD.LETTER.QUEUE' - retrying using FixedBackOff{interval=5000, currentAttempts=12, maxAttempts=unlimited}. Cause: JMSWMQ0018: Failed to connect to queue manager 'QM1' with connection mode 'Client' and host name 'ibm-mq.recon-platform.svc.cluster.local(1414)'.; nested exception is com.ibm.mq.MQException: JMSCMQ0001: IBM MQ call failed with compcode '2' ('MQCC_FAILED') reason '2538' ('MQRC_HOST_NOT_AVAILABLE').","logger_name":"org.springframework.jms.listener.DefaultMessageListenerContainer","thread_name":"org.springframework.jms.JmsListenerEndpointContainer#0-1","level":"ERROR","level_value":40000,"stack_trace":"com.ibm.msg.client.jakarta.jms.DetailedIllegalStateException: JMSWMQ0018: Failed to connect to queue manager 'QM1' with connection mode 'Client' and host name 'ibm-mq.recon-platform.svc.cluster.local(1414)'.\n\tat com.ibm.msg.client.jakarta.wmq.common.internal.Reason.reasonToException(Reason.java:489)\n\tat com.ibm.msg.client.jakarta.wmq.common.internal.Reason.createException(Reason.java:215)\n\tat com.ibm.msg.client.jakarta.wmq.internal.WMQConnection.<init>(WMQConnection.java:482)\n\tat com.ibm.msg.client.jakarta.wmq.factories.WMQConnectionFactory.createV7ProviderConnection(WMQConnectionFactory.java:9009)\n\tat com.ibm.msg.client.jakarta.wmq.factories.WMQConnectionFactory.createProviderConnection(WMQConnectionFactory.java:8349)\n\tat com.ibm.msg.client.jakarta.jms.admin.JmsConnectionFactoryImpl._createConnection(JmsConnectionFactoryImpl.java:322)\n\tat com.ibm.msg.client.jakarta.jms.admin.JmsConnectionFactoryImpl.createConnection(JmsConnectionFactoryImpl.java:242)\n\tat com.ibm.mq.jakarta.jms.MQConnectionFactory.createCommonConnection(MQConnectionFactory.java:6193)\n\tat com.ibm.mq.jakarta.jms.MQConnectionFactory.createConnection(MQConnectionFactory.java:6222)\n\tat org.springframework.jms.connection.SingleConnectionFactory.doCreateConnection(SingleConnectionFactory.java:452)\n\tat org.springframework.jms.connection.SingleConnectionFactory.initConnection(SingleConnectionFactory.java:414)\n\tat org.springframework.jms.connection.SingleConnectionFactory.getConnection(SingleConnectionFactory.java:328)\n\tat org.springframework.jms.connection.SingleConnectionFactory.createConnection(SingleConnectionFactory.java:243)\n\tat org.springframework.jms.support.JmsAccessor.createConnection(JmsAccessor.java:211)\n\tat org.springframework.jms.listener.AbstractJmsListeningContainer.createSharedConnection(AbstractJmsListeningContainer.java:405)\n\tat org.springframework.jms.listener.AbstractJmsListeningContainer.refreshSharedConnection(AbstractJmsListeningContainer.java:390)\n\tat org.springframework.jms.listener.DefaultMessageListenerContainer.refreshConnectionUntilSuccessful(DefaultMessageListenerContainer.java:1004)\n\tat org.springframework.jms.listener.DefaultMessageListenerContainer.recoverAfterListenerSetupFailure(DefaultMessageListenerContainer.java:978)\n\tat org.springframework.jms.listener.DefaultMessageListenerContainer$AsyncMessageListenerInvoker.run(DefaultMessageListenerContainer.java:1166)\n\tat java.base/java.lang.Thread.run(Unknown Source)\nCaused by: com.ibm.mq.MQException: JMSCMQ0001: IBM MQ call failed with compcode '2' ('MQCC_FAILED') reason '2538' ('MQRC_HOST_NOT_AVAILABLE').\n\tat com.ibm.msg.client.jakarta.wmq.common.internal.Reason.createException(Reason.java:203)\n\t... 18 common frames omitted\nCaused by: com.ibm.mq.jmqi.JmqiException: CC=2;RC=2538;AMQ9204: Connection to host 'ibm-mq.recon-platform.svc.cluster.local(1414)' rejected. [1=com.ibm.mq.jmqi.JmqiException[CC=2;RC=2538;AMQ9204: Connection to host 'ibm-mq.recon-platform.svc.cluster.local/10.100.195.132:1414' rejected. [1=java.net.ConnectException[Connection refused],3=ibm-mq.recon-platform.svc.cluster.local/10.100.195.132:1414,4=TCP,5=Socket.connect]],3=ibm-mq.recon-platform.svc.cluster.local(1414),4=,5=RemoteTCPConnection.bindAndConnectSocket]\n\tat com.ibm.mq.jmqi.remote.api.RemoteFAP$Connector.jmqiConnect(RemoteFAP.java:13687)\n\tat com.ibm.mq.jmqi.remote.api.RemoteFAP$Connector.access$100(RemoteFAP.java:13202)\n\tat com.ibm.mq.jmqi.remote.api.RemoteFAP.jmqiConnect(RemoteFAP.java:1451)\n\tat com.ibm.mq.jmqi.remote.api.RemoteFAP.jmqiConnect(RemoteFAP.java:1392)\n\tat com.ibm.mq.ese.jmqi.InterceptedJmqiImpl.jmqiConnect(InterceptedJmqiImpl.java:377)\n\tat com.ibm.mq.ese.jmqi.ESEJMQI.jmqiConnect(ESEJMQI.java:562)\n\tat com.ibm.msg.client.jakarta.wmq.internal.WMQConnection.<init>(WMQConnection.java:415)\n\t... 17 common frames omitted\nCaused by: com.ibm.mq.jmqi.JmqiException: CC=2;RC=2538;AMQ9204: Connection to host 'ibm-mq.recon-platform.svc.cluster.local/10.100.195.132:1414' rejected. [1=java.net.ConnectException[Connection refused],3=ibm-mq.recon-platform.svc.cluster.local/10.100.195.132:1414,4=TCP,5=Socket.connect]\n\tat com.ibm.mq.jmqi.remote.impl.RemoteTCPConnection.bindAndConnectSocket(RemoteTCPConnection.java:937)\n\tat com.ibm.mq.jmqi.remote.impl.RemoteTCPConnection.protocolConnect(RemoteTCPConnection.java:1511)\n\tat com.ibm.mq.jmqi.remote.impl.RemoteConnection.connect(RemoteConnection.java:1014)\n\tat com.ibm.mq.jmqi.remote.impl.RemoteConnectionSpecification.getNewConnection(RemoteConnectionSpecification.java:691)\n\tat com.ibm.mq.jmqi.remote.impl.RemoteConnectionSpecification.getSessionFromNewConnection(RemoteConnectionSpecification.java:283)\n\tat com.ibm.mq.jmqi.remote.impl.RemoteConnectionSpecification.getSession(RemoteConnectionSpecification.java:170)\n\tat com.ibm.mq.jmqi.remote.impl.RemoteConnectionPool.getSession(RemoteConnectionPool.java:128)\n\tat com.ibm.mq.jmqi.remote.api.RemoteFAP$Connector.jmqiConnect(RemoteFAP.java:13411)\n\t... 23 common frames omitted\nCaused by: java.net.ConnectException: Connection refused\n\tat java.base/sun.nio.ch.Net.connect0(Native Method)\n\tat java.base/sun.nio.ch.Net.connect(Unknown Source)\n\tat java.base/sun.nio.ch.Net.connect(Unknown Source)\n\tat java.base/sun.nio.ch.NioSocketImpl.connect(Unknown Source)\n\tat java.base/java.net.SocksSocketImpl.connect(Unknown Source)\n\tat java.base/java.net.Socket.connect(Unknown Source)\n\tat java.base/java.net.Socket.connect(Unknown Source)\n\tat com.ibm.mq.jmqi.remote.impl.RemoteTCPConnection$4.run(RemoteTCPConnection.java:1111)\n\tat com.ibm.mq.jmqi.remote.impl.RemoteTCPConnection$4.run(RemoteTCPConnection.java:1103)\n\tat java.base/java.security.AccessController.doPrivileged(Unknown Source)\n\tat com.ibm.mq.jmqi.remote.impl.RemoteTCPConnection.connectSocket(RemoteTCPConnection.java:1103)\n\tat com.ibm.mq.jmqi.remote.impl.RemoteTCPConnection.bindAndConnectSocket(RemoteTCPConnection.java:843)\n\t... 30 common frames omitted\n","appName":"recon-consumer-app","application":"recon-consumer-app"}
{"@timestamp":"2026-05-10T09:26:17.545692721Z","@version":"1","message":"Could not refresh JMS Connection for destination 'RECON.IN' - retrying using FixedBackOff{interval=5000, currentAttempts=12, maxAttempts=unlimited}. Cause: JMSWMQ0018: Failed to connect to queue manager 'QM1' with connection mode 'Client' and host name 'ibm-mq.recon-platform.svc.cluster.local(1414)'.; nested exception is com.ibm.mq.MQException: JMSCMQ0001: IBM MQ call failed with compcode '2' ('MQCC_FAILED') reason '2538' ('MQRC_HOST_NOT_AVAILABLE').","logger_name":"org.springframework.jms.listener.DefaultMessageListenerContainer","thread_name":"org.springframework.jms.JmsListenerEndpointContainer#1-8","level":"ERROR","level_value":40000,"stack_trace":"com.ibm.msg.client.jakarta.jms.DetailedIllegalStateException: JMSWMQ0018: Failed to connect to queue manager 'QM1' with connection mode 'Client' and host name 'ibm-mq.recon-platform.svc.cluster.local(1414)'.\n\tat com.ibm.msg.client.jakarta.wmq.common.internal.Reason.reasonToException(Reason.java:489)\n\tat com.ibm.msg.client.jakarta.wmq.common.internal.Reason.createException(Reason.java:215)\n\tat com.ibm.msg.client.jakarta.wmq.internal.WMQConnection.<init>(WMQConnection.java:482)\n\tat com.ibm.msg.client.jakarta.wmq.factories.WMQConnectionFactory.createV7ProviderConnection(WMQConnectionFactory.java:9009)\n\tat com.ibm.msg.client.jakarta.wmq.factories.WMQConnectionFactory.createProviderConnection(WMQConnectionFactory.java:8349)\n\tat com.ibm.msg.client.jakarta.jms.admin.JmsConnectionFactoryImpl._createConnection(JmsConnectionFactoryImpl.java:322)\n\tat com.ibm.msg.client.jakarta.jms.admin.JmsConnectionFactoryImpl.createConnection(JmsConnectionFactoryImpl.java:242)\n\tat com.ibm.mq.jakarta.jms.MQConnectionFactory.createCommonConnection(MQConnectionFactory.java:6193)\n\tat com.ibm.mq.jakarta.jms.MQConnectionFactory.createConnection(MQConnectionFactory.java:6222)\n\tat org.springframework.jms.connection.SingleConnectionFactory.doCreateConnection(SingleConnectionFactory.java:452)\n\tat org.springframework.jms.connection.SingleConnectionFactory.initConnection(SingleConnectionFactory.java:414)\n\tat org.springframework.jms.connection.SingleConnectionFactory.getConnection(SingleConnectionFactory.java:328)\n\tat org.springframework.jms.connection.SingleConnectionFactory.createConnection(SingleConnectionFactory.java:243)\n\tat org.springframework.jms.support.JmsAccessor.createConnection(JmsAccessor.java:211)\n\tat org.springframework.jms.listener.AbstractJmsListeningContainer.createSharedConnection(AbstractJmsListeningContainer.java:405)\n\tat org.springframework.jms.listener.AbstractJmsListeningContainer.refreshSharedConnection(AbstractJmsListeningContainer.java:390)\n\tat org.springframework.jms.listener.DefaultMessageListenerContainer.refreshConnectionUntilSuccessful(DefaultMessageListenerContainer.java:1004)\n\tat org.springframework.jms.listener.DefaultMessageListenerContainer.recoverAfterListenerSetupFailure(DefaultMessageListenerContainer.java:978)\n\tat org.springframework.jms.listener.DefaultMessageListenerContainer$AsyncMessageListenerInvoker.run(DefaultMessageListenerContainer.java:1166)\n\tat java.base/java.lang.Thread.run(Unknown Source)\nCaused by: com.ibm.mq.MQException: JMSCMQ0001: IBM MQ call failed with compcode '2' ('MQCC_FAILED') reason '2538' ('MQRC_HOST_NOT_AVAILABLE').\n\tat com.ibm.msg.client.jakarta.wmq.common.internal.Reason.createException(Reason.java:203)\n\t... 18 common frames omitted\nCaused by: com.ibm.mq.jmqi.JmqiException: CC=2;RC=2538;AMQ9204: Connection to host 'ibm-mq.recon-platform.svc.cluster.local(1414)' rejected. [1=com.ibm.mq.jmqi.JmqiException[CC=2;RC=2538;AMQ9204: Connection to host 'ibm-mq.recon-platform.svc.cluster.local/10.100.195.132:1414' rejected. [1=java.net.ConnectException[Connection refused],3=ibm-mq.recon-platform.svc.cluster.local/10.100.195.132:1414,4=TCP,5=Socket.connect]],3=ibm-mq.recon-platform.svc.cluster.local(1414),4=,5=RemoteTCPConnection.bindAndConnectSocket]\n\tat com.ibm.mq.jmqi.remote.api.RemoteFAP$Connector.jmqiConnect(RemoteFAP.java:13687)\n\tat com.ibm.mq.jmqi.remote.api.RemoteFAP$Connector.access$100(RemoteFAP.java:13202)\n\tat com.ibm.mq.jmqi.remote.api.RemoteFAP.jmqiConnect(RemoteFAP.java:1451)\n\tat com.ibm.mq.jmqi.remote.api.RemoteFAP.jmqiConnect(RemoteFAP.java:1392)\n\tat com.ibm.mq.ese.jmqi.InterceptedJmqiImpl.jmqiConnect(InterceptedJmqiImpl.java:377)\n\tat com.ibm.mq.ese.jmqi.ESEJMQI.jmqiConnect(ESEJMQI.java:562)\n\tat com.ibm.msg.client.jakarta.wmq.internal.WMQConnection.<init>(WMQConnection.java:415)\n\t... 17 common frames omitted\nCaused by: com.ibm.mq.jmqi.JmqiException: CC=2;RC=2538;AMQ9204: Connection to host 'ibm-mq.recon-platform.svc.cluster.local/10.100.195.132:1414' rejected. [1=java.net.ConnectException[Connection refused],3=ibm-mq.recon-platform.svc.cluster.local/10.100.195.132:1414,4=TCP,5=Socket.connect]\n\tat com.ibm.mq.jmqi.remote.impl.RemoteTCPConnection.bindAndConnectSocket(RemoteTCPConnection.java:937)\n\tat com.ibm.mq.jmqi.remote.impl.RemoteTCPConnection.protocolConnect(RemoteTCPConnection.java:1511)\n\tat com.ibm.mq.jmqi.remote.impl.RemoteConnection.connect(RemoteConnection.java:1014)\n\tat com.ibm.mq.jmqi.remote.impl.RemoteConnectionSpecification.getNewConnection(RemoteConnectionSpecification.java:691)\n\tat com.ibm.mq.jmqi.remote.impl.RemoteConnectionSpecification.getSessionFromNewConnection(RemoteConnectionSpecification.java:283)\n\tat com.ibm.mq.jmqi.remote.impl.RemoteConnectionSpecification.getSession(RemoteConnectionSpecification.java:170)\n\tat com.ibm.mq.jmqi.remote.impl.RemoteConnectionPool.getSession(RemoteConnectionPool.java:128)\n\tat com.ibm.mq.jmqi.remote.api.RemoteFAP$Connector.jmqiConnect(RemoteFAP.java:13411)\n\t... 23 common frames omitted\nCaused by: java.net.ConnectException: Connection refused\n\tat java.base/sun.nio.ch.Net.connect0(Native Method)\n\tat java.base/sun.nio.ch.Net.connect(Unknown Source)\n\tat java.base/sun.nio.ch.Net.connect(Unknown Source)\n\tat java.base/sun.nio.ch.NioSocketImpl.connect(Unknown Source)\n\tat java.base/java.net.SocksSocketImpl.connect(Unknown Source)\n\tat java.base/java.net.Socket.connect(Unknown Source)\n\tat java.base/java.net.Socket.connect(Unknown Source)\n\tat com.ibm.mq.jmqi.remote.impl.RemoteTCPConnection$4.run(RemoteTCPConnection.java:1111)\n\tat com.ibm.mq.jmqi.remote.impl.RemoteTCPConnection$4.run(RemoteTCPConnection.java:1103)\n\tat java.base/java.security.AccessController.doPrivileged(Unknown Source)\n\tat com.ibm.mq.jmqi.remote.impl.RemoteTCPConnection.connectSocket(RemoteTCPConnection.java:1103)\n\tat com.ibm.mq.jmqi.remote.impl.RemoteTCPConnection.bindAndConnectSocket(RemoteTCPConnection.java:843)\n\t... 30 common frames omitted\n","appName":"recon-consumer-app","application":"recon-consumer-app"}
{"@timestamp":"2026-05-10T09:26:21.545634568Z","@version":"1","message":"Could not refresh JMS Connection for destination 'RECON.RETRY' - retrying using FixedBackOff{interval=5000, currentAttempts=13, maxAttempts=unlimited}. Cause: JMSWMQ0018: Failed to connect to queue manager 'QM1' with connection mode 'Client' and host name 'ibm-mq.recon-platform.svc.cluster.local(1414)'.; nested exception is com.ibm.mq.MQException: JMSCMQ0001: IBM MQ call failed with compcode '2' ('MQCC_FAILED') reason '2538' ('MQRC_HOST_NOT_AVAILABLE').","logger_name":"org.springframework.jms.listener.DefaultMessageListenerContainer","thread_name":"org.springframework.jms.JmsListenerEndpointContainer#2-2","level":"ERROR","level_value":40000,"stack_trace":"com.ibm.msg.client.jakarta.jms.DetailedIllegalStateException: JMSWMQ0018: Failed to connect to queue manager 'QM1' with connection mode 'Client' and host name 'ibm-mq.recon-platform.svc.cluster.local(1414)'.\n\tat com.ibm.msg.client.jakarta.wmq.common.internal.Reason.reasonToException(Reason.java:489)\n\tat com.ibm.msg.client.jakarta.wmq.common.internal.Reason.createException(Reason.java:215)\n\tat com.ibm.msg.client.jakarta.wmq.internal.WMQConnection.<init>(WMQConnection.java:482)\n\tat com.ibm.msg.client.jakarta.wmq.factories.WMQConnectionFactory.createV7ProviderConnection(WMQConnectionFactory.java:9009)\n\tat com.ibm.msg.client.jakarta.wmq.factories.WMQConnectionFactory.createProviderConnection(WMQConnectionFactory.java:8349)\n\tat com.ibm.msg.client.jakarta.jms.admin.JmsConnectionFactoryImpl._createConnection(JmsConnectionFactoryImpl.java:322)\n\tat com.ibm.msg.client.jakarta.jms.admin.JmsConnectionFactoryImpl.createConnection(JmsConnectionFactoryImpl.java:242)\n\tat com.ibm.mq.jakarta.jms.MQConnectionFactory.createCommonConnection(MQConnectionFactory.java:6193)\n\tat com.ibm.mq.jakarta.jms.MQConnectionFactory.createConnection(MQConnectionFactory.java:6222)\n\tat org.springframework.jms.connection.SingleConnectionFactory.doCreateConnection(SingleConnectionFactory.java:452)\n\tat org.springframework.jms.connection.SingleConnectionFactory.initConnection(SingleConnectionFactory.java:414)\n\tat org.springframework.jms.connection.SingleConnectionFactory.getConnection(SingleConnectionFactory.java:328)\n\tat org.springframework.jms.connection.SingleConnectionFactory.createConnection(SingleConnectionFactory.java:243)\n\tat org.springframework.jms.support.JmsAccessor.createConnection(JmsAccessor.java:211)\n\tat org.springframework.jms.listener.AbstractJmsListeningContainer.createSharedConnection(AbstractJmsListeningContainer.java:405)\n\tat org.springframework.jms.listener.AbstractJmsListeningContainer.refreshSharedConnection(AbstractJmsListeningContainer.java:390)\n\tat org.springframework.jms.listener.DefaultMessageListenerContainer.refreshConnectionUntilSuccessful(DefaultMessageListenerContainer.java:1004)\n\tat org.springframework.jms.listener.DefaultMessageListenerContainer.recoverAfterListenerSetupFailure(DefaultMessageListenerContainer.java:978)\n\tat org.springframework.jms.listener.DefaultMessageListenerContainer$AsyncMessageListenerInvoker.run(DefaultMessageListenerContainer.java:1166)\n\tat java.base/java.lang.Thread.run(Unknown Source)\nCaused by: com.ibm.mq.MQException: JMSCMQ0001: IBM MQ call failed with compcode '2' ('MQCC_FAILED') reason '2538' ('MQRC_HOST_NOT_AVAILABLE').\n\tat com.ibm.msg.client.jakarta.wmq.common.internal.Reason.createException(Reason.java:203)\n\t... 18 common frames omitted\nCaused by: com.ibm.mq.jmqi.JmqiException: CC=2;RC=2538;AMQ9204: Connection to host 'ibm-mq.recon-platform.svc.cluster.local(1414)' rejected. [1=com.ibm.mq.jmqi.JmqiException[CC=2;RC=2538;AMQ9204: Connection to host 'ibm-mq.recon-platform.svc.cluster.local/10.100.195.132:1414' rejected. [1=java.net.ConnectException[Connection refused],3=ibm-mq.recon-platform.svc.cluster.local/10.100.195.132:1414,4=TCP,5=Socket.connect]],3=ibm-mq.recon-platform.svc.cluster.local(1414),4=,5=RemoteTCPConnection.bindAndConnectSocket]\n\tat com.ibm.mq.jmqi.remote.api.RemoteFAP$Connector.jmqiConnect(RemoteFAP.java:13687)\n\tat com.ibm.mq.jmqi.remote.api.RemoteFAP$Connector.access$100(RemoteFAP.java:13202)\n\tat com.ibm.mq.jmqi.remote.api.RemoteFAP.jmqiConnect(RemoteFAP.java:1451)\n\tat com.ibm.mq.jmqi.remote.api.RemoteFAP.jmqiConnect(RemoteFAP.java:1392)\n\tat com.ibm.mq.ese.jmqi.InterceptedJmqiImpl.jmqiConnect(InterceptedJmqiImpl.java:377)\n\tat com.ibm.mq.ese.jmqi.ESEJMQI.jmqiConnect(ESEJMQI.java:562)\n\tat com.ibm.msg.client.jakarta.wmq.internal.WMQConnection.<init>(WMQConnection.java:415)\n\t... 17 common frames omitted\nCaused by: com.ibm.mq.jmqi.JmqiException: CC=2;RC=2538;AMQ9204: Connection to host 'ibm-mq.recon-platform.svc.cluster.local/10.100.195.132:1414' rejected. [1=java.net.ConnectException[Connection refused],3=ibm-mq.recon-platform.svc.cluster.local/10.100.195.132:1414,4=TCP,5=Socket.connect]\n\tat com.ibm.mq.jmqi.remote.impl.RemoteTCPConnection.bindAndConnectSocket(RemoteTCPConnection.java:937)\n\tat com.ibm.mq.jmqi.remote.impl.RemoteTCPConnection.protocolConnect(RemoteTCPConnection.java:1511)\n\tat com.ibm.mq.jmqi.remote.impl.RemoteConnection.connect(RemoteConnection.java:1014)\n\tat com.ibm.mq.jmqi.remote.impl.RemoteConnectionSpecification.getNewConnection(RemoteConnectionSpecification.java:691)\n\tat com.ibm.mq.jmqi.remote.impl.RemoteConnectionSpecification.getSessionFromNewConnection(RemoteConnectionSpecification.java:283)\n\tat com.ibm.mq.jmqi.remote.impl.RemoteConnectionSpecification.getSession(RemoteConnectionSpecification.java:170)\n\tat com.ibm.mq.jmqi.remote.impl.RemoteConnectionPool.getSession(RemoteConnectionPool.java:128)\n\tat com.ibm.mq.jmqi.remote.api.RemoteFAP$Connector.jmqiConnect(RemoteFAP.java:13411)\n\t... 23 common frames omitted\nCaused by: java.net.ConnectException: Connection refused\n\tat java.base/sun.nio.ch.Net.connect0(Native Method)\n\tat java.base/sun.nio.ch.Net.connect(Unknown Source)\n\tat java.base/sun.nio.ch.Net.connect(Unknown Source)\n\tat java.base/sun.nio.ch.NioSocketImpl.connect(Unknown Source)\n\tat java.base/java.net.SocksSocketImpl.connect(Unknown Source)\n\tat java.base/java.net.Socket.connect(Unknown Source)\n\tat java.base/java.net.Socket.connect(Unknown Source)\n\tat com.ibm.mq.jmqi.remote.impl.RemoteTCPConnection$4.run(RemoteTCPConnection.java:1111)\n\tat com.ibm.mq.jmqi.remote.impl.RemoteTCPConnection$4.run(RemoteTCPConnection.java:1103)\n\tat java.base/java.security.AccessController.doPrivileged(Unknown Source)\n\tat com.ibm.mq.jmqi.remote.impl.RemoteTCPConnection.connectSocket(RemoteTCPConnection.java:1103)\n\tat com.ibm.mq.jmqi.remote.impl.RemoteTCPConnection.bindAndConnectSocket(RemoteTCPConnection.java:843)\n\t... 30 common frames omitted\n","appName":"recon-consumer-app","application":"recon-consumer-app"}
{"@timestamp":"2026-05-10T09:26:22.5857207Z","@version":"1","message":"Could not refresh JMS Connection for destination 'SYSTEM.DEAD.LETTER.QUEUE' - retrying using FixedBackOff{interval=5000, currentAttempts=13, maxAttempts=unlimited}. Cause: JMSWMQ0018: Failed to connect to queue manager 'QM1' with connection mode 'Client' and host name 'ibm-mq.recon-platform.svc.cluster.local(1414)'.; nested exception is com.ibm.mq.MQException: JMSCMQ0001: IBM MQ call failed with compcode '2' ('MQCC_FAILED') reason '2538' ('MQRC_HOST_NOT_AVAILABLE').","logger_name":"org.springframework.jms.listener.DefaultMessageListenerContainer","thread_name":"org.springframework.jms.JmsListenerEndpointContainer#0-1","level":"ERROR","level_value":40000,"stack_trace":"com.ibm.msg.client.jakarta.jms.DetailedIllegalStateException: JMSWMQ0018: Failed to connect to queue manager 'QM1' with connection mode 'Client' and host name 'ibm-mq.recon-platform.svc.cluster.local(1414)'.\n\tat com.ibm.msg.client.jakarta.wmq.common.internal.Reason.reasonToException(Reason.java:489)\n\tat com.ibm.msg.client.jakarta.wmq.common.internal.Reason.createException(Reason.java:215)\n\tat com.ibm.msg.client.jakarta.wmq.internal.WMQConnection.<init>(WMQConnection.java:482)\n\tat com.ibm.msg.client.jakarta.wmq.factories.WMQConnectionFactory.createV7ProviderConnection(WMQConnectionFactory.java:9009)\n\tat com.ibm.msg.client.jakarta.wmq.factories.WMQConnectionFactory.createProviderConnection(WMQConnectionFactory.java:8349)\n\tat com.ibm.msg.client.jakarta.jms.admin.JmsConnectionFactoryImpl._createConnection(JmsConnectionFactoryImpl.java:322)\n\tat com.ibm.msg.client.jakarta.jms.admin.JmsConnectionFactoryImpl.createConnection(JmsConnectionFactoryImpl.java:242)\n\tat com.ibm.mq.jakarta.jms.MQConnectionFactory.createCommonConnection(MQConnectionFactory.java:6193)\n\tat com.ibm.mq.jakarta.jms.MQConnectionFactory.createConnection(MQConnectionFactory.java:6222)\n\tat org.springframework.jms.connection.SingleConnectionFactory.doCreateConnection(SingleConnectionFactory.java:452)\n\tat org.springframework.jms.connection.SingleConnectionFactory.initConnection(SingleConnectionFactory.java:414)\n\tat org.springframework.jms.connection.SingleConnectionFactory.getConnection(SingleConnectionFactory.java:328)\n\tat org.springframework.jms.connection.SingleConnectionFactory.createConnection(SingleConnectionFactory.java:243)\n\tat org.springframework.jms.support.JmsAccessor.createConnection(JmsAccessor.java:211)\n\tat org.springframework.jms.listener.AbstractJmsListeningContainer.createSharedConnection(AbstractJmsListeningContainer.java:405)\n\tat org.springframework.jms.listener.AbstractJmsListeningContainer.refreshSharedConnection(AbstractJmsListeningContainer.java:390)\n\tat org.springframework.jms.listener.DefaultMessageListenerContainer.refreshConnectionUntilSuccessful(DefaultMessageListenerContainer.java:1004)\n\tat org.springframework.jms.listener.DefaultMessageListenerContainer.recoverAfterListenerSetupFailure(DefaultMessageListenerContainer.java:978)\n\tat org.springframework.jms.listener.DefaultMessageListenerContainer$AsyncMessageListenerInvoker.run(DefaultMessageListenerContainer.java:1166)\n\tat java.base/java.lang.Thread.run(Unknown Source)\nCaused by: com.ibm.mq.MQException: JMSCMQ0001: IBM MQ call failed with compcode '2' ('MQCC_FAILED') reason '2538' ('MQRC_HOST_NOT_AVAILABLE').\n\tat com.ibm.msg.client.jakarta.wmq.common.internal.Reason.createException(Reason.java:203)\n\t... 18 common frames omitted\nCaused by: com.ibm.mq.jmqi.JmqiException: CC=2;RC=2538;AMQ9204: Connection to host 'ibm-mq.recon-platform.svc.cluster.local(1414)' rejected. [1=com.ibm.mq.jmqi.JmqiException[CC=2;RC=2538;AMQ9204: Connection to host 'ibm-mq.recon-platform.svc.cluster.local/10.100.195.132:1414' rejected. [1=java.net.ConnectException[Connection refused],3=ibm-mq.recon-platform.svc.cluster.local/10.100.195.132:1414,4=TCP,5=Socket.connect]],3=ibm-mq.recon-platform.svc.cluster.local(1414),4=,5=RemoteTCPConnection.bindAndConnectSocket]\n\tat com.ibm.mq.jmqi.remote.api.RemoteFAP$Connector.jmqiConnect(RemoteFAP.java:13687)\n\tat com.ibm.mq.jmqi.remote.api.RemoteFAP$Connector.access$100(RemoteFAP.java:13202)\n\tat com.ibm.mq.jmqi.remote.api.RemoteFAP.jmqiConnect(RemoteFAP.java:1451)\n\tat com.ibm.mq.jmqi.remote.api.RemoteFAP.jmqiConnect(RemoteFAP.java:1392)\n\tat com.ibm.mq.ese.jmqi.InterceptedJmqiImpl.jmqiConnect(InterceptedJmqiImpl.java:377)\n\tat com.ibm.mq.ese.jmqi.ESEJMQI.jmqiConnect(ESEJMQI.java:562)\n\tat com.ibm.msg.client.jakarta.wmq.internal.WMQConnection.<init>(WMQConnection.java:415)\n\t... 17 common frames omitted\nCaused by: com.ibm.mq.jmqi.JmqiException: CC=2;RC=2538;AMQ9204: Connection to host 'ibm-mq.recon-platform.svc.cluster.local/10.100.195.132:1414' rejected. [1=java.net.ConnectException[Connection refused],3=ibm-mq.recon-platform.svc.cluster.local/10.100.195.132:1414,4=TCP,5=Socket.connect]\n\tat com.ibm.mq.jmqi.remote.impl.RemoteTCPConnection.bindAndConnectSocket(RemoteTCPConnection.java:937)\n\tat com.ibm.mq.jmqi.remote.impl.RemoteTCPConnection.protocolConnect(RemoteTCPConnection.java:1511)\n\tat com.ibm.mq.jmqi.remote.impl.RemoteConnection.connect(RemoteConnection.java:1014)\n\tat com.ibm.mq.jmqi.remote.impl.RemoteConnectionSpecification.getNewConnection(RemoteConnectionSpecification.java:691)\n\tat com.ibm.mq.jmqi.remote.impl.RemoteConnectionSpecification.getSessionFromNewConnection(RemoteConnectionSpecification.java:283)\n\tat com.ibm.mq.jmqi.remote.impl.RemoteConnectionSpecification.getSession(RemoteConnectionSpecification.java:170)\n\tat com.ibm.mq.jmqi.remote.impl.RemoteConnectionPool.getSession(RemoteConnectionPool.java:128)\n\tat com.ibm.mq.jmqi.remote.api.RemoteFAP$Connector.jmqiConnect(RemoteFAP.java:13411)\n\t... 23 common frames omitted\nCaused by: java.net.ConnectException: Connection refused\n\tat java.base/sun.nio.ch.Net.connect0(Native Method)\n\tat java.base/sun.nio.ch.Net.connect(Unknown Source)\n\tat java.base/sun.nio.ch.Net.connect(Unknown Source)\n\tat java.base/sun.nio.ch.NioSocketImpl.connect(Unknown Source)\n\tat java.base/java.net.SocksSocketImpl.connect(Unknown Source)\n\tat java.base/java.net.Socket.connect(Unknown Source)\n\tat java.base/java.net.Socket.connect(Unknown Source)\n\tat com.ibm.mq.jmqi.remote.impl.RemoteTCPConnection$4.run(RemoteTCPConnection.java:1111)\n\tat com.ibm.mq.jmqi.remote.impl.RemoteTCPConnection$4.run(RemoteTCPConnection.java:1103)\n\tat java.base/java.security.AccessController.doPrivileged(Unknown Source)\n\tat com.ibm.mq.jmqi.remote.impl.RemoteTCPConnection.connectSocket(RemoteTCPConnection.java:1103)\n\tat com.ibm.mq.jmqi.remote.impl.RemoteTCPConnection.bindAndConnectSocket(RemoteTCPConnection.java:843)\n\t... 30 common frames omitted\n","appName":"recon-consumer-app","application":"recon-consumer-app"}
{"@timestamp":"2026-05-10T09:26:23.625401538Z","@version":"1","message":"Could not refresh JMS Connection for destination 'RECON.IN' - retrying using FixedBackOff{interval=5000, currentAttempts=13, maxAttempts=unlimited}. Cause: JMSWMQ0018: Failed to connect to queue manager 'QM1' with connection mode 'Client' and host name 'ibm-mq.recon-platform.svc.cluster.local(1414)'.; nested exception is com.ibm.mq.MQException: JMSCMQ0001: IBM MQ call failed with compcode '2' ('MQCC_FAILED') reason '2538' ('MQRC_HOST_NOT_AVAILABLE').","logger_name":"org.springframework.jms.listener.DefaultMessageListenerContainer","thread_name":"org.springframework.jms.JmsListenerEndpointContainer#1-8","level":"ERROR","level_value":40000,"stack_trace":"com.ibm.msg.client.jakarta.jms.DetailedIllegalStateException: JMSWMQ0018: Failed to connect to queue manager 'QM1' with connection mode 'Client' and host name 'ibm-mq.recon-platform.svc.cluster.local(1414)'.\n\tat com.ibm.msg.client.jakarta.wmq.common.internal.Reason.reasonToException(Reason.java:489)\n\tat com.ibm.msg.client.jakarta.wmq.common.internal.Reason.createException(Reason.java:215)\n\tat com.ibm.msg.client.jakarta.wmq.internal.WMQConnection.<init>(WMQConnection.java:482)\n\tat com.ibm.msg.client.jakarta.wmq.factories.WMQConnectionFactory.createV7ProviderConnection(WMQConnectionFactory.java:9009)\n\tat com.ibm.msg.client.jakarta.wmq.factories.WMQConnectionFactory.createProviderConnection(WMQConnectionFactory.java:8349)\n\tat com.ibm.msg.client.jakarta.jms.admin.JmsConnectionFactoryImpl._createConnection(JmsConnectionFactoryImpl.java:322)\n\tat com.ibm.msg.client.jakarta.jms.admin.JmsConnectionFactoryImpl.createConnection(JmsConnectionFactoryImpl.java:242)\n\tat com.ibm.mq.jakarta.jms.MQConnectionFactory.createCommonConnection(MQConnectionFactory.java:6193)\n\tat com.ibm.mq.jakarta.jms.MQConnectionFactory.createConnection(MQConnectionFactory.java:6222)\n\tat org.springframework.jms.connection.SingleConnectionFactory.doCreateConnection(SingleConnectionFactory.java:452)\n\tat org.springframework.jms.connection.SingleConnectionFactory.initConnection(SingleConnectionFactory.java:414)\n\tat org.springframework.jms.connection.SingleConnectionFactory.getConnection(SingleConnectionFactory.java:328)\n\tat org.springframework.jms.connection.SingleConnectionFactory.createConnection(SingleConnectionFactory.java:243)\n\tat org.springframework.jms.support.JmsAccessor.createConnection(JmsAccessor.java:211)\n\tat org.springframework.jms.listener.AbstractJmsListeningContainer.createSharedConnection(AbstractJmsListeningContainer.java:405)\n\tat org.springframework.jms.listener.AbstractJmsListeningContainer.refreshSharedConnection(AbstractJmsListeningContainer.java:390)\n\tat org.springframework.jms.listener.DefaultMessageListenerContainer.refreshConnectionUntilSuccessful(DefaultMessageListenerContainer.java:1004)\n\tat org.springframework.jms.listener.DefaultMessageListenerContainer.recoverAfterListenerSetupFailure(DefaultMessageListenerContainer.java:978)\n\tat org.springframework.jms.listener.DefaultMessageListenerContainer$AsyncMessageListenerInvoker.run(DefaultMessageListenerContainer.java:1166)\n\tat java.base/java.lang.Thread.run(Unknown Source)\nCaused by: com.ibm.mq.MQException: JMSCMQ0001: IBM MQ call failed with compcode '2' ('MQCC_FAILED') reason '2538' ('MQRC_HOST_NOT_AVAILABLE').\n\tat com.ibm.msg.client.jakarta.wmq.common.internal.Reason.createException(Reason.java:203)\n\t... 18 common frames omitted\nCaused by: com.ibm.mq.jmqi.JmqiException: CC=2;RC=2538;AMQ9204: Connection to host 'ibm-mq.recon-platform.svc.cluster.local(1414)' rejected. [1=com.ibm.mq.jmqi.JmqiException[CC=2;RC=2538;AMQ9204: Connection to host 'ibm-mq.recon-platform.svc.cluster.local/10.100.195.132:1414' rejected. [1=java.net.ConnectException[Connection refused],3=ibm-mq.recon-platform.svc.cluster.local/10.100.195.132:1414,4=TCP,5=Socket.connect]],3=ibm-mq.recon-platform.svc.cluster.local(1414),4=,5=RemoteTCPConnection.bindAndConnectSocket]\n\tat com.ibm.mq.jmqi.remote.api.RemoteFAP$Connector.jmqiConnect(RemoteFAP.java:13687)\n\tat com.ibm.mq.jmqi.remote.api.RemoteFAP$Connector.access$100(RemoteFAP.java:13202)\n\tat com.ibm.mq.jmqi.remote.api.RemoteFAP.jmqiConnect(RemoteFAP.java:1451)\n\tat com.ibm.mq.jmqi.remote.api.RemoteFAP.jmqiConnect(RemoteFAP.java:1392)\n\tat com.ibm.mq.ese.jmqi.InterceptedJmqiImpl.jmqiConnect(InterceptedJmqiImpl.java:377)\n\tat com.ibm.mq.ese.jmqi.ESEJMQI.jmqiConnect(ESEJMQI.java:562)\n\tat com.ibm.msg.client.jakarta.wmq.internal.WMQConnection.<init>(WMQConnection.java:415)\n\t... 17 common frames omitted\nCaused by: com.ibm.mq.jmqi.JmqiException: CC=2;RC=2538;AMQ9204: Connection to host 'ibm-mq.recon-platform.svc.cluster.local/10.100.195.132:1414' rejected. [1=java.net.ConnectException[Connection refused],3=ibm-mq.recon-platform.svc.cluster.local/10.100.195.132:1414,4=TCP,5=Socket.connect]\n\tat com.ibm.mq.jmqi.remote.impl.RemoteTCPConnection.bindAndConnectSocket(RemoteTCPConnection.java:937)\n\tat com.ibm.mq.jmqi.remote.impl.RemoteTCPConnection.protocolConnect(RemoteTCPConnection.java:1511)\n\tat com.ibm.mq.jmqi.remote.impl.RemoteConnection.connect(RemoteConnection.java:1014)\n\tat com.ibm.mq.jmqi.remote.impl.RemoteConnectionSpecification.getNewConnection(RemoteConnectionSpecification.java:691)\n\tat com.ibm.mq.jmqi.remote.impl.RemoteConnectionSpecification.getSessionFromNewConnection(RemoteConnectionSpecification.java:283)\n\tat com.ibm.mq.jmqi.remote.impl.RemoteConnectionSpecification.getSession(RemoteConnectionSpecification.java:170)\n\tat com.ibm.mq.jmqi.remote.impl.RemoteConnectionPool.getSession(RemoteConnectionPool.java:128)\n\tat com.ibm.mq.jmqi.remote.api.RemoteFAP$Connector.jmqiConnect(RemoteFAP.java:13411)\n\t... 23 common frames omitted\nCaused by: java.net.ConnectException: Connection refused\n\tat java.base/sun.nio.ch.Net.connect0(Native Method)\n\tat java.base/sun.nio.ch.Net.connect(Unknown Source)\n\tat java.base/sun.nio.ch.Net.connect(Unknown Source)\n\tat java.base/sun.nio.ch.NioSocketImpl.connect(Unknown Source)\n\tat java.base/java.net.SocksSocketImpl.connect(Unknown Source)\n\tat java.base/java.net.Socket.connect(Unknown Source)\n\tat java.base/java.net.Socket.connect(Unknown Source)\n\tat com.ibm.mq.jmqi.remote.impl.RemoteTCPConnection$4.run(RemoteTCPConnection.java:1111)\n\tat com.ibm.mq.jmqi.remote.impl.RemoteTCPConnection$4.run(RemoteTCPConnection.java:1103)\n\tat java.base/java.security.AccessController.doPrivileged(Unknown Source)\n\tat com.ibm.mq.jmqi.remote.impl.RemoteTCPConnection.connectSocket(RemoteTCPConnection.java:1103)\n\tat com.ibm.mq.jmqi.remote.impl.RemoteTCPConnection.bindAndConnectSocket(RemoteTCPConnection.java:843)\n\t... 30 common frames omitted\n","appName":"recon-consumer-app","application":"recon-consumer-app"}
{"@timestamp":"2026-05-10T09:26:27.635251232Z","@version":"1","message":"Could not refresh JMS Connection for destination 'RECON.RETRY' - retrying using FixedBackOff{interval=5000, currentAttempts=14, maxAttempts=unlimited}. Cause: JMSWMQ0018: Failed to connect to queue manager 'QM1' with connection mode 'Client' and host name 'ibm-mq.recon-platform.svc.cluster.local(1414)'.; nested exception is com.ibm.mq.MQException: JMSCMQ0001: IBM MQ call failed with compcode '2' ('MQCC_FAILED') reason '2538' ('MQRC_HOST_NOT_AVAILABLE').","logger_name":"org.springframework.jms.listener.DefaultMessageListenerContainer","thread_name":"org.springframework.jms.JmsListenerEndpointContainer#2-2","level":"ERROR","level_value":40000,"stack_trace":"com.ibm.msg.client.jakarta.jms.DetailedIllegalStateException: JMSWMQ0018: Failed to connect to queue manager 'QM1' with connection mode 'Client' and host name 'ibm-mq.recon-platform.svc.cluster.local(1414)'.\n\tat com.ibm.msg.client.jakarta.wmq.common.internal.Reason.reasonToException(Reason.java:489)\n\tat com.ibm.msg.client.jakarta.wmq.common.internal.Reason.createException(Reason.java:215)\n\tat com.ibm.msg.client.jakarta.wmq.internal.WMQConnection.<init>(WMQConnection.java:482)\n\tat com.ibm.msg.client.jakarta.wmq.factories.WMQConnectionFactory.createV7ProviderConnection(WMQConnectionFactory.java:9009)\n\tat com.ibm.msg.client.jakarta.wmq.factories.WMQConnectionFactory.createProviderConnection(WMQConnectionFactory.java:8349)\n\tat com.ibm.msg.client.jakarta.jms.admin.JmsConnectionFactoryImpl._createConnection(JmsConnectionFactoryImpl.java:322)\n\tat com.ibm.msg.client.jakarta.jms.admin.JmsConnectionFactoryImpl.createConnection(JmsConnectionFactoryImpl.java:242)\n\tat com.ibm.mq.jakarta.jms.MQConnectionFactory.createCommonConnection(MQConnectionFactory.java:6193)\n\tat com.ibm.mq.jakarta.jms.MQConnectionFactory.createConnection(MQConnectionFactory.java:6222)\n\tat org.springframework.jms.connection.SingleConnectionFactory.doCreateConnection(SingleConnectionFactory.java:452)\n\tat org.springframework.jms.connection.SingleConnectionFactory.initConnection(SingleConnectionFactory.java:414)\n\tat org.springframework.jms.connection.SingleConnectionFactory.getConnection(SingleConnectionFactory.java:328)\n\tat org.springframework.jms.connection.SingleConnectionFactory.createConnection(SingleConnectionFactory.java:243)\n\tat org.springframework.jms.support.JmsAccessor.createConnection(JmsAccessor.java:211)\n\tat org.springframework.jms.listener.AbstractJmsListeningContainer.createSharedConnection(AbstractJmsListeningContainer.java:405)\n\tat org.springframework.jms.listener.AbstractJmsListeningContainer.refreshSharedConnection(AbstractJmsListeningContainer.java:390)\n\tat org.springframework.jms.listener.DefaultMessageListenerContainer.refreshConnectionUntilSuccessful(DefaultMessageListenerContainer.java:1004)\n\tat org.springframework.jms.listener.DefaultMessageListenerContainer.recoverAfterListenerSetupFailure(DefaultMessageListenerContainer.java:978)\n\tat org.springframework.jms.listener.DefaultMessageListenerContainer$AsyncMessageListenerInvoker.run(DefaultMessageListenerContainer.java:1166)\n\tat java.base/java.lang.Thread.run(Unknown Source)\nCaused by: com.ibm.mq.MQException: JMSCMQ0001: IBM MQ call failed with compcode '2' ('MQCC_FAILED') reason '2538' ('MQRC_HOST_NOT_AVAILABLE').\n\tat com.ibm.msg.client.jakarta.wmq.common.internal.Reason.createException(Reason.java:203)\n\t... 18 common frames omitted\nCaused by: com.ibm.mq.jmqi.JmqiException: CC=2;RC=2538;AMQ9204: Connection to host 'ibm-mq.recon-platform.svc.cluster.local(1414)' rejected. [1=com.ibm.mq.jmqi.JmqiException[CC=2;RC=2538;AMQ9204: Connection to host 'ibm-mq.recon-platform.svc.cluster.local/10.100.195.132:1414' rejected. [1=java.net.ConnectException[Connection refused],3=ibm-mq.recon-platform.svc.cluster.local/10.100.195.132:1414,4=TCP,5=Socket.connect]],3=ibm-mq.recon-platform.svc.cluster.local(1414),4=,5=RemoteTCPConnection.bindAndConnectSocket]\n\tat com.ibm.mq.jmqi.remote.api.RemoteFAP$Connector.jmqiConnect(RemoteFAP.java:13687)\n\tat com.ibm.mq.jmqi.remote.api.RemoteFAP$Connector.access$100(RemoteFAP.java:13202)\n\tat com.ibm.mq.jmqi.remote.api.RemoteFAP.jmqiConnect(RemoteFAP.java:1451)\n\tat com.ibm.mq.jmqi.remote.api.RemoteFAP.jmqiConnect(RemoteFAP.java:1392)\n\tat com.ibm.mq.ese.jmqi.InterceptedJmqiImpl.jmqiConnect(InterceptedJmqiImpl.java:377)\n\tat com.ibm.mq.ese.jmqi.ESEJMQI.jmqiConnect(ESEJMQI.java:562)\n\tat com.ibm.msg.client.jakarta.wmq.internal.WMQConnection.<init>(WMQConnection.java:415)\n\t... 17 common frames omitted\nCaused by: com.ibm.mq.jmqi.JmqiException: CC=2;RC=2538;AMQ9204: Connection to host 'ibm-mq.recon-platform.svc.cluster.local/10.100.195.132:1414' rejected. [1=java.net.ConnectException[Connection refused],3=ibm-mq.recon-platform.svc.cluster.local/10.100.195.132:1414,4=TCP,5=Socket.connect]\n\tat com.ibm.mq.jmqi.remote.impl.RemoteTCPConnection.bindAndConnectSocket(RemoteTCPConnection.java:937)\n\tat com.ibm.mq.jmqi.remote.impl.RemoteTCPConnection.protocolConnect(RemoteTCPConnection.java:1511)\n\tat com.ibm.mq.jmqi.remote.impl.RemoteConnection.connect(RemoteConnection.java:1014)\n\tat com.ibm.mq.jmqi.remote.impl.RemoteConnectionSpecification.getNewConnection(RemoteConnectionSpecification.java:691)\n\tat com.ibm.mq.jmqi.remote.impl.RemoteConnectionSpecification.getSessionFromNewConnection(RemoteConnectionSpecification.java:283)\n\tat com.ibm.mq.jmqi.remote.impl.RemoteConnectionSpecification.getSession(RemoteConnectionSpecification.java:170)\n\tat com.ibm.mq.jmqi.remote.impl.RemoteConnectionPool.getSession(RemoteConnectionPool.java:128)\n\tat com.ibm.mq.jmqi.remote.api.RemoteFAP$Connector.jmqiConnect(RemoteFAP.java:13411)\n\t... 23 common frames omitted\nCaused by: java.net.ConnectException: Connection refused\n\tat java.base/sun.nio.ch.Net.connect0(Native Method)\n\tat java.base/sun.nio.ch.Net.connect(Unknown Source)\n\tat java.base/sun.nio.ch.Net.connect(Unknown Source)\n\tat java.base/sun.nio.ch.NioSocketImpl.connect(Unknown Source)\n\tat java.base/java.net.SocksSocketImpl.connect(Unknown Source)\n\tat java.base/java.net.Socket.connect(Unknown Source)\n\tat java.base/java.net.Socket.connect(Unknown Source)\n\tat com.ibm.mq.jmqi.remote.impl.RemoteTCPConnection$4.run(RemoteTCPConnection.java:1111)\n\tat com.ibm.mq.jmqi.remote.impl.RemoteTCPConnection$4.run(RemoteTCPConnection.java:1103)\n\tat java.base/java.security.AccessController.doPrivileged(Unknown Source)\n\tat com.ibm.mq.jmqi.remote.impl.RemoteTCPConnection.connectSocket(RemoteTCPConnection.java:1103)\n\tat com.ibm.mq.jmqi.remote.impl.RemoteTCPConnection.bindAndConnectSocket(RemoteTCPConnection.java:843)\n\t... 30 common frames omitted\n","appName":"recon-consumer-app","application":"recon-consumer-app"}
{"@timestamp":"2026-05-10T09:26:28.665306291Z","@version":"1","message":"Could not refresh JMS Connection for destination 'SYSTEM.DEAD.LETTER.QUEUE' - retrying using FixedBackOff{interval=5000, currentAttempts=14, maxAttempts=unlimited}. Cause: JMSWMQ0018: Failed to connect to queue manager 'QM1' with connection mode 'Client' and host name 'ibm-mq.recon-platform.svc.cluster.local(1414)'.; nested exception is com.ibm.mq.MQException: JMSCMQ0001: IBM MQ call failed with compcode '2' ('MQCC_FAILED') reason '2538' ('MQRC_HOST_NOT_AVAILABLE').","logger_name":"org.springframework.jms.listener.DefaultMessageListenerContainer","thread_name":"org.springframework.jms.JmsListenerEndpointContainer#0-1","level":"ERROR","level_value":40000,"stack_trace":"com.ibm.msg.client.jakarta.jms.DetailedIllegalStateException: JMSWMQ0018: Failed to connect to queue manager 'QM1' with connection mode 'Client' and host name 'ibm-mq.recon-platform.svc.cluster.local(1414)'.\n\tat com.ibm.msg.client.jakarta.wmq.common.internal.Reason.reasonToException(Reason.java:489)\n\tat com.ibm.msg.client.jakarta.wmq.common.internal.Reason.createException(Reason.java:215)\n\tat com.ibm.msg.client.jakarta.wmq.internal.WMQConnection.<init>(WMQConnection.java:482)\n\tat com.ibm.msg.client.jakarta.wmq.factories.WMQConnectionFactory.createV7ProviderConnection(WMQConnectionFactory.java:9009)\n\tat com.ibm.msg.client.jakarta.wmq.factories.WMQConnectionFactory.createProviderConnection(WMQConnectionFactory.java:8349)\n\tat com.ibm.msg.client.jakarta.jms.admin.JmsConnectionFactoryImpl._createConnection(JmsConnectionFactoryImpl.java:322)\n\tat com.ibm.msg.client.jakarta.jms.admin.JmsConnectionFactoryImpl.createConnection(JmsConnectionFactoryImpl.java:242)\n\tat com.ibm.mq.jakarta.jms.MQConnectionFactory.createCommonConnection(MQConnectionFactory.java:6193)\n\tat com.ibm.mq.jakarta.jms.MQConnectionFactory.createConnection(MQConnectionFactory.java:6222)\n\tat org.springframework.jms.connection.SingleConnectionFactory.doCreateConnection(SingleConnectionFactory.java:452)\n\tat org.springframework.jms.connection.SingleConnectionFactory.initConnection(SingleConnectionFactory.java:414)\n\tat org.springframework.jms.connection.SingleConnectionFactory.getConnection(SingleConnectionFactory.java:328)\n\tat org.springframework.jms.connection.SingleConnectionFactory.createConnection(SingleConnectionFactory.java:243)\n\tat org.springframework.jms.support.JmsAccessor.createConnection(JmsAccessor.java:211)\n\tat org.springframework.jms.listener.AbstractJmsListeningContainer.createSharedConnection(AbstractJmsListeningContainer.java:405)\n\tat org.springframework.jms.listener.AbstractJmsListeningContainer.refreshSharedConnection(AbstractJmsListeningContainer.java:390)\n\tat org.springframework.jms.listener.DefaultMessageListenerContainer.refreshConnectionUntilSuccessful(DefaultMessageListenerContainer.java:1004)\n\tat org.springframework.jms.listener.DefaultMessageListenerContainer.recoverAfterListenerSetupFailure(DefaultMessageListenerContainer.java:978)\n\tat org.springframework.jms.listener.DefaultMessageListenerContainer$AsyncMessageListenerInvoker.run(DefaultMessageListenerContainer.java:1166)\n\tat java.base/java.lang.Thread.run(Unknown Source)\nCaused by: com.ibm.mq.MQException: JMSCMQ0001: IBM MQ call failed with compcode '2' ('MQCC_FAILED') reason '2538' ('MQRC_HOST_NOT_AVAILABLE').\n\tat com.ibm.msg.client.jakarta.wmq.common.internal.Reason.createException(Reason.java:203)\n\t... 18 common frames omitted\nCaused by: com.ibm.mq.jmqi.JmqiException: CC=2;RC=2538;AMQ9204: Connection to host 'ibm-mq.recon-platform.svc.cluster.local(1414)' rejected. [1=com.ibm.mq.jmqi.JmqiException[CC=2;RC=2538;AMQ9204: Connection to host 'ibm-mq.recon-platform.svc.cluster.local/10.100.195.132:1414' rejected. [1=java.net.ConnectException[Connection refused],3=ibm-mq.recon-platform.svc.cluster.local/10.100.195.132:1414,4=TCP,5=Socket.connect]],3=ibm-mq.recon-platform.svc.cluster.local(1414),4=,5=RemoteTCPConnection.bindAndConnectSocket]\n\tat com.ibm.mq.jmqi.remote.api.RemoteFAP$Connector.jmqiConnect(RemoteFAP.java:13687)\n\tat com.ibm.mq.jmqi.remote.api.RemoteFAP$Connector.access$100(RemoteFAP.java:13202)\n\tat com.ibm.mq.jmqi.remote.api.RemoteFAP.jmqiConnect(RemoteFAP.java:1451)\n\tat com.ibm.mq.jmqi.remote.api.RemoteFAP.jmqiConnect(RemoteFAP.java:1392)\n\tat com.ibm.mq.ese.jmqi.InterceptedJmqiImpl.jmqiConnect(InterceptedJmqiImpl.java:377)\n\tat com.ibm.mq.ese.jmqi.ESEJMQI.jmqiConnect(ESEJMQI.java:562)\n\tat com.ibm.msg.client.jakarta.wmq.internal.WMQConnection.<init>(WMQConnection.java:415)\n\t... 17 common frames omitted\nCaused by: com.ibm.mq.jmqi.JmqiException: CC=2;RC=2538;AMQ9204: Connection to host 'ibm-mq.recon-platform.svc.cluster.local/10.100.195.132:1414' rejected. [1=java.net.ConnectException[Connection refused],3=ibm-mq.recon-platform.svc.cluster.local/10.100.195.132:1414,4=TCP,5=Socket.connect]\n\tat com.ibm.mq.jmqi.remote.impl.RemoteTCPConnection.bindAndConnectSocket(RemoteTCPConnection.java:937)\n\tat com.ibm.mq.jmqi.remote.impl.RemoteTCPConnection.protocolConnect(RemoteTCPConnection.java:1511)\n\tat com.ibm.mq.jmqi.remote.impl.RemoteConnection.connect(RemoteConnection.java:1014)\n\tat com.ibm.mq.jmqi.remote.impl.RemoteConnectionSpecification.getNewConnection(RemoteConnectionSpecification.java:691)\n\tat com.ibm.mq.jmqi.remote.impl.RemoteConnectionSpecification.getSessionFromNewConnection(RemoteConnectionSpecification.java:283)\n\tat com.ibm.mq.jmqi.remote.impl.RemoteConnectionSpecification.getSession(RemoteConnectionSpecification.java:170)\n\tat com.ibm.mq.jmqi.remote.impl.RemoteConnectionPool.getSession(RemoteConnectionPool.java:128)\n\tat com.ibm.mq.jmqi.remote.api.RemoteFAP$Connector.jmqiConnect(RemoteFAP.java:13411)\n\t... 23 common frames omitted\nCaused by: java.net.ConnectException: Connection refused\n\tat java.base/sun.nio.ch.Net.connect0(Native Method)\n\tat java.base/sun.nio.ch.Net.connect(Unknown Source)\n\tat java.base/sun.nio.ch.Net.connect(Unknown Source)\n\tat java.base/sun.nio.ch.NioSocketImpl.connect(Unknown Source)\n\tat java.base/java.net.SocksSocketImpl.connect(Unknown Source)\n\tat java.base/java.net.Socket.connect(Unknown Source)\n\tat java.base/java.net.Socket.connect(Unknown Source)\n\tat com.ibm.mq.jmqi.remote.impl.RemoteTCPConnection$4.run(RemoteTCPConnection.java:1111)\n\tat com.ibm.mq.jmqi.remote.impl.RemoteTCPConnection$4.run(RemoteTCPConnection.java:1103)\n\tat java.base/java.security.AccessController.doPrivileged(Unknown Source)\n\tat com.ibm.mq.jmqi.remote.impl.RemoteTCPConnection.connectSocket(RemoteTCPConnection.java:1103)\n\tat com.ibm.mq.jmqi.remote.impl.RemoteTCPConnection.bindAndConnectSocket(RemoteTCPConnection.java:843)\n\t... 30 common frames omitted\n","appName":"recon-consumer-app","application":"recon-consumer-app"}
{"@timestamp":"2026-05-10T09:26:29.705140851Z","@version":"1","message":"Could not refresh JMS Connection for destination 'RECON.IN' - retrying using FixedBackOff{interval=5000, currentAttempts=14, maxAttempts=unlimited}. Cause: JMSWMQ0018: Failed to connect to queue manager 'QM1' with connection mode 'Client' and host name 'ibm-mq.recon-platform.svc.cluster.local(1414)'.; nested exception is com.ibm.mq.MQException: JMSCMQ0001: IBM MQ call failed with compcode '2' ('MQCC_FAILED') reason '2538' ('MQRC_HOST_NOT_AVAILABLE').","logger_name":"org.springframework.jms.listener.DefaultMessageListenerContainer","thread_name":"org.springframework.jms.JmsListenerEndpointContainer#1-8","level":"ERROR","level_value":40000,"stack_trace":"com.ibm.msg.client.jakarta.jms.DetailedIllegalStateException: JMSWMQ0018: Failed to connect to queue manager 'QM1' with connection mode 'Client' and host name 'ibm-mq.recon-platform.svc.cluster.local(1414)'.\n\tat com.ibm.msg.client.jakarta.wmq.common.internal.Reason.reasonToException(Reason.java:489)\n\tat com.ibm.msg.client.jakarta.wmq.common.internal.Reason.createException(Reason.java:215)\n\tat com.ibm.msg.client.jakarta.wmq.internal.WMQConnection.<init>(WMQConnection.java:482)\n\tat com.ibm.msg.client.jakarta.wmq.factories.WMQConnectionFactory.createV7ProviderConnection(WMQConnectionFactory.java:9009)\n\tat com.ibm.msg.client.jakarta.wmq.factories.WMQConnectionFactory.createProviderConnection(WMQConnectionFactory.java:8349)\n\tat com.ibm.msg.client.jakarta.jms.admin.JmsConnectionFactoryImpl._createConnection(JmsConnectionFactoryImpl.java:322)\n\tat com.ibm.msg.client.jakarta.jms.admin.JmsConnectionFactoryImpl.createConnection(JmsConnectionFactoryImpl.java:242)\n\tat com.ibm.mq.jakarta.jms.MQConnectionFactory.createCommonConnection(MQConnectionFactory.java:6193)\n\tat com.ibm.mq.jakarta.jms.MQConnectionFactory.createConnection(MQConnectionFactory.java:6222)\n\tat org.springframework.jms.connection.SingleConnectionFactory.doCreateConnection(SingleConnectionFactory.java:452)\n\tat org.springframework.jms.connection.SingleConnectionFactory.initConnection(SingleConnectionFactory.java:414)\n\tat org.springframework.jms.connection.SingleConnectionFactory.getConnection(SingleConnectionFactory.java:328)\n\tat org.springframework.jms.connection.SingleConnectionFactory.createConnection(SingleConnectionFactory.java:243)\n\tat org.springframework.jms.support.JmsAccessor.createConnection(JmsAccessor.java:211)\n\tat org.springframework.jms.listener.AbstractJmsListeningContainer.createSharedConnection(AbstractJmsListeningContainer.java:405)\n\tat org.springframework.jms.listener.AbstractJmsListeningContainer.refreshSharedConnection(AbstractJmsListeningContainer.java:390)\n\tat org.springframework.jms.listener.DefaultMessageListenerContainer.refreshConnectionUntilSuccessful(DefaultMessageListenerContainer.java:1004)\n\tat org.springframework.jms.listener.DefaultMessageListenerContainer.recoverAfterListenerSetupFailure(DefaultMessageListenerContainer.java:978)\n\tat org.springframework.jms.listener.DefaultMessageListenerContainer$AsyncMessageListenerInvoker.run(DefaultMessageListenerContainer.java:1166)\n\tat java.base/java.lang.Thread.run(Unknown Source)\nCaused by: com.ibm.mq.MQException: JMSCMQ0001: IBM MQ call failed with compcode '2' ('MQCC_FAILED') reason '2538' ('MQRC_HOST_NOT_AVAILABLE').\n\tat com.ibm.msg.client.jakarta.wmq.common.internal.Reason.createException(Reason.java:203)\n\t... 18 common frames omitted\nCaused by: com.ibm.mq.jmqi.JmqiException: CC=2;RC=2538;AMQ9204: Connection to host 'ibm-mq.recon-platform.svc.cluster.local(1414)' rejected. [1=com.ibm.mq.jmqi.JmqiException[CC=2;RC=2538;AMQ9204: Connection to host 'ibm-mq.recon-platform.svc.cluster.local/10.100.195.132:1414' rejected. [1=java.net.ConnectException[Connection refused],3=ibm-mq.recon-platform.svc.cluster.local/10.100.195.132:1414,4=TCP,5=Socket.connect]],3=ibm-mq.recon-platform.svc.cluster.local(1414),4=,5=RemoteTCPConnection.bindAndConnectSocket]\n\tat com.ibm.mq.jmqi.remote.api.RemoteFAP$Connector.jmqiConnect(RemoteFAP.java:13687)\n\tat com.ibm.mq.jmqi.remote.api.RemoteFAP$Connector.access$100(RemoteFAP.java:13202)\n\tat com.ibm.mq.jmqi.remote.api.RemoteFAP.jmqiConnect(RemoteFAP.java:1451)\n\tat com.ibm.mq.jmqi.remote.api.RemoteFAP.jmqiConnect(RemoteFAP.java:1392)\n\tat com.ibm.mq.ese.jmqi.InterceptedJmqiImpl.jmqiConnect(InterceptedJmqiImpl.java:377)\n\tat com.ibm.mq.ese.jmqi.ESEJMQI.jmqiConnect(ESEJMQI.java:562)\n\tat com.ibm.msg.client.jakarta.wmq.internal.WMQConnection.<init>(WMQConnection.java:415)\n\t... 17 common frames omitted\nCaused by: com.ibm.mq.jmqi.JmqiException: CC=2;RC=2538;AMQ9204: Connection to host 'ibm-mq.recon-platform.svc.cluster.local/10.100.195.132:1414' rejected. [1=java.net.ConnectException[Connection refused],3=ibm-mq.recon-platform.svc.cluster.local/10.100.195.132:1414,4=TCP,5=Socket.connect]\n\tat com.ibm.mq.jmqi.remote.impl.RemoteTCPConnection.bindAndConnectSocket(RemoteTCPConnection.java:937)\n\tat com.ibm.mq.jmqi.remote.impl.RemoteTCPConnection.protocolConnect(RemoteTCPConnection.java:1511)\n\tat com.ibm.mq.jmqi.remote.impl.RemoteConnection.connect(RemoteConnection.java:1014)\n\tat com.ibm.mq.jmqi.remote.impl.RemoteConnectionSpecification.getNewConnection(RemoteConnectionSpecification.java:691)\n\tat com.ibm.mq.jmqi.remote.impl.RemoteConnectionSpecification.getSessionFromNewConnection(RemoteConnectionSpecification.java:283)\n\tat com.ibm.mq.jmqi.remote.impl.RemoteConnectionSpecification.getSession(RemoteConnectionSpecification.java:170)\n\tat com.ibm.mq.jmqi.remote.impl.RemoteConnectionPool.getSession(RemoteConnectionPool.java:128)\n\tat com.ibm.mq.jmqi.remote.api.RemoteFAP$Connector.jmqiConnect(RemoteFAP.java:13411)\n\t... 23 common frames omitted\nCaused by: java.net.ConnectException: Connection refused\n\tat java.base/sun.nio.ch.Net.connect0(Native Method)\n\tat java.base/sun.nio.ch.Net.connect(Unknown Source)\n\tat java.base/sun.nio.ch.Net.connect(Unknown Source)\n\tat java.base/sun.nio.ch.NioSocketImpl.connect(Unknown Source)\n\tat java.base/java.net.SocksSocketImpl.connect(Unknown Source)\n\tat java.base/java.net.Socket.connect(Unknown Source)\n\tat java.base/java.net.Socket.connect(Unknown Source)\n\tat com.ibm.mq.jmqi.remote.impl.RemoteTCPConnection$4.run(RemoteTCPConnection.java:1111)\n\tat com.ibm.mq.jmqi.remote.impl.RemoteTCPConnection$4.run(RemoteTCPConnection.java:1103)\n\tat java.base/java.security.AccessController.doPrivileged(Unknown Source)\n\tat com.ibm.mq.jmqi.remote.impl.RemoteTCPConnection.connectSocket(RemoteTCPConnection.java:1103)\n\tat com.ibm.mq.jmqi.remote.impl.RemoteTCPConnection.bindAndConnectSocket(RemoteTCPConnection.java:843)\n\t... 30 common frames omitted\n","appName":"recon-consumer-app","application":"recon-consumer-app"}
{"@timestamp":"2026-05-10T09:26:33.705106798Z","@version":"1","message":"Could not refresh JMS Connection for destination 'RECON.RETRY' - retrying using FixedBackOff{interval=5000, currentAttempts=15, maxAttempts=unlimited}. Cause: JMSWMQ0018: Failed to connect to queue manager 'QM1' with connection mode 'Client' and host name 'ibm-mq.recon-platform.svc.cluster.local(1414)'.; nested exception is com.ibm.mq.MQException: JMSCMQ0001: IBM MQ call failed with compcode '2' ('MQCC_FAILED') reason '2538' ('MQRC_HOST_NOT_AVAILABLE').","logger_name":"org.springframework.jms.listener.DefaultMessageListenerContainer","thread_name":"org.springframework.jms.JmsListenerEndpointContainer#2-2","level":"ERROR","level_value":40000,"stack_trace":"com.ibm.msg.client.jakarta.jms.DetailedIllegalStateException: JMSWMQ0018: Failed to connect to queue manager 'QM1' with connection mode 'Client' and host name 'ibm-mq.recon-platform.svc.cluster.local(1414)'.\n\tat com.ibm.msg.client.jakarta.wmq.common.internal.Reason.reasonToException(Reason.java:489)\n\tat com.ibm.msg.client.jakarta.wmq.common.internal.Reason.createException(Reason.java:215)\n\tat com.ibm.msg.client.jakarta.wmq.internal.WMQConnection.<init>(WMQConnection.java:482)\n\tat com.ibm.msg.client.jakarta.wmq.factories.WMQConnectionFactory.createV7ProviderConnection(WMQConnectionFactory.java:9009)\n\tat com.ibm.msg.client.jakarta.wmq.factories.WMQConnectionFactory.createProviderConnection(WMQConnectionFactory.java:8349)\n\tat com.ibm.msg.client.jakarta.jms.admin.JmsConnectionFactoryImpl._createConnection(JmsConnectionFactoryImpl.java:322)\n\tat com.ibm.msg.client.jakarta.jms.admin.JmsConnectionFactoryImpl.createConnection(JmsConnectionFactoryImpl.java:242)\n\tat com.ibm.mq.jakarta.jms.MQConnectionFactory.createCommonConnection(MQConnectionFactory.java:6193)\n\tat com.ibm.mq.jakarta.jms.MQConnectionFactory.createConnection(MQConnectionFactory.java:6222)\n\tat org.springframework.jms.connection.SingleConnectionFactory.doCreateConnection(SingleConnectionFactory.java:452)\n\tat org.springframework.jms.connection.SingleConnectionFactory.initConnection(SingleConnectionFactory.java:414)\n\tat org.springframework.jms.connection.SingleConnectionFactory.getConnection(SingleConnectionFactory.java:328)\n\tat org.springframework.jms.connection.SingleConnectionFactory.createConnection(SingleConnectionFactory.java:243)\n\tat org.springframework.jms.support.JmsAccessor.createConnection(JmsAccessor.java:211)\n\tat org.springframework.jms.listener.AbstractJmsListeningContainer.createSharedConnection(AbstractJmsListeningContainer.java:405)\n\tat org.springframework.jms.listener.AbstractJmsListeningContainer.refreshSharedConnection(AbstractJmsListeningContainer.java:390)\n\tat org.springframework.jms.listener.DefaultMessageListenerContainer.refreshConnectionUntilSuccessful(DefaultMessageListenerContainer.java:1004)\n\tat org.springframework.jms.listener.DefaultMessageListenerContainer.recoverAfterListenerSetupFailure(DefaultMessageListenerContainer.java:978)\n\tat org.springframework.jms.listener.DefaultMessageListenerContainer$AsyncMessageListenerInvoker.run(DefaultMessageListenerContainer.java:1166)\n\tat java.base/java.lang.Thread.run(Unknown Source)\nCaused by: com.ibm.mq.MQException: JMSCMQ0001: IBM MQ call failed with compcode '2' ('MQCC_FAILED') reason '2538' ('MQRC_HOST_NOT_AVAILABLE').\n\tat com.ibm.msg.client.jakarta.wmq.common.internal.Reason.createException(Reason.java:203)\n\t... 18 common frames omitted\nCaused by: com.ibm.mq.jmqi.JmqiException: CC=2;RC=2538;AMQ9204: Connection to host 'ibm-mq.recon-platform.svc.cluster.local(1414)' rejected. [1=com.ibm.mq.jmqi.JmqiException[CC=2;RC=2538;AMQ9204: Connection to host 'ibm-mq.recon-platform.svc.cluster.local/10.100.195.132:1414' rejected. [1=java.net.ConnectException[Connection refused],3=ibm-mq.recon-platform.svc.cluster.local/10.100.195.132:1414,4=TCP,5=Socket.connect]],3=ibm-mq.recon-platform.svc.cluster.local(1414),4=,5=RemoteTCPConnection.bindAndConnectSocket]\n\tat com.ibm.mq.jmqi.remote.api.RemoteFAP$Connector.jmqiConnect(RemoteFAP.java:13687)\n\tat com.ibm.mq.jmqi.remote.api.RemoteFAP$Connector.access$100(RemoteFAP.java:13202)\n\tat com.ibm.mq.jmqi.remote.api.RemoteFAP.jmqiConnect(RemoteFAP.java:1451)\n\tat com.ibm.mq.jmqi.remote.api.RemoteFAP.jmqiConnect(RemoteFAP.java:1392)\n\tat com.ibm.mq.ese.jmqi.InterceptedJmqiImpl.jmqiConnect(InterceptedJmqiImpl.java:377)\n\tat com.ibm.mq.ese.jmqi.ESEJMQI.jmqiConnect(ESEJMQI.java:562)\n\tat com.ibm.msg.client.jakarta.wmq.internal.WMQConnection.<init>(WMQConnection.java:415)\n\t... 17 common frames omitted\nCaused by: com.ibm.mq.jmqi.JmqiException: CC=2;RC=2538;AMQ9204: Connection to host 'ibm-mq.recon-platform.svc.cluster.local/10.100.195.132:1414' rejected. [1=java.net.ConnectException[Connection refused],3=ibm-mq.recon-platform.svc.cluster.local/10.100.195.132:1414,4=TCP,5=Socket.connect]\n\tat com.ibm.mq.jmqi.remote.impl.RemoteTCPConnection.bindAndConnectSocket(RemoteTCPConnection.java:937)\n\tat com.ibm.mq.jmqi.remote.impl.RemoteTCPConnection.protocolConnect(RemoteTCPConnection.java:1511)\n\tat com.ibm.mq.jmqi.remote.impl.RemoteConnection.connect(RemoteConnection.java:1014)\n\tat com.ibm.mq.jmqi.remote.impl.RemoteConnectionSpecification.getNewConnection(RemoteConnectionSpecification.java:691)\n\tat com.ibm.mq.jmqi.remote.impl.RemoteConnectionSpecification.getSessionFromNewConnection(RemoteConnectionSpecification.java:283)\n\tat com.ibm.mq.jmqi.remote.impl.RemoteConnectionSpecification.getSession(RemoteConnectionSpecification.java:170)\n\tat com.ibm.mq.jmqi.remote.impl.RemoteConnectionPool.getSession(RemoteConnectionPool.java:128)\n\tat com.ibm.mq.jmqi.remote.api.RemoteFAP$Connector.jmqiConnect(RemoteFAP.java:13411)\n\t... 23 common frames omitted\nCaused by: java.net.ConnectException: Connection refused\n\tat java.base/sun.nio.ch.Net.connect0(Native Method)\n\tat java.base/sun.nio.ch.Net.connect(Unknown Source)\n\tat java.base/sun.nio.ch.Net.connect(Unknown Source)\n\tat java.base/sun.nio.ch.NioSocketImpl.connect(Unknown Source)\n\tat java.base/java.net.SocksSocketImpl.connect(Unknown Source)\n\tat java.base/java.net.Socket.connect(Unknown Source)\n\tat java.base/java.net.Socket.connect(Unknown Source)\n\tat com.ibm.mq.jmqi.remote.impl.RemoteTCPConnection$4.run(RemoteTCPConnection.java:1111)\n\tat com.ibm.mq.jmqi.remote.impl.RemoteTCPConnection$4.run(RemoteTCPConnection.java:1103)\n\tat java.base/java.security.AccessController.doPrivileged(Unknown Source)\n\tat com.ibm.mq.jmqi.remote.impl.RemoteTCPConnection.connectSocket(RemoteTCPConnection.java:1103)\n\tat com.ibm.mq.jmqi.remote.impl.RemoteTCPConnection.bindAndConnectSocket(RemoteTCPConnection.java:843)\n\t... 30 common frames omitted\n","appName":"recon-consumer-app","application":"recon-consumer-app"}
{"@timestamp":"2026-05-10T09:26:34.745141024Z","@version":"1","message":"Could not refresh JMS Connection for destination 'SYSTEM.DEAD.LETTER.QUEUE' - retrying using FixedBackOff{interval=5000, currentAttempts=15, maxAttempts=unlimited}. Cause: JMSWMQ0018: Failed to connect to queue manager 'QM1' with connection mode 'Client' and host name 'ibm-mq.recon-platform.svc.cluster.local(1414)'.; nested exception is com.ibm.mq.MQException: JMSCMQ0001: IBM MQ call failed with compcode '2' ('MQCC_FAILED') reason '2538' ('MQRC_HOST_NOT_AVAILABLE').","logger_name":"org.springframework.jms.listener.DefaultMessageListenerContainer","thread_name":"org.springframework.jms.JmsListenerEndpointContainer#0-1","level":"ERROR","level_value":40000,"stack_trace":"com.ibm.msg.client.jakarta.jms.DetailedIllegalStateException: JMSWMQ0018: Failed to connect to queue manager 'QM1' with connection mode 'Client' and host name 'ibm-mq.recon-platform.svc.cluster.local(1414)'.\n\tat com.ibm.msg.client.jakarta.wmq.common.internal.Reason.reasonToException(Reason.java:489)\n\tat com.ibm.msg.client.jakarta.wmq.common.internal.Reason.createException(Reason.java:215)\n\tat com.ibm.msg.client.jakarta.wmq.internal.WMQConnection.<init>(WMQConnection.java:482)\n\tat com.ibm.msg.client.jakarta.wmq.factories.WMQConnectionFactory.createV7ProviderConnection(WMQConnectionFactory.java:9009)\n\tat com.ibm.msg.client.jakarta.wmq.factories.WMQConnectionFactory.createProviderConnection(WMQConnectionFactory.java:8349)\n\tat com.ibm.msg.client.jakarta.jms.admin.JmsConnectionFactoryImpl._createConnection(JmsConnectionFactoryImpl.java:322)\n\tat com.ibm.msg.client.jakarta.jms.admin.JmsConnectionFactoryImpl.createConnection(JmsConnectionFactoryImpl.java:242)\n\tat com.ibm.mq.jakarta.jms.MQConnectionFactory.createCommonConnection(MQConnectionFactory.java:6193)\n\tat com.ibm.mq.jakarta.jms.MQConnectionFactory.createConnection(MQConnectionFactory.java:6222)\n\tat org.springframework.jms.connection.SingleConnectionFactory.doCreateConnection(SingleConnectionFactory.java:452)\n\tat org.springframework.jms.connection.SingleConnectionFactory.initConnection(SingleConnectionFactory.java:414)\n\tat org.springframework.jms.connection.SingleConnectionFactory.getConnection(SingleConnectionFactory.java:328)\n\tat org.springframework.jms.connection.SingleConnectionFactory.createConnection(SingleConnectionFactory.java:243)\n\tat org.springframework.jms.support.JmsAccessor.createConnection(JmsAccessor.java:211)\n\tat org.springframework.jms.listener.AbstractJmsListeningContainer.createSharedConnection(AbstractJmsListeningContainer.java:405)\n\tat org.springframework.jms.listener.AbstractJmsListeningContainer.refreshSharedConnection(AbstractJmsListeningContainer.java:390)\n\tat org.springframework.jms.listener.DefaultMessageListenerContainer.refreshConnectionUntilSuccessful(DefaultMessageListenerContainer.java:1004)\n\tat org.springframework.jms.listener.DefaultMessageListenerContainer.recoverAfterListenerSetupFailure(DefaultMessageListenerContainer.java:978)\n\tat org.springframework.jms.listener.DefaultMessageListenerContainer$AsyncMessageListenerInvoker.run(DefaultMessageListenerContainer.java:1166)\n\tat java.base/java.lang.Thread.run(Unknown Source)\nCaused by: com.ibm.mq.MQException: JMSCMQ0001: IBM MQ call failed with compcode '2' ('MQCC_FAILED') reason '2538' ('MQRC_HOST_NOT_AVAILABLE').\n\tat com.ibm.msg.client.jakarta.wmq.common.internal.Reason.createException(Reason.java:203)\n\t... 18 common frames omitted\nCaused by: com.ibm.mq.jmqi.JmqiException: CC=2;RC=2538;AMQ9204: Connection to host 'ibm-mq.recon-platform.svc.cluster.local(1414)' rejected. [1=com.ibm.mq.jmqi.JmqiException[CC=2;RC=2538;AMQ9204: Connection to host 'ibm-mq.recon-platform.svc.cluster.local/10.100.195.132:1414' rejected. [1=java.net.ConnectException[Connection refused],3=ibm-mq.recon-platform.svc.cluster.local/10.100.195.132:1414,4=TCP,5=Socket.connect]],3=ibm-mq.recon-platform.svc.cluster.local(1414),4=,5=RemoteTCPConnection.bindAndConnectSocket]\n\tat com.ibm.mq.jmqi.remote.api.RemoteFAP$Connector.jmqiConnect(RemoteFAP.java:13687)\n\tat com.ibm.mq.jmqi.remote.api.RemoteFAP$Connector.access$100(RemoteFAP.java:13202)\n\tat com.ibm.mq.jmqi.remote.api.RemoteFAP.jmqiConnect(RemoteFAP.java:1451)\n\tat com.ibm.mq.jmqi.remote.api.RemoteFAP.jmqiConnect(RemoteFAP.java:1392)\n\tat com.ibm.mq.ese.jmqi.InterceptedJmqiImpl.jmqiConnect(InterceptedJmqiImpl.java:377)\n\tat com.ibm.mq.ese.jmqi.ESEJMQI.jmqiConnect(ESEJMQI.java:562)\n\tat com.ibm.msg.client.jakarta.wmq.internal.WMQConnection.<init>(WMQConnection.java:415)\n\t... 17 common frames omitted\nCaused by: com.ibm.mq.jmqi.JmqiException: CC=2;RC=2538;AMQ9204: Connection to host 'ibm-mq.recon-platform.svc.cluster.local/10.100.195.132:1414' rejected. [1=java.net.ConnectException[Connection refused],3=ibm-mq.recon-platform.svc.cluster.local/10.100.195.132:1414,4=TCP,5=Socket.connect]\n\tat com.ibm.mq.jmqi.remote.impl.RemoteTCPConnection.bindAndConnectSocket(RemoteTCPConnection.java:937)\n\tat com.ibm.mq.jmqi.remote.impl.RemoteTCPConnection.protocolConnect(RemoteTCPConnection.java:1511)\n\tat com.ibm.mq.jmqi.remote.impl.RemoteConnection.connect(RemoteConnection.java:1014)\n\tat com.ibm.mq.jmqi.remote.impl.RemoteConnectionSpecification.getNewConnection(RemoteConnectionSpecification.java:691)\n\tat com.ibm.mq.jmqi.remote.impl.RemoteConnectionSpecification.getSessionFromNewConnection(RemoteConnectionSpecification.java:283)\n\tat com.ibm.mq.jmqi.remote.impl.RemoteConnectionSpecification.getSession(RemoteConnectionSpecification.java:170)\n\tat com.ibm.mq.jmqi.remote.impl.RemoteConnectionPool.getSession(RemoteConnectionPool.java:128)\n\tat com.ibm.mq.jmqi.remote.api.RemoteFAP$Connector.jmqiConnect(RemoteFAP.java:13411)\n\t... 23 common frames omitted\nCaused by: java.net.ConnectException: Connection refused\n\tat java.base/sun.nio.ch.Net.connect0(Native Method)\n\tat java.base/sun.nio.ch.Net.connect(Unknown Source)\n\tat java.base/sun.nio.ch.Net.connect(Unknown Source)\n\tat java.base/sun.nio.ch.NioSocketImpl.connect(Unknown Source)\n\tat java.base/java.net.SocksSocketImpl.connect(Unknown Source)\n\tat java.base/java.net.Socket.connect(Unknown Source)\n\tat java.base/java.net.Socket.connect(Unknown Source)\n\tat com.ibm.mq.jmqi.remote.impl.RemoteTCPConnection$4.run(RemoteTCPConnection.java:1111)\n\tat com.ibm.mq.jmqi.remote.impl.RemoteTCPConnection$4.run(RemoteTCPConnection.java:1103)\n\tat java.base/java.security.AccessController.doPrivileged(Unknown Source)\n\tat com.ibm.mq.jmqi.remote.impl.RemoteTCPConnection.connectSocket(RemoteTCPConnection.java:1103)\n\tat com.ibm.mq.jmqi.remote.impl.RemoteTCPConnection.bindAndConnectSocket(RemoteTCPConnection.java:843)\n\t... 30 common frames omitted\n","appName":"recon-consumer-app","application":"recon-consumer-app"}
{"@timestamp":"2026-05-10T09:26:35.785117105Z","@version":"1","message":"Could not refresh JMS Connection for destination 'RECON.IN' - retrying using FixedBackOff{interval=5000, currentAttempts=15, maxAttempts=unlimited}. Cause: JMSWMQ0018: Failed to connect to queue manager 'QM1' with connection mode 'Client' and host name 'ibm-mq.recon-platform.svc.cluster.local(1414)'.; nested exception is com.ibm.mq.MQException: JMSCMQ0001: IBM MQ call failed with compcode '2' ('MQCC_FAILED') reason '2538' ('MQRC_HOST_NOT_AVAILABLE').","logger_name":"org.springframework.jms.listener.DefaultMessageListenerContainer","thread_name":"org.springframework.jms.JmsListenerEndpointContainer#1-8","level":"ERROR","level_value":40000,"stack_trace":"com.ibm.msg.client.jakarta.jms.DetailedIllegalStateException: JMSWMQ0018: Failed to connect to queue manager 'QM1' with connection mode 'Client' and host name 'ibm-mq.recon-platform.svc.cluster.local(1414)'.\n\tat com.ibm.msg.client.jakarta.wmq.common.internal.Reason.reasonToException(Reason.java:489)\n\tat com.ibm.msg.client.jakarta.wmq.common.internal.Reason.createException(Reason.java:215)\n\tat com.ibm.msg.client.jakarta.wmq.internal.WMQConnection.<init>(WMQConnection.java:482)\n\tat com.ibm.msg.client.jakarta.wmq.factories.WMQConnectionFactory.createV7ProviderConnection(WMQConnectionFactory.java:9009)\n\tat com.ibm.msg.client.jakarta.wmq.factories.WMQConnectionFactory.createProviderConnection(WMQConnectionFactory.java:8349)\n\tat com.ibm.msg.client.jakarta.jms.admin.JmsConnectionFactoryImpl._createConnection(JmsConnectionFactoryImpl.java:322)\n\tat com.ibm.msg.client.jakarta.jms.admin.JmsConnectionFactoryImpl.createConnection(JmsConnectionFactoryImpl.java:242)\n\tat com.ibm.mq.jakarta.jms.MQConnectionFactory.createCommonConnection(MQConnectionFactory.java:6193)\n\tat com.ibm.mq.jakarta.jms.MQConnectionFactory.createConnection(MQConnectionFactory.java:6222)\n\tat org.springframework.jms.connection.SingleConnectionFactory.doCreateConnection(SingleConnectionFactory.java:452)\n\tat org.springframework.jms.connection.SingleConnectionFactory.initConnection(SingleConnectionFactory.java:414)\n\tat org.springframework.jms.connection.SingleConnectionFactory.getConnection(SingleConnectionFactory.java:328)\n\tat org.springframework.jms.connection.SingleConnectionFactory.createConnection(SingleConnectionFactory.java:243)\n\tat org.springframework.jms.support.JmsAccessor.createConnection(JmsAccessor.java:211)\n\tat org.springframework.jms.listener.AbstractJmsListeningContainer.createSharedConnection(AbstractJmsListeningContainer.java:405)\n\tat org.springframework.jms.listener.AbstractJmsListeningContainer.refreshSharedConnection(AbstractJmsListeningContainer.java:390)\n\tat org.springframework.jms.listener.DefaultMessageListenerContainer.refreshConnectionUntilSuccessful(DefaultMessageListenerContainer.java:1004)\n\tat org.springframework.jms.listener.DefaultMessageListenerContainer.recoverAfterListenerSetupFailure(DefaultMessageListenerContainer.java:978)\n\tat org.springframework.jms.listener.DefaultMessageListenerContainer$AsyncMessageListenerInvoker.run(DefaultMessageListenerContainer.java:1166)\n\tat java.base/java.lang.Thread.run(Unknown Source)\nCaused by: com.ibm.mq.MQException: JMSCMQ0001: IBM MQ call failed with compcode '2' ('MQCC_FAILED') reason '2538' ('MQRC_HOST_NOT_AVAILABLE').\n\tat com.ibm.msg.client.jakarta.wmq.common.internal.Reason.createException(Reason.java:203)\n\t... 18 common frames omitted\nCaused by: com.ibm.mq.jmqi.JmqiException: CC=2;RC=2538;AMQ9204: Connection to host 'ibm-mq.recon-platform.svc.cluster.local(1414)' rejected. [1=com.ibm.mq.jmqi.JmqiException[CC=2;RC=2538;AMQ9204: Connection to host 'ibm-mq.recon-platform.svc.cluster.local/10.100.195.132:1414' rejected. [1=java.net.ConnectException[Connection refused],3=ibm-mq.recon-platform.svc.cluster.local/10.100.195.132:1414,4=TCP,5=Socket.connect]],3=ibm-mq.recon-platform.svc.cluster.local(1414),4=,5=RemoteTCPConnection.bindAndConnectSocket]\n\tat com.ibm.mq.jmqi.remote.api.RemoteFAP$Connector.jmqiConnect(RemoteFAP.java:13687)\n\tat com.ibm.mq.jmqi.remote.api.RemoteFAP$Connector.access$100(RemoteFAP.java:13202)\n\tat com.ibm.mq.jmqi.remote.api.RemoteFAP.jmqiConnect(RemoteFAP.java:1451)\n\tat com.ibm.mq.jmqi.remote.api.RemoteFAP.jmqiConnect(RemoteFAP.java:1392)\n\tat com.ibm.mq.ese.jmqi.InterceptedJmqiImpl.jmqiConnect(InterceptedJmqiImpl.java:377)\n\tat com.ibm.mq.ese.jmqi.ESEJMQI.jmqiConnect(ESEJMQI.java:562)\n\tat com.ibm.msg.client.jakarta.wmq.internal.WMQConnection.<init>(WMQConnection.java:415)\n\t... 17 common frames omitted\nCaused by: com.ibm.mq.jmqi.JmqiException: CC=2;RC=2538;AMQ9204: Connection to host 'ibm-mq.recon-platform.svc.cluster.local/10.100.195.132:1414' rejected. [1=java.net.ConnectException[Connection refused],3=ibm-mq.recon-platform.svc.cluster.local/10.100.195.132:1414,4=TCP,5=Socket.connect]\n\tat com.ibm.mq.jmqi.remote.impl.RemoteTCPConnection.bindAndConnectSocket(RemoteTCPConnection.java:937)\n\tat com.ibm.mq.jmqi.remote.impl.RemoteTCPConnection.protocolConnect(RemoteTCPConnection.java:1511)\n\tat com.ibm.mq.jmqi.remote.impl.RemoteConnection.connect(RemoteConnection.java:1014)\n\tat com.ibm.mq.jmqi.remote.impl.RemoteConnectionSpecification.getNewConnection(RemoteConnectionSpecification.java:691)\n\tat com.ibm.mq.jmqi.remote.impl.RemoteConnectionSpecification.getSessionFromNewConnection(RemoteConnectionSpecification.java:283)\n\tat com.ibm.mq.jmqi.remote.impl.RemoteConnectionSpecification.getSession(RemoteConnectionSpecification.java:170)\n\tat com.ibm.mq.jmqi.remote.impl.RemoteConnectionPool.getSession(RemoteConnectionPool.java:128)\n\tat com.ibm.mq.jmqi.remote.api.RemoteFAP$Connector.jmqiConnect(RemoteFAP.java:13411)\n\t... 23 common frames omitted\nCaused by: java.net.ConnectException: Connection refused\n\tat java.base/sun.nio.ch.Net.connect0(Native Method)\n\tat java.base/sun.nio.ch.Net.connect(Unknown Source)\n\tat java.base/sun.nio.ch.Net.connect(Unknown Source)\n\tat java.base/sun.nio.ch.NioSocketImpl.connect(Unknown Source)\n\tat java.base/java.net.SocksSocketImpl.connect(Unknown Source)\n\tat java.base/java.net.Socket.connect(Unknown Source)\n\tat java.base/java.net.Socket.connect(Unknown Source)\n\tat com.ibm.mq.jmqi.remote.impl.RemoteTCPConnection$4.run(RemoteTCPConnection.java:1111)\n\tat com.ibm.mq.jmqi.remote.impl.RemoteTCPConnection$4.run(RemoteTCPConnection.java:1103)\n\tat java.base/java.security.AccessController.doPrivileged(Unknown Source)\n\tat com.ibm.mq.jmqi.remote.impl.RemoteTCPConnection.connectSocket(RemoteTCPConnection.java:1103)\n\tat com.ibm.mq.jmqi.remote.impl.RemoteTCPConnection.bindAndConnectSocket(RemoteTCPConnection.java:843)\n\t... 30 common frames omitted\n","appName":"recon-consumer-app","application":"recon-consumer-app"}
{"@timestamp":"2026-05-10T09:26:39.785436656Z","@version":"1","message":"Could not refresh JMS Connection for destination 'RECON.RETRY' - retrying using FixedBackOff{interval=5000, currentAttempts=16, maxAttempts=unlimited}. Cause: JMSWMQ0018: Failed to connect to queue manager 'QM1' with connection mode 'Client' and host name 'ibm-mq.recon-platform.svc.cluster.local(1414)'.; nested exception is com.ibm.mq.MQException: JMSCMQ0001: IBM MQ call failed with compcode '2' ('MQCC_FAILED') reason '2538' ('MQRC_HOST_NOT_AVAILABLE').","logger_name":"org.springframework.jms.listener.DefaultMessageListenerContainer","thread_name":"org.springframework.jms.JmsListenerEndpointContainer#2-2","level":"ERROR","level_value":40000,"stack_trace":"com.ibm.msg.client.jakarta.jms.DetailedIllegalStateException: JMSWMQ0018: Failed to connect to queue manager 'QM1' with connection mode 'Client' and host name 'ibm-mq.recon-platform.svc.cluster.local(1414)'.\n\tat com.ibm.msg.client.jakarta.wmq.common.internal.Reason.reasonToException(Reason.java:489)\n\tat com.ibm.msg.client.jakarta.wmq.common.internal.Reason.createException(Reason.java:215)\n\tat com.ibm.msg.client.jakarta.wmq.internal.WMQConnection.<init>(WMQConnection.java:482)\n\tat com.ibm.msg.client.jakarta.wmq.factories.WMQConnectionFactory.createV7ProviderConnection(WMQConnectionFactory.java:9009)\n\tat com.ibm.msg.client.jakarta.wmq.factories.WMQConnectionFactory.createProviderConnection(WMQConnectionFactory.java:8349)\n\tat com.ibm.msg.client.jakarta.jms.admin.JmsConnectionFactoryImpl._createConnection(JmsConnectionFactoryImpl.java:322)\n\tat com.ibm.msg.client.jakarta.jms.admin.JmsConnectionFactoryImpl.createConnection(JmsConnectionFactoryImpl.java:242)\n\tat com.ibm.mq.jakarta.jms.MQConnectionFactory.createCommonConnection(MQConnectionFactory.java:6193)\n\tat com.ibm.mq.jakarta.jms.MQConnectionFactory.createConnection(MQConnectionFactory.java:6222)\n\tat org.springframework.jms.connection.SingleConnectionFactory.doCreateConnection(SingleConnectionFactory.java:452)\n\tat org.springframework.jms.connection.SingleConnectionFactory.initConnection(SingleConnectionFactory.java:414)\n\tat org.springframework.jms.connection.SingleConnectionFactory.getConnection(SingleConnectionFactory.java:328)\n\tat org.springframework.jms.connection.SingleConnectionFactory.createConnection(SingleConnectionFactory.java:243)\n\tat org.springframework.jms.support.JmsAccessor.createConnection(JmsAccessor.java:211)\n\tat org.springframework.jms.listener.AbstractJmsListeningContainer.createSharedConnection(AbstractJmsListeningContainer.java:405)\n\tat org.springframework.jms.listener.AbstractJmsListeningContainer.refreshSharedConnection(AbstractJmsListeningContainer.java:390)\n\tat org.springframework.jms.listener.DefaultMessageListenerContainer.refreshConnectionUntilSuccessful(DefaultMessageListenerContainer.java:1004)\n\tat org.springframework.jms.listener.DefaultMessageListenerContainer.recoverAfterListenerSetupFailure(DefaultMessageListenerContainer.java:978)\n\tat org.springframework.jms.listener.DefaultMessageListenerContainer$AsyncMessageListenerInvoker.run(DefaultMessageListenerContainer.java:1166)\n\tat java.base/java.lang.Thread.run(Unknown Source)\nCaused by: com.ibm.mq.MQException: JMSCMQ0001: IBM MQ call failed with compcode '2' ('MQCC_FAILED') reason '2538' ('MQRC_HOST_NOT_AVAILABLE').\n\tat com.ibm.msg.client.jakarta.wmq.common.internal.Reason.createException(Reason.java:203)\n\t... 18 common frames omitted\nCaused by: com.ibm.mq.jmqi.JmqiException: CC=2;RC=2538;AMQ9204: Connection to host 'ibm-mq.recon-platform.svc.cluster.local(1414)' rejected. [1=com.ibm.mq.jmqi.JmqiException[CC=2;RC=2538;AMQ9204: Connection to host 'ibm-mq.recon-platform.svc.cluster.local/10.100.195.132:1414' rejected. [1=java.net.ConnectException[Connection refused],3=ibm-mq.recon-platform.svc.cluster.local/10.100.195.132:1414,4=TCP,5=Socket.connect]],3=ibm-mq.recon-platform.svc.cluster.local(1414),4=,5=RemoteTCPConnection.bindAndConnectSocket]\n\tat com.ibm.mq.jmqi.remote.api.RemoteFAP$Connector.jmqiConnect(RemoteFAP.java:13687)\n\tat com.ibm.mq.jmqi.remote.api.RemoteFAP$Connector.access$100(RemoteFAP.java:13202)\n\tat com.ibm.mq.jmqi.remote.api.RemoteFAP.jmqiConnect(RemoteFAP.java:1451)\n\tat com.ibm.mq.jmqi.remote.api.RemoteFAP.jmqiConnect(RemoteFAP.java:1392)\n\tat com.ibm.mq.ese.jmqi.InterceptedJmqiImpl.jmqiConnect(InterceptedJmqiImpl.java:377)\n\tat com.ibm.mq.ese.jmqi.ESEJMQI.jmqiConnect(ESEJMQI.java:562)\n\tat com.ibm.msg.client.jakarta.wmq.internal.WMQConnection.<init>(WMQConnection.java:415)\n\t... 17 common frames omitted\nCaused by: com.ibm.mq.jmqi.JmqiException: CC=2;RC=2538;AMQ9204: Connection to host 'ibm-mq.recon-platform.svc.cluster.local/10.100.195.132:1414' rejected. [1=java.net.ConnectException[Connection refused],3=ibm-mq.recon-platform.svc.cluster.local/10.100.195.132:1414,4=TCP,5=Socket.connect]\n\tat com.ibm.mq.jmqi.remote.impl.RemoteTCPConnection.bindAndConnectSocket(RemoteTCPConnection.java:937)\n\tat com.ibm.mq.jmqi.remote.impl.RemoteTCPConnection.protocolConnect(RemoteTCPConnection.java:1511)\n\tat com.ibm.mq.jmqi.remote.impl.RemoteConnection.connect(RemoteConnection.java:1014)\n\tat com.ibm.mq.jmqi.remote.impl.RemoteConnectionSpecification.getNewConnection(RemoteConnectionSpecification.java:691)\n\tat com.ibm.mq.jmqi.remote.impl.RemoteConnectionSpecification.getSessionFromNewConnection(RemoteConnectionSpecification.java:283)\n\tat com.ibm.mq.jmqi.remote.impl.RemoteConnectionSpecification.getSession(RemoteConnectionSpecification.java:170)\n\tat com.ibm.mq.jmqi.remote.impl.RemoteConnectionPool.getSession(RemoteConnectionPool.java:128)\n\tat com.ibm.mq.jmqi.remote.api.RemoteFAP$Connector.jmqiConnect(RemoteFAP.java:13411)\n\t... 23 common frames omitted\nCaused by: java.net.ConnectException: Connection refused\n\tat java.base/sun.nio.ch.Net.connect0(Native Method)\n\tat java.base/sun.nio.ch.Net.connect(Unknown Source)\n\tat java.base/sun.nio.ch.Net.connect(Unknown Source)\n\tat java.base/sun.nio.ch.NioSocketImpl.connect(Unknown Source)\n\tat java.base/java.net.SocksSocketImpl.connect(Unknown Source)\n\tat java.base/java.net.Socket.connect(Unknown Source)\n\tat java.base/java.net.Socket.connect(Unknown Source)\n\tat com.ibm.mq.jmqi.remote.impl.RemoteTCPConnection$4.run(RemoteTCPConnection.java:1111)\n\tat com.ibm.mq.jmqi.remote.impl.RemoteTCPConnection$4.run(RemoteTCPConnection.java:1103)\n\tat java.base/java.security.AccessController.doPrivileged(Unknown Source)\n\tat com.ibm.mq.jmqi.remote.impl.RemoteTCPConnection.connectSocket(RemoteTCPConnection.java:1103)\n\tat com.ibm.mq.jmqi.remote.impl.RemoteTCPConnection.bindAndConnectSocket(RemoteTCPConnection.java:843)\n\t... 30 common frames omitted\n","appName":"recon-consumer-app","application":"recon-consumer-app"}
{"@timestamp":"2026-05-10T09:26:40.825489848Z","@version":"1","message":"Could not refresh JMS Connection for destination 'SYSTEM.DEAD.LETTER.QUEUE' - retrying using FixedBackOff{interval=5000, currentAttempts=16, maxAttempts=unlimited}. Cause: JMSWMQ0018: Failed to connect to queue manager 'QM1' with connection mode 'Client' and host name 'ibm-mq.recon-platform.svc.cluster.local(1414)'.; nested exception is com.ibm.mq.MQException: JMSCMQ0001: IBM MQ call failed with compcode '2' ('MQCC_FAILED') reason '2538' ('MQRC_HOST_NOT_AVAILABLE').","logger_name":"org.springframework.jms.listener.DefaultMessageListenerContainer","thread_name":"org.springframework.jms.JmsListenerEndpointContainer#0-1","level":"ERROR","level_value":40000,"stack_trace":"com.ibm.msg.client.jakarta.jms.DetailedIllegalStateException: JMSWMQ0018: Failed to connect to queue manager 'QM1' with connection mode 'Client' and host name 'ibm-mq.recon-platform.svc.cluster.local(1414)'.\n\tat com.ibm.msg.client.jakarta.wmq.common.internal.Reason.reasonToException(Reason.java:489)\n\tat com.ibm.msg.client.jakarta.wmq.common.internal.Reason.createException(Reason.java:215)\n\tat com.ibm.msg.client.jakarta.wmq.internal.WMQConnection.<init>(WMQConnection.java:482)\n\tat com.ibm.msg.client.jakarta.wmq.factories.WMQConnectionFactory.createV7ProviderConnection(WMQConnectionFactory.java:9009)\n\tat com.ibm.msg.client.jakarta.wmq.factories.WMQConnectionFactory.createProviderConnection(WMQConnectionFactory.java:8349)\n\tat com.ibm.msg.client.jakarta.jms.admin.JmsConnectionFactoryImpl._createConnection(JmsConnectionFactoryImpl.java:322)\n\tat com.ibm.msg.client.jakarta.jms.admin.JmsConnectionFactoryImpl.createConnection(JmsConnectionFactoryImpl.java:242)\n\tat com.ibm.mq.jakarta.jms.MQConnectionFactory.createCommonConnection(MQConnectionFactory.java:6193)\n\tat com.ibm.mq.jakarta.jms.MQConnectionFactory.createConnection(MQConnectionFactory.java:6222)\n\tat org.springframework.jms.connection.SingleConnectionFactory.doCreateConnection(SingleConnectionFactory.java:452)\n\tat org.springframework.jms.connection.SingleConnectionFactory.initConnection(SingleConnectionFactory.java:414)\n\tat org.springframework.jms.connection.SingleConnectionFactory.getConnection(SingleConnectionFactory.java:328)\n\tat org.springframework.jms.connection.SingleConnectionFactory.createConnection(SingleConnectionFactory.java:243)\n\tat org.springframework.jms.support.JmsAccessor.createConnection(JmsAccessor.java:211)\n\tat org.springframework.jms.listener.AbstractJmsListeningContainer.createSharedConnection(AbstractJmsListeningContainer.java:405)\n\tat org.springframework.jms.listener.AbstractJmsListeningContainer.refreshSharedConnection(AbstractJmsListeningContainer.java:390)\n\tat org.springframework.jms.listener.DefaultMessageListenerContainer.refreshConnectionUntilSuccessful(DefaultMessageListenerContainer.java:1004)\n\tat org.springframework.jms.listener.DefaultMessageListenerContainer.recoverAfterListenerSetupFailure(DefaultMessageListenerContainer.java:978)\n\tat org.springframework.jms.listener.DefaultMessageListenerContainer$AsyncMessageListenerInvoker.run(DefaultMessageListenerContainer.java:1166)\n\tat java.base/java.lang.Thread.run(Unknown Source)\nCaused by: com.ibm.mq.MQException: JMSCMQ0001: IBM MQ call failed with compcode '2' ('MQCC_FAILED') reason '2538' ('MQRC_HOST_NOT_AVAILABLE').\n\tat com.ibm.msg.client.jakarta.wmq.common.internal.Reason.createException(Reason.java:203)\n\t... 18 common frames omitted\nCaused by: com.ibm.mq.jmqi.JmqiException: CC=2;RC=2538;AMQ9204: Connection to host 'ibm-mq.recon-platform.svc.cluster.local(1414)' rejected. [1=com.ibm.mq.jmqi.JmqiException[CC=2;RC=2538;AMQ9204: Connection to host 'ibm-mq.recon-platform.svc.cluster.local/10.100.195.132:1414' rejected. [1=java.net.ConnectException[Connection refused],3=ibm-mq.recon-platform.svc.cluster.local/10.100.195.132:1414,4=TCP,5=Socket.connect]],3=ibm-mq.recon-platform.svc.cluster.local(1414),4=,5=RemoteTCPConnection.bindAndConnectSocket]\n\tat com.ibm.mq.jmqi.remote.api.RemoteFAP$Connector.jmqiConnect(RemoteFAP.java:13687)\n\tat com.ibm.mq.jmqi.remote.api.RemoteFAP$Connector.access$100(RemoteFAP.java:13202)\n\tat com.ibm.mq.jmqi.remote.api.RemoteFAP.jmqiConnect(RemoteFAP.java:1451)\n\tat com.ibm.mq.jmqi.remote.api.RemoteFAP.jmqiConnect(RemoteFAP.java:1392)\n\tat com.ibm.mq.ese.jmqi.InterceptedJmqiImpl.jmqiConnect(InterceptedJmqiImpl.java:377)\n\tat com.ibm.mq.ese.jmqi.ESEJMQI.jmqiConnect(ESEJMQI.java:562)\n\tat com.ibm.msg.client.jakarta.wmq.internal.WMQConnection.<init>(WMQConnection.java:415)\n\t... 17 common frames omitted\nCaused by: com.ibm.mq.jmqi.JmqiException: CC=2;RC=2538;AMQ9204: Connection to host 'ibm-mq.recon-platform.svc.cluster.local/10.100.195.132:1414' rejected. [1=java.net.ConnectException[Connection refused],3=ibm-mq.recon-platform.svc.cluster.local/10.100.195.132:1414,4=TCP,5=Socket.connect]\n\tat com.ibm.mq.jmqi.remote.impl.RemoteTCPConnection.bindAndConnectSocket(RemoteTCPConnection.java:937)\n\tat com.ibm.mq.jmqi.remote.impl.RemoteTCPConnection.protocolConnect(RemoteTCPConnection.java:1511)\n\tat com.ibm.mq.jmqi.remote.impl.RemoteConnection.connect(RemoteConnection.java:1014)\n\tat com.ibm.mq.jmqi.remote.impl.RemoteConnectionSpecification.getNewConnection(RemoteConnectionSpecification.java:691)\n\tat com.ibm.mq.jmqi.remote.impl.RemoteConnectionSpecification.getSessionFromNewConnection(RemoteConnectionSpecification.java:283)\n\tat com.ibm.mq.jmqi.remote.impl.RemoteConnectionSpecification.getSession(RemoteConnectionSpecification.java:170)\n\tat com.ibm.mq.jmqi.remote.impl.RemoteConnectionPool.getSession(RemoteConnectionPool.java:128)\n\tat com.ibm.mq.jmqi.remote.api.RemoteFAP$Connector.jmqiConnect(RemoteFAP.java:13411)\n\t... 23 common frames omitted\nCaused by: java.net.ConnectException: Connection refused\n\tat java.base/sun.nio.ch.Net.connect0(Native Method)\n\tat java.base/sun.nio.ch.Net.connect(Unknown Source)\n\tat java.base/sun.nio.ch.Net.connect(Unknown Source)\n\tat java.base/sun.nio.ch.NioSocketImpl.connect(Unknown Source)\n\tat java.base/java.net.SocksSocketImpl.connect(Unknown Source)\n\tat java.base/java.net.Socket.connect(Unknown Source)\n\tat java.base/java.net.Socket.connect(Unknown Source)\n\tat com.ibm.mq.jmqi.remote.impl.RemoteTCPConnection$4.run(RemoteTCPConnection.java:1111)\n\tat com.ibm.mq.jmqi.remote.impl.RemoteTCPConnection$4.run(RemoteTCPConnection.java:1103)\n\tat java.base/java.security.AccessController.doPrivileged(Unknown Source)\n\tat com.ibm.mq.jmqi.remote.impl.RemoteTCPConnection.connectSocket(RemoteTCPConnection.java:1103)\n\tat com.ibm.mq.jmqi.remote.impl.RemoteTCPConnection.bindAndConnectSocket(RemoteTCPConnection.java:843)\n\t... 30 common frames omitted\n","appName":"recon-consumer-app","application":"recon-consumer-app"}
{"@timestamp":"2026-05-10T09:26:41.865329075Z","@version":"1","message":"Could not refresh JMS Connection for destination 'RECON.IN' - retrying using FixedBackOff{interval=5000, currentAttempts=16, maxAttempts=unlimited}. Cause: JMSWMQ0018: Failed to connect to queue manager 'QM1' with connection mode 'Client' and host name 'ibm-mq.recon-platform.svc.cluster.local(1414)'.; nested exception is com.ibm.mq.MQException: JMSCMQ0001: IBM MQ call failed with compcode '2' ('MQCC_FAILED') reason '2538' ('MQRC_HOST_NOT_AVAILABLE').","logger_name":"org.springframework.jms.listener.DefaultMessageListenerContainer","thread_name":"org.springframework.jms.JmsListenerEndpointContainer#1-8","level":"ERROR","level_value":40000,"stack_trace":"com.ibm.msg.client.jakarta.jms.DetailedIllegalStateException: JMSWMQ0018: Failed to connect to queue manager 'QM1' with connection mode 'Client' and host name 'ibm-mq.recon-platform.svc.cluster.local(1414)'.\n\tat com.ibm.msg.client.jakarta.wmq.common.internal.Reason.reasonToException(Reason.java:489)\n\tat com.ibm.msg.client.jakarta.wmq.common.internal.Reason.createException(Reason.java:215)\n\tat com.ibm.msg.client.jakarta.wmq.internal.WMQConnection.<init>(WMQConnection.java:482)\n\tat com.ibm.msg.client.jakarta.wmq.factories.WMQConnectionFactory.createV7ProviderConnection(WMQConnectionFactory.java:9009)\n\tat com.ibm.msg.client.jakarta.wmq.factories.WMQConnectionFactory.createProviderConnection(WMQConnectionFactory.java:8349)\n\tat com.ibm.msg.client.jakarta.jms.admin.JmsConnectionFactoryImpl._createConnection(JmsConnectionFactoryImpl.java:322)\n\tat com.ibm.msg.client.jakarta.jms.admin.JmsConnectionFactoryImpl.createConnection(JmsConnectionFactoryImpl.java:242)\n\tat com.ibm.mq.jakarta.jms.MQConnectionFactory.createCommonConnection(MQConnectionFactory.java:6193)\n\tat com.ibm.mq.jakarta.jms.MQConnectionFactory.createConnection(MQConnectionFactory.java:6222)\n\tat org.springframework.jms.connection.SingleConnectionFactory.doCreateConnection(SingleConnectionFactory.java:452)\n\tat org.springframework.jms.connection.SingleConnectionFactory.initConnection(SingleConnectionFactory.java:414)\n\tat org.springframework.jms.connection.SingleConnectionFactory.getConnection(SingleConnectionFactory.java:328)\n\tat org.springframework.jms.connection.SingleConnectionFactory.createConnection(SingleConnectionFactory.java:243)\n\tat org.springframework.jms.support.JmsAccessor.createConnection(JmsAccessor.java:211)\n\tat org.springframework.jms.listener.AbstractJmsListeningContainer.createSharedConnection(AbstractJmsListeningContainer.java:405)\n\tat org.springframework.jms.listener.AbstractJmsListeningContainer.refreshSharedConnection(AbstractJmsListeningContainer.java:390)\n\tat org.springframework.jms.listener.DefaultMessageListenerContainer.refreshConnectionUntilSuccessful(DefaultMessageListenerContainer.java:1004)\n\tat org.springframework.jms.listener.DefaultMessageListenerContainer.recoverAfterListenerSetupFailure(DefaultMessageListenerContainer.java:978)\n\tat org.springframework.jms.listener.DefaultMessageListenerContainer$AsyncMessageListenerInvoker.run(DefaultMessageListenerContainer.java:1166)\n\tat java.base/java.lang.Thread.run(Unknown Source)\nCaused by: com.ibm.mq.MQException: JMSCMQ0001: IBM MQ call failed with compcode '2' ('MQCC_FAILED') reason '2538' ('MQRC_HOST_NOT_AVAILABLE').\n\tat com.ibm.msg.client.jakarta.wmq.common.internal.Reason.createException(Reason.java:203)\n\t... 18 common frames omitted\nCaused by: com.ibm.mq.jmqi.JmqiException: CC=2;RC=2538;AMQ9204: Connection to host 'ibm-mq.recon-platform.svc.cluster.local(1414)' rejected. [1=com.ibm.mq.jmqi.JmqiException[CC=2;RC=2538;AMQ9204: Connection to host 'ibm-mq.recon-platform.svc.cluster.local/10.100.195.132:1414' rejected. [1=java.net.ConnectException[Connection refused],3=ibm-mq.recon-platform.svc.cluster.local/10.100.195.132:1414,4=TCP,5=Socket.connect]],3=ibm-mq.recon-platform.svc.cluster.local(1414),4=,5=RemoteTCPConnection.bindAndConnectSocket]\n\tat com.ibm.mq.jmqi.remote.api.RemoteFAP$Connector.jmqiConnect(RemoteFAP.java:13687)\n\tat com.ibm.mq.jmqi.remote.api.RemoteFAP$Connector.access$100(RemoteFAP.java:13202)\n\tat com.ibm.mq.jmqi.remote.api.RemoteFAP.jmqiConnect(RemoteFAP.java:1451)\n\tat com.ibm.mq.jmqi.remote.api.RemoteFAP.jmqiConnect(RemoteFAP.java:1392)\n\tat com.ibm.mq.ese.jmqi.InterceptedJmqiImpl.jmqiConnect(InterceptedJmqiImpl.java:377)\n\tat com.ibm.mq.ese.jmqi.ESEJMQI.jmqiConnect(ESEJMQI.java:562)\n\tat com.ibm.msg.client.jakarta.wmq.internal.WMQConnection.<init>(WMQConnection.java:415)\n\t... 17 common frames omitted\nCaused by: com.ibm.mq.jmqi.JmqiException: CC=2;RC=2538;AMQ9204: Connection to host 'ibm-mq.recon-platform.svc.cluster.local/10.100.195.132:1414' rejected. [1=java.net.ConnectException[Connection refused],3=ibm-mq.recon-platform.svc.cluster.local/10.100.195.132:1414,4=TCP,5=Socket.connect]\n\tat com.ibm.mq.jmqi.remote.impl.RemoteTCPConnection.bindAndConnectSocket(RemoteTCPConnection.java:937)\n\tat com.ibm.mq.jmqi.remote.impl.RemoteTCPConnection.protocolConnect(RemoteTCPConnection.java:1511)\n\tat com.ibm.mq.jmqi.remote.impl.RemoteConnection.connect(RemoteConnection.java:1014)\n\tat com.ibm.mq.jmqi.remote.impl.RemoteConnectionSpecification.getNewConnection(RemoteConnectionSpecification.java:691)\n\tat com.ibm.mq.jmqi.remote.impl.RemoteConnectionSpecification.getSessionFromNewConnection(RemoteConnectionSpecification.java:283)\n\tat com.ibm.mq.jmqi.remote.impl.RemoteConnectionSpecification.getSession(RemoteConnectionSpecification.java:170)\n\tat com.ibm.mq.jmqi.remote.impl.RemoteConnectionPool.getSession(RemoteConnectionPool.java:128)\n\tat com.ibm.mq.jmqi.remote.api.RemoteFAP$Connector.jmqiConnect(RemoteFAP.java:13411)\n\t... 23 common frames omitted\nCaused by: java.net.ConnectException: Connection refused\n\tat java.base/sun.nio.ch.Net.connect0(Native Method)\n\tat java.base/sun.nio.ch.Net.connect(Unknown Source)\n\tat java.base/sun.nio.ch.Net.connect(Unknown Source)\n\tat java.base/sun.nio.ch.NioSocketImpl.connect(Unknown Source)\n\tat java.base/java.net.SocksSocketImpl.connect(Unknown Source)\n\tat java.base/java.net.Socket.connect(Unknown Source)\n\tat java.base/java.net.Socket.connect(Unknown Source)\n\tat com.ibm.mq.jmqi.remote.impl.RemoteTCPConnection$4.run(RemoteTCPConnection.java:1111)\n\tat com.ibm.mq.jmqi.remote.impl.RemoteTCPConnection$4.run(RemoteTCPConnection.java:1103)\n\tat java.base/java.security.AccessController.doPrivileged(Unknown Source)\n\tat com.ibm.mq.jmqi.remote.impl.RemoteTCPConnection.connectSocket(RemoteTCPConnection.java:1103)\n\tat com.ibm.mq.jmqi.remote.impl.RemoteTCPConnection.bindAndConnectSocket(RemoteTCPConnection.java:843)\n\t... 30 common frames omitted\n","appName":"recon-consumer-app","application":"recon-consumer-app"}
{"@timestamp":"2026-05-10T09:26:45.86514003Z","@version":"1","message":"Could not refresh JMS Connection for destination 'RECON.RETRY' - retrying using FixedBackOff{interval=5000, currentAttempts=17, maxAttempts=unlimited}. Cause: JMSWMQ0018: Failed to connect to queue manager 'QM1' with connection mode 'Client' and host name 'ibm-mq.recon-platform.svc.cluster.local(1414)'.; nested exception is com.ibm.mq.MQException: JMSCMQ0001: IBM MQ call failed with compcode '2' ('MQCC_FAILED') reason '2538' ('MQRC_HOST_NOT_AVAILABLE').","logger_name":"org.springframework.jms.listener.DefaultMessageListenerContainer","thread_name":"org.springframework.jms.JmsListenerEndpointContainer#2-2","level":"ERROR","level_value":40000,"stack_trace":"com.ibm.msg.client.jakarta.jms.DetailedIllegalStateException: JMSWMQ0018: Failed to connect to queue manager 'QM1' with connection mode 'Client' and host name 'ibm-mq.recon-platform.svc.cluster.local(1414)'.\n\tat com.ibm.msg.client.jakarta.wmq.common.internal.Reason.reasonToException(Reason.java:489)\n\tat com.ibm.msg.client.jakarta.wmq.common.internal.Reason.createException(Reason.java:215)\n\tat com.ibm.msg.client.jakarta.wmq.internal.WMQConnection.<init>(WMQConnection.java:482)\n\tat com.ibm.msg.client.jakarta.wmq.factories.WMQConnectionFactory.createV7ProviderConnection(WMQConnectionFactory.java:9009)\n\tat com.ibm.msg.client.jakarta.wmq.factories.WMQConnectionFactory.createProviderConnection(WMQConnectionFactory.java:8349)\n\tat com.ibm.msg.client.jakarta.jms.admin.JmsConnectionFactoryImpl._createConnection(JmsConnectionFactoryImpl.java:322)\n\tat com.ibm.msg.client.jakarta.jms.admin.JmsConnectionFactoryImpl.createConnection(JmsConnectionFactoryImpl.java:242)\n\tat com.ibm.mq.jakarta.jms.MQConnectionFactory.createCommonConnection(MQConnectionFactory.java:6193)\n\tat com.ibm.mq.jakarta.jms.MQConnectionFactory.createConnection(MQConnectionFactory.java:6222)\n\tat org.springframework.jms.connection.SingleConnectionFactory.doCreateConnection(SingleConnectionFactory.java:452)\n\tat org.springframework.jms.connection.SingleConnectionFactory.initConnection(SingleConnectionFactory.java:414)\n\tat org.springframework.jms.connection.SingleConnectionFactory.getConnection(SingleConnectionFactory.java:328)\n\tat org.springframework.jms.connection.SingleConnectionFactory.createConnection(SingleConnectionFactory.java:243)\n\tat org.springframework.jms.support.JmsAccessor.createConnection(JmsAccessor.java:211)\n\tat org.springframework.jms.listener.AbstractJmsListeningContainer.createSharedConnection(AbstractJmsListeningContainer.java:405)\n\tat org.springframework.jms.listener.AbstractJmsListeningContainer.refreshSharedConnection(AbstractJmsListeningContainer.java:390)\n\tat org.springframework.jms.listener.DefaultMessageListenerContainer.refreshConnectionUntilSuccessful(DefaultMessageListenerContainer.java:1004)\n\tat org.springframework.jms.listener.DefaultMessageListenerContainer.recoverAfterListenerSetupFailure(DefaultMessageListenerContainer.java:978)\n\tat org.springframework.jms.listener.DefaultMessageListenerContainer$AsyncMessageListenerInvoker.run(DefaultMessageListenerContainer.java:1166)\n\tat java.base/java.lang.Thread.run(Unknown Source)\nCaused by: com.ibm.mq.MQException: JMSCMQ0001: IBM MQ call failed with compcode '2' ('MQCC_FAILED') reason '2538' ('MQRC_HOST_NOT_AVAILABLE').\n\tat com.ibm.msg.client.jakarta.wmq.common.internal.Reason.createException(Reason.java:203)\n\t... 18 common frames omitted\nCaused by: com.ibm.mq.jmqi.JmqiException: CC=2;RC=2538;AMQ9204: Connection to host 'ibm-mq.recon-platform.svc.cluster.local(1414)' rejected. [1=com.ibm.mq.jmqi.JmqiException[CC=2;RC=2538;AMQ9204: Connection to host 'ibm-mq.recon-platform.svc.cluster.local/10.100.195.132:1414' rejected. [1=java.net.ConnectException[Connection refused],3=ibm-mq.recon-platform.svc.cluster.local/10.100.195.132:1414,4=TCP,5=Socket.connect]],3=ibm-mq.recon-platform.svc.cluster.local(1414),4=,5=RemoteTCPConnection.bindAndConnectSocket]\n\tat com.ibm.mq.jmqi.remote.api.RemoteFAP$Connector.jmqiConnect(RemoteFAP.java:13687)\n\tat com.ibm.mq.jmqi.remote.api.RemoteFAP$Connector.access$100(RemoteFAP.java:13202)\n\tat com.ibm.mq.jmqi.remote.api.RemoteFAP.jmqiConnect(RemoteFAP.java:1451)\n\tat com.ibm.mq.jmqi.remote.api.RemoteFAP.jmqiConnect(RemoteFAP.java:1392)\n\tat com.ibm.mq.ese.jmqi.InterceptedJmqiImpl.jmqiConnect(InterceptedJmqiImpl.java:377)\n\tat com.ibm.mq.ese.jmqi.ESEJMQI.jmqiConnect(ESEJMQI.java:562)\n\tat com.ibm.msg.client.jakarta.wmq.internal.WMQConnection.<init>(WMQConnection.java:415)\n\t... 17 common frames omitted\nCaused by: com.ibm.mq.jmqi.JmqiException: CC=2;RC=2538;AMQ9204: Connection to host 'ibm-mq.recon-platform.svc.cluster.local/10.100.195.132:1414' rejected. [1=java.net.ConnectException[Connection refused],3=ibm-mq.recon-platform.svc.cluster.local/10.100.195.132:1414,4=TCP,5=Socket.connect]\n\tat com.ibm.mq.jmqi.remote.impl.RemoteTCPConnection.bindAndConnectSocket(RemoteTCPConnection.java:937)\n\tat com.ibm.mq.jmqi.remote.impl.RemoteTCPConnection.protocolConnect(RemoteTCPConnection.java:1511)\n\tat com.ibm.mq.jmqi.remote.impl.RemoteConnection.connect(RemoteConnection.java:1014)\n\tat com.ibm.mq.jmqi.remote.impl.RemoteConnectionSpecification.getNewConnection(RemoteConnectionSpecification.java:691)\n\tat com.ibm.mq.jmqi.remote.impl.RemoteConnectionSpecification.getSessionFromNewConnection(RemoteConnectionSpecification.java:283)\n\tat com.ibm.mq.jmqi.remote.impl.RemoteConnectionSpecification.getSession(RemoteConnectionSpecification.java:170)\n\tat com.ibm.mq.jmqi.remote.impl.RemoteConnectionPool.getSession(RemoteConnectionPool.java:128)\n\tat com.ibm.mq.jmqi.remote.api.RemoteFAP$Connector.jmqiConnect(RemoteFAP.java:13411)\n\t... 23 common frames omitted\nCaused by: java.net.ConnectException: Connection refused\n\tat java.base/sun.nio.ch.Net.connect0(Native Method)\n\tat java.base/sun.nio.ch.Net.connect(Unknown Source)\n\tat java.base/sun.nio.ch.Net.connect(Unknown Source)\n\tat java.base/sun.nio.ch.NioSocketImpl.connect(Unknown Source)\n\tat java.base/java.net.SocksSocketImpl.connect(Unknown Source)\n\tat java.base/java.net.Socket.connect(Unknown Source)\n\tat java.base/java.net.Socket.connect(Unknown Source)\n\tat com.ibm.mq.jmqi.remote.impl.RemoteTCPConnection$4.run(RemoteTCPConnection.java:1111)\n\tat com.ibm.mq.jmqi.remote.impl.RemoteTCPConnection$4.run(RemoteTCPConnection.java:1103)\n\tat java.base/java.security.AccessController.doPrivileged(Unknown Source)\n\tat com.ibm.mq.jmqi.remote.impl.RemoteTCPConnection.connectSocket(RemoteTCPConnection.java:1103)\n\tat com.ibm.mq.jmqi.remote.impl.RemoteTCPConnection.bindAndConnectSocket(RemoteTCPConnection.java:843)\n\t... 30 common frames omitted\n","appName":"recon-consumer-app","application":"recon-consumer-app"}
{"@timestamp":"2026-05-10T09:26:46.905406486Z","@version":"1","message":"Could not refresh JMS Connection for destination 'SYSTEM.DEAD.LETTER.QUEUE' - retrying using FixedBackOff{interval=5000, currentAttempts=17, maxAttempts=unlimited}. Cause: JMSWMQ0018: Failed to connect to queue manager 'QM1' with connection mode 'Client' and host name 'ibm-mq.recon-platform.svc.cluster.local(1414)'.; nested exception is com.ibm.mq.MQException: JMSCMQ0001: IBM MQ call failed with compcode '2' ('MQCC_FAILED') reason '2538' ('MQRC_HOST_NOT_AVAILABLE').","logger_name":"org.springframework.jms.listener.DefaultMessageListenerContainer","thread_name":"org.springframework.jms.JmsListenerEndpointContainer#0-1","level":"ERROR","level_value":40000,"stack_trace":"com.ibm.msg.client.jakarta.jms.DetailedIllegalStateException: JMSWMQ0018: Failed to connect to queue manager 'QM1' with connection mode 'Client' and host name 'ibm-mq.recon-platform.svc.cluster.local(1414)'.\n\tat com.ibm.msg.client.jakarta.wmq.common.internal.Reason.reasonToException(Reason.java:489)\n\tat com.ibm.msg.client.jakarta.wmq.common.internal.Reason.createException(Reason.java:215)\n\tat com.ibm.msg.client.jakarta.wmq.internal.WMQConnection.<init>(WMQConnection.java:482)\n\tat com.ibm.msg.client.jakarta.wmq.factories.WMQConnectionFactory.createV7ProviderConnection(WMQConnectionFactory.java:9009)\n\tat com.ibm.msg.client.jakarta.wmq.factories.WMQConnectionFactory.createProviderConnection(WMQConnectionFactory.java:8349)\n\tat com.ibm.msg.client.jakarta.jms.admin.JmsConnectionFactoryImpl._createConnection(JmsConnectionFactoryImpl.java:322)\n\tat com.ibm.msg.client.jakarta.jms.admin.JmsConnectionFactoryImpl.createConnection(JmsConnectionFactoryImpl.java:242)\n\tat com.ibm.mq.jakarta.jms.MQConnectionFactory.createCommonConnection(MQConnectionFactory.java:6193)\n\tat com.ibm.mq.jakarta.jms.MQConnectionFactory.createConnection(MQConnectionFactory.java:6222)\n\tat org.springframework.jms.connection.SingleConnectionFactory.doCreateConnection(SingleConnectionFactory.java:452)\n\tat org.springframework.jms.connection.SingleConnectionFactory.initConnection(SingleConnectionFactory.java:414)\n\tat org.springframework.jms.connection.SingleConnectionFactory.getConnection(SingleConnectionFactory.java:328)\n\tat org.springframework.jms.connection.SingleConnectionFactory.createConnection(SingleConnectionFactory.java:243)\n\tat org.springframework.jms.support.JmsAccessor.createConnection(JmsAccessor.java:211)\n\tat org.springframework.jms.listener.AbstractJmsListeningContainer.createSharedConnection(AbstractJmsListeningContainer.java:405)\n\tat org.springframework.jms.listener.AbstractJmsListeningContainer.refreshSharedConnection(AbstractJmsListeningContainer.java:390)\n\tat org.springframework.jms.listener.DefaultMessageListenerContainer.refreshConnectionUntilSuccessful(DefaultMessageListenerContainer.java:1004)\n\tat org.springframework.jms.listener.DefaultMessageListenerContainer.recoverAfterListenerSetupFailure(DefaultMessageListenerContainer.java:978)\n\tat org.springframework.jms.listener.DefaultMessageListenerContainer$AsyncMessageListenerInvoker.run(DefaultMessageListenerContainer.java:1166)\n\tat java.base/java.lang.Thread.run(Unknown Source)\nCaused by: com.ibm.mq.MQException: JMSCMQ0001: IBM MQ call failed with compcode '2' ('MQCC_FAILED') reason '2538' ('MQRC_HOST_NOT_AVAILABLE').\n\tat com.ibm.msg.client.jakarta.wmq.common.internal.Reason.createException(Reason.java:203)\n\t... 18 common frames omitted\nCaused by: com.ibm.mq.jmqi.JmqiException: CC=2;RC=2538;AMQ9204: Connection to host 'ibm-mq.recon-platform.svc.cluster.local(1414)' rejected. [1=com.ibm.mq.jmqi.JmqiException[CC=2;RC=2538;AMQ9204: Connection to host 'ibm-mq.recon-platform.svc.cluster.local/10.100.195.132:1414' rejected. [1=java.net.ConnectException[Connection refused],3=ibm-mq.recon-platform.svc.cluster.local/10.100.195.132:1414,4=TCP,5=Socket.connect]],3=ibm-mq.recon-platform.svc.cluster.local(1414),4=,5=RemoteTCPConnection.bindAndConnectSocket]\n\tat com.ibm.mq.jmqi.remote.api.RemoteFAP$Connector.jmqiConnect(RemoteFAP.java:13687)\n\tat com.ibm.mq.jmqi.remote.api.RemoteFAP$Connector.access$100(RemoteFAP.java:13202)\n\tat com.ibm.mq.jmqi.remote.api.RemoteFAP.jmqiConnect(RemoteFAP.java:1451)\n\tat com.ibm.mq.jmqi.remote.api.RemoteFAP.jmqiConnect(RemoteFAP.java:1392)\n\tat com.ibm.mq.ese.jmqi.InterceptedJmqiImpl.jmqiConnect(InterceptedJmqiImpl.java:377)\n\tat com.ibm.mq.ese.jmqi.ESEJMQI.jmqiConnect(ESEJMQI.java:562)\n\tat com.ibm.msg.client.jakarta.wmq.internal.WMQConnection.<init>(WMQConnection.java:415)\n\t... 17 common frames omitted\nCaused by: com.ibm.mq.jmqi.JmqiException: CC=2;RC=2538;AMQ9204: Connection to host 'ibm-mq.recon-platform.svc.cluster.local/10.100.195.132:1414' rejected. [1=java.net.ConnectException[Connection refused],3=ibm-mq.recon-platform.svc.cluster.local/10.100.195.132:1414,4=TCP,5=Socket.connect]\n\tat com.ibm.mq.jmqi.remote.impl.RemoteTCPConnection.bindAndConnectSocket(RemoteTCPConnection.java:937)\n\tat com.ibm.mq.jmqi.remote.impl.RemoteTCPConnection.protocolConnect(RemoteTCPConnection.java:1511)\n\tat com.ibm.mq.jmqi.remote.impl.RemoteConnection.connect(RemoteConnection.java:1014)\n\tat com.ibm.mq.jmqi.remote.impl.RemoteConnectionSpecification.getNewConnection(RemoteConnectionSpecification.java:691)\n\tat com.ibm.mq.jmqi.remote.impl.RemoteConnectionSpecification.getSessionFromNewConnection(RemoteConnectionSpecification.java:283)\n\tat com.ibm.mq.jmqi.remote.impl.RemoteConnectionSpecification.getSession(RemoteConnectionSpecification.java:170)\n\tat com.ibm.mq.jmqi.remote.impl.RemoteConnectionPool.getSession(RemoteConnectionPool.java:128)\n\tat com.ibm.mq.jmqi.remote.api.RemoteFAP$Connector.jmqiConnect(RemoteFAP.java:13411)\n\t... 23 common frames omitted\nCaused by: java.net.ConnectException: Connection refused\n\tat java.base/sun.nio.ch.Net.connect0(Native Method)\n\tat java.base/sun.nio.ch.Net.connect(Unknown Source)\n\tat java.base/sun.nio.ch.Net.connect(Unknown Source)\n\tat java.base/sun.nio.ch.NioSocketImpl.connect(Unknown Source)\n\tat java.base/java.net.SocksSocketImpl.connect(Unknown Source)\n\tat java.base/java.net.Socket.connect(Unknown Source)\n\tat java.base/java.net.Socket.connect(Unknown Source)\n\tat com.ibm.mq.jmqi.remote.impl.RemoteTCPConnection$4.run(RemoteTCPConnection.java:1111)\n\tat com.ibm.mq.jmqi.remote.impl.RemoteTCPConnection$4.run(RemoteTCPConnection.java:1103)\n\tat java.base/java.security.AccessController.doPrivileged(Unknown Source)\n\tat com.ibm.mq.jmqi.remote.impl.RemoteTCPConnection.connectSocket(RemoteTCPConnection.java:1103)\n\tat com.ibm.mq.jmqi.remote.impl.RemoteTCPConnection.bindAndConnectSocket(RemoteTCPConnection.java:843)\n\t... 30 common frames omitted\n","appName":"recon-consumer-app","application":"recon-consumer-app"}
{"@timestamp":"2026-05-10T09:26:47.945133006Z","@version":"1","message":"Could not refresh JMS Connection for destination 'RECON.IN' - retrying using FixedBackOff{interval=5000, currentAttempts=17, maxAttempts=unlimited}. Cause: JMSWMQ0018: Failed to connect to queue manager 'QM1' with connection mode 'Client' and host name 'ibm-mq.recon-platform.svc.cluster.local(1414)'.; nested exception is com.ibm.mq.MQException: JMSCMQ0001: IBM MQ call failed with compcode '2' ('MQCC_FAILED') reason '2538' ('MQRC_HOST_NOT_AVAILABLE').","logger_name":"org.springframework.jms.listener.DefaultMessageListenerContainer","thread_name":"org.springframework.jms.JmsListenerEndpointContainer#1-8","level":"ERROR","level_value":40000,"stack_trace":"com.ibm.msg.client.jakarta.jms.DetailedIllegalStateException: JMSWMQ0018: Failed to connect to queue manager 'QM1' with connection mode 'Client' and host name 'ibm-mq.recon-platform.svc.cluster.local(1414)'.\n\tat com.ibm.msg.client.jakarta.wmq.common.internal.Reason.reasonToException(Reason.java:489)\n\tat com.ibm.msg.client.jakarta.wmq.common.internal.Reason.createException(Reason.java:215)\n\tat com.ibm.msg.client.jakarta.wmq.internal.WMQConnection.<init>(WMQConnection.java:482)\n\tat com.ibm.msg.client.jakarta.wmq.factories.WMQConnectionFactory.createV7ProviderConnection(WMQConnectionFactory.java:9009)\n\tat com.ibm.msg.client.jakarta.wmq.factories.WMQConnectionFactory.createProviderConnection(WMQConnectionFactory.java:8349)\n\tat com.ibm.msg.client.jakarta.jms.admin.JmsConnectionFactoryImpl._createConnection(JmsConnectionFactoryImpl.java:322)\n\tat com.ibm.msg.client.jakarta.jms.admin.JmsConnectionFactoryImpl.createConnection(JmsConnectionFactoryImpl.java:242)\n\tat com.ibm.mq.jakarta.jms.MQConnectionFactory.createCommonConnection(MQConnectionFactory.java:6193)\n\tat com.ibm.mq.jakarta.jms.MQConnectionFactory.createConnection(MQConnectionFactory.java:6222)\n\tat org.springframework.jms.connection.SingleConnectionFactory.doCreateConnection(SingleConnectionFactory.java:452)\n\tat org.springframework.jms.connection.SingleConnectionFactory.initConnection(SingleConnectionFactory.java:414)\n\tat org.springframework.jms.connection.SingleConnectionFactory.getConnection(SingleConnectionFactory.java:328)\n\tat org.springframework.jms.connection.SingleConnectionFactory.createConnection(SingleConnectionFactory.java:243)\n\tat org.springframework.jms.support.JmsAccessor.createConnection(JmsAccessor.java:211)\n\tat org.springframework.jms.listener.AbstractJmsListeningContainer.createSharedConnection(AbstractJmsListeningContainer.java:405)\n\tat org.springframework.jms.listener.AbstractJmsListeningContainer.refreshSharedConnection(AbstractJmsListeningContainer.java:390)\n\tat org.springframework.jms.listener.DefaultMessageListenerContainer.refreshConnectionUntilSuccessful(DefaultMessageListenerContainer.java:1004)\n\tat org.springframework.jms.listener.DefaultMessageListenerContainer.recoverAfterListenerSetupFailure(DefaultMessageListenerContainer.java:978)\n\tat org.springframework.jms.listener.DefaultMessageListenerContainer$AsyncMessageListenerInvoker.run(DefaultMessageListenerContainer.java:1166)\n\tat java.base/java.lang.Thread.run(Unknown Source)\nCaused by: com.ibm.mq.MQException: JMSCMQ0001: IBM MQ call failed with compcode '2' ('MQCC_FAILED') reason '2538' ('MQRC_HOST_NOT_AVAILABLE').\n\tat com.ibm.msg.client.jakarta.wmq.common.internal.Reason.createException(Reason.java:203)\n\t... 18 common frames omitted\nCaused by: com.ibm.mq.jmqi.JmqiException: CC=2;RC=2538;AMQ9204: Connection to host 'ibm-mq.recon-platform.svc.cluster.local(1414)' rejected. [1=com.ibm.mq.jmqi.JmqiException[CC=2;RC=2538;AMQ9204: Connection to host 'ibm-mq.recon-platform.svc.cluster.local/10.100.195.132:1414' rejected. [1=java.net.ConnectException[Connection refused],3=ibm-mq.recon-platform.svc.cluster.local/10.100.195.132:1414,4=TCP,5=Socket.connect]],3=ibm-mq.recon-platform.svc.cluster.local(1414),4=,5=RemoteTCPConnection.bindAndConnectSocket]\n\tat com.ibm.mq.jmqi.remote.api.RemoteFAP$Connector.jmqiConnect(RemoteFAP.java:13687)\n\tat com.ibm.mq.jmqi.remote.api.RemoteFAP$Connector.access$100(RemoteFAP.java:13202)\n\tat com.ibm.mq.jmqi.remote.api.RemoteFAP.jmqiConnect(RemoteFAP.java:1451)\n\tat com.ibm.mq.jmqi.remote.api.RemoteFAP.jmqiConnect(RemoteFAP.java:1392)\n\tat com.ibm.mq.ese.jmqi.InterceptedJmqiImpl.jmqiConnect(InterceptedJmqiImpl.java:377)\n\tat com.ibm.mq.ese.jmqi.ESEJMQI.jmqiConnect(ESEJMQI.java:562)\n\tat com.ibm.msg.client.jakarta.wmq.internal.WMQConnection.<init>(WMQConnection.java:415)\n\t... 17 common frames omitted\nCaused by: com.ibm.mq.jmqi.JmqiException: CC=2;RC=2538;AMQ9204: Connection to host 'ibm-mq.recon-platform.svc.cluster.local/10.100.195.132:1414' rejected. [1=java.net.ConnectException[Connection refused],3=ibm-mq.recon-platform.svc.cluster.local/10.100.195.132:1414,4=TCP,5=Socket.connect]\n\tat com.ibm.mq.jmqi.remote.impl.RemoteTCPConnection.bindAndConnectSocket(RemoteTCPConnection.java:937)\n\tat com.ibm.mq.jmqi.remote.impl.RemoteTCPConnection.protocolConnect(RemoteTCPConnection.java:1511)\n\tat com.ibm.mq.jmqi.remote.impl.RemoteConnection.connect(RemoteConnection.java:1014)\n\tat com.ibm.mq.jmqi.remote.impl.RemoteConnectionSpecification.getNewConnection(RemoteConnectionSpecification.java:691)\n\tat com.ibm.mq.jmqi.remote.impl.RemoteConnectionSpecification.getSessionFromNewConnection(RemoteConnectionSpecification.java:283)\n\tat com.ibm.mq.jmqi.remote.impl.RemoteConnectionSpecification.getSession(RemoteConnectionSpecification.java:170)\n\tat com.ibm.mq.jmqi.remote.impl.RemoteConnectionPool.getSession(RemoteConnectionPool.java:128)\n\tat com.ibm.mq.jmqi.remote.api.RemoteFAP$Connector.jmqiConnect(RemoteFAP.java:13411)\n\t... 23 common frames omitted\nCaused by: java.net.ConnectException: Connection refused\n\tat java.base/sun.nio.ch.Net.connect0(Native Method)\n\tat java.base/sun.nio.ch.Net.connect(Unknown Source)\n\tat java.base/sun.nio.ch.Net.connect(Unknown Source)\n\tat java.base/sun.nio.ch.NioSocketImpl.connect(Unknown Source)\n\tat java.base/java.net.SocksSocketImpl.connect(Unknown Source)\n\tat java.base/java.net.Socket.connect(Unknown Source)\n\tat java.base/java.net.Socket.connect(Unknown Source)\n\tat com.ibm.mq.jmqi.remote.impl.RemoteTCPConnection$4.run(RemoteTCPConnection.java:1111)\n\tat com.ibm.mq.jmqi.remote.impl.RemoteTCPConnection$4.run(RemoteTCPConnection.java:1103)\n\tat java.base/java.security.AccessController.doPrivileged(Unknown Source)\n\tat com.ibm.mq.jmqi.remote.impl.RemoteTCPConnection.connectSocket(RemoteTCPConnection.java:1103)\n\tat com.ibm.mq.jmqi.remote.impl.RemoteTCPConnection.bindAndConnectSocket(RemoteTCPConnection.java:843)\n\t... 30 common frames omitted\n","appName":"recon-consumer-app","application":"recon-consumer-app"}
{"@timestamp":"2026-05-10T09:26:51.945354205Z","@version":"1","message":"Could not refresh JMS Connection for destination 'RECON.RETRY' - retrying using FixedBackOff{interval=5000, currentAttempts=18, maxAttempts=unlimited}. Cause: JMSWMQ0018: Failed to connect to queue manager 'QM1' with connection mode 'Client' and host name 'ibm-mq.recon-platform.svc.cluster.local(1414)'.; nested exception is com.ibm.mq.MQException: JMSCMQ0001: IBM MQ call failed with compcode '2' ('MQCC_FAILED') reason '2538' ('MQRC_HOST_NOT_AVAILABLE').","logger_name":"org.springframework.jms.listener.DefaultMessageListenerContainer","thread_name":"org.springframework.jms.JmsListenerEndpointContainer#2-2","level":"ERROR","level_value":40000,"stack_trace":"com.ibm.msg.client.jakarta.jms.DetailedIllegalStateException: JMSWMQ0018: Failed to connect to queue manager 'QM1' with connection mode 'Client' and host name 'ibm-mq.recon-platform.svc.cluster.local(1414)'.\n\tat com.ibm.msg.client.jakarta.wmq.common.internal.Reason.reasonToException(Reason.java:489)\n\tat com.ibm.msg.client.jakarta.wmq.common.internal.Reason.createException(Reason.java:215)\n\tat com.ibm.msg.client.jakarta.wmq.internal.WMQConnection.<init>(WMQConnection.java:482)\n\tat com.ibm.msg.client.jakarta.wmq.factories.WMQConnectionFactory.createV7ProviderConnection(WMQConnectionFactory.java:9009)\n\tat com.ibm.msg.client.jakarta.wmq.factories.WMQConnectionFactory.createProviderConnection(WMQConnectionFactory.java:8349)\n\tat com.ibm.msg.client.jakarta.jms.admin.JmsConnectionFactoryImpl._createConnection(JmsConnectionFactoryImpl.java:322)\n\tat com.ibm.msg.client.jakarta.jms.admin.JmsConnectionFactoryImpl.createConnection(JmsConnectionFactoryImpl.java:242)\n\tat com.ibm.mq.jakarta.jms.MQConnectionFactory.createCommonConnection(MQConnectionFactory.java:6193)\n\tat com.ibm.mq.jakarta.jms.MQConnectionFactory.createConnection(MQConnectionFactory.java:6222)\n\tat org.springframework.jms.connection.SingleConnectionFactory.doCreateConnection(SingleConnectionFactory.java:452)\n\tat org.springframework.jms.connection.SingleConnectionFactory.initConnection(SingleConnectionFactory.java:414)\n\tat org.springframework.jms.connection.SingleConnectionFactory.getConnection(SingleConnectionFactory.java:328)\n\tat org.springframework.jms.connection.SingleConnectionFactory.createConnection(SingleConnectionFactory.java:243)\n\tat org.springframework.jms.support.JmsAccessor.createConnection(JmsAccessor.java:211)\n\tat org.springframework.jms.listener.AbstractJmsListeningContainer.createSharedConnection(AbstractJmsListeningContainer.java:405)\n\tat org.springframework.jms.listener.AbstractJmsListeningContainer.refreshSharedConnection(AbstractJmsListeningContainer.java:390)\n\tat org.springframework.jms.listener.DefaultMessageListenerContainer.refreshConnectionUntilSuccessful(DefaultMessageListenerContainer.java:1004)\n\tat org.springframework.jms.listener.DefaultMessageListenerContainer.recoverAfterListenerSetupFailure(DefaultMessageListenerContainer.java:978)\n\tat org.springframework.jms.listener.DefaultMessageListenerContainer$AsyncMessageListenerInvoker.run(DefaultMessageListenerContainer.java:1166)\n\tat java.base/java.lang.Thread.run(Unknown Source)\nCaused by: com.ibm.mq.MQException: JMSCMQ0001: IBM MQ call failed with compcode '2' ('MQCC_FAILED') reason '2538' ('MQRC_HOST_NOT_AVAILABLE').\n\tat com.ibm.msg.client.jakarta.wmq.common.internal.Reason.createException(Reason.java:203)\n\t... 18 common frames omitted\nCaused by: com.ibm.mq.jmqi.JmqiException: CC=2;RC=2538;AMQ9204: Connection to host 'ibm-mq.recon-platform.svc.cluster.local(1414)' rejected. [1=com.ibm.mq.jmqi.JmqiException[CC=2;RC=2538;AMQ9204: Connection to host 'ibm-mq.recon-platform.svc.cluster.local/10.100.195.132:1414' rejected. [1=java.net.ConnectException[Connection refused],3=ibm-mq.recon-platform.svc.cluster.local/10.100.195.132:1414,4=TCP,5=Socket.connect]],3=ibm-mq.recon-platform.svc.cluster.local(1414),4=,5=RemoteTCPConnection.bindAndConnectSocket]\n\tat com.ibm.mq.jmqi.remote.api.RemoteFAP$Connector.jmqiConnect(RemoteFAP.java:13687)\n\tat com.ibm.mq.jmqi.remote.api.RemoteFAP$Connector.access$100(RemoteFAP.java:13202)\n\tat com.ibm.mq.jmqi.remote.api.RemoteFAP.jmqiConnect(RemoteFAP.java:1451)\n\tat com.ibm.mq.jmqi.remote.api.RemoteFAP.jmqiConnect(RemoteFAP.java:1392)\n\tat com.ibm.mq.ese.jmqi.InterceptedJmqiImpl.jmqiConnect(InterceptedJmqiImpl.java:377)\n\tat com.ibm.mq.ese.jmqi.ESEJMQI.jmqiConnect(ESEJMQI.java:562)\n\tat com.ibm.msg.client.jakarta.wmq.internal.WMQConnection.<init>(WMQConnection.java:415)\n\t... 17 common frames omitted\nCaused by: com.ibm.mq.jmqi.JmqiException: CC=2;RC=2538;AMQ9204: Connection to host 'ibm-mq.recon-platform.svc.cluster.local/10.100.195.132:1414' rejected. [1=java.net.ConnectException[Connection refused],3=ibm-mq.recon-platform.svc.cluster.local/10.100.195.132:1414,4=TCP,5=Socket.connect]\n\tat com.ibm.mq.jmqi.remote.impl.RemoteTCPConnection.bindAndConnectSocket(RemoteTCPConnection.java:937)\n\tat com.ibm.mq.jmqi.remote.impl.RemoteTCPConnection.protocolConnect(RemoteTCPConnection.java:1511)\n\tat com.ibm.mq.jmqi.remote.impl.RemoteConnection.connect(RemoteConnection.java:1014)\n\tat com.ibm.mq.jmqi.remote.impl.RemoteConnectionSpecification.getNewConnection(RemoteConnectionSpecification.java:691)\n\tat com.ibm.mq.jmqi.remote.impl.RemoteConnectionSpecification.getSessionFromNewConnection(RemoteConnectionSpecification.java:283)\n\tat com.ibm.mq.jmqi.remote.impl.RemoteConnectionSpecification.getSession(RemoteConnectionSpecification.java:170)\n\tat com.ibm.mq.jmqi.remote.impl.RemoteConnectionPool.getSession(RemoteConnectionPool.java:128)\n\tat com.ibm.mq.jmqi.remote.api.RemoteFAP$Connector.jmqiConnect(RemoteFAP.java:13411)\n\t... 23 common frames omitted\nCaused by: java.net.ConnectException: Connection refused\n\tat java.base/sun.nio.ch.Net.connect0(Native Method)\n\tat java.base/sun.nio.ch.Net.connect(Unknown Source)\n\tat java.base/sun.nio.ch.Net.connect(Unknown Source)\n\tat java.base/sun.nio.ch.NioSocketImpl.connect(Unknown Source)\n\tat java.base/java.net.SocksSocketImpl.connect(Unknown Source)\n\tat java.base/java.net.Socket.connect(Unknown Source)\n\tat java.base/java.net.Socket.connect(Unknown Source)\n\tat com.ibm.mq.jmqi.remote.impl.RemoteTCPConnection$4.run(RemoteTCPConnection.java:1111)\n\tat com.ibm.mq.jmqi.remote.impl.RemoteTCPConnection$4.run(RemoteTCPConnection.java:1103)\n\tat java.base/java.security.AccessController.doPrivileged(Unknown Source)\n\tat com.ibm.mq.jmqi.remote.impl.RemoteTCPConnection.connectSocket(RemoteTCPConnection.java:1103)\n\tat com.ibm.mq.jmqi.remote.impl.RemoteTCPConnection.bindAndConnectSocket(RemoteTCPConnection.java:843)\n\t... 30 common frames omitted\n","appName":"recon-consumer-app","application":"recon-consumer-app"}
{"@timestamp":"2026-05-10T09:26:52.985461887Z","@version":"1","message":"Could not refresh JMS Connection for destination 'SYSTEM.DEAD.LETTER.QUEUE' - retrying using FixedBackOff{interval=5000, currentAttempts=18, maxAttempts=unlimited}. Cause: JMSWMQ0018: Failed to connect to queue manager 'QM1' with connection mode 'Client' and host name 'ibm-mq.recon-platform.svc.cluster.local(1414)'.; nested exception is com.ibm.mq.MQException: JMSCMQ0001: IBM MQ call failed with compcode '2' ('MQCC_FAILED') reason '2538' ('MQRC_HOST_NOT_AVAILABLE').","logger_name":"org.springframework.jms.listener.DefaultMessageListenerContainer","thread_name":"org.springframework.jms.JmsListenerEndpointContainer#0-1","level":"ERROR","level_value":40000,"stack_trace":"com.ibm.msg.client.jakarta.jms.DetailedIllegalStateException: JMSWMQ0018: Failed to connect to queue manager 'QM1' with connection mode 'Client' and host name 'ibm-mq.recon-platform.svc.cluster.local(1414)'.\n\tat com.ibm.msg.client.jakarta.wmq.common.internal.Reason.reasonToException(Reason.java:489)\n\tat com.ibm.msg.client.jakarta.wmq.common.internal.Reason.createException(Reason.java:215)\n\tat com.ibm.msg.client.jakarta.wmq.internal.WMQConnection.<init>(WMQConnection.java:482)\n\tat com.ibm.msg.client.jakarta.wmq.factories.WMQConnectionFactory.createV7ProviderConnection(WMQConnectionFactory.java:9009)\n\tat com.ibm.msg.client.jakarta.wmq.factories.WMQConnectionFactory.createProviderConnection(WMQConnectionFactory.java:8349)\n\tat com.ibm.msg.client.jakarta.jms.admin.JmsConnectionFactoryImpl._createConnection(JmsConnectionFactoryImpl.java:322)\n\tat com.ibm.msg.client.jakarta.jms.admin.JmsConnectionFactoryImpl.createConnection(JmsConnectionFactoryImpl.java:242)\n\tat com.ibm.mq.jakarta.jms.MQConnectionFactory.createCommonConnection(MQConnectionFactory.java:6193)\n\tat com.ibm.mq.jakarta.jms.MQConnectionFactory.createConnection(MQConnectionFactory.java:6222)\n\tat org.springframework.jms.connection.SingleConnectionFactory.doCreateConnection(SingleConnectionFactory.java:452)\n\tat org.springframework.jms.connection.SingleConnectionFactory.initConnection(SingleConnectionFactory.java:414)\n\tat org.springframework.jms.connection.SingleConnectionFactory.getConnection(SingleConnectionFactory.java:328)\n\tat org.springframework.jms.connection.SingleConnectionFactory.createConnection(SingleConnectionFactory.java:243)\n\tat org.springframework.jms.support.JmsAccessor.createConnection(JmsAccessor.java:211)\n\tat org.springframework.jms.listener.AbstractJmsListeningContainer.createSharedConnection(AbstractJmsListeningContainer.java:405)\n\tat org.springframework.jms.listener.AbstractJmsListeningContainer.refreshSharedConnection(AbstractJmsListeningContainer.java:390)\n\tat org.springframework.jms.listener.DefaultMessageListenerContainer.refreshConnectionUntilSuccessful(DefaultMessageListenerContainer.java:1004)\n\tat org.springframework.jms.listener.DefaultMessageListenerContainer.recoverAfterListenerSetupFailure(DefaultMessageListenerContainer.java:978)\n\tat org.springframework.jms.listener.DefaultMessageListenerContainer$AsyncMessageListenerInvoker.run(DefaultMessageListenerContainer.java:1166)\n\tat java.base/java.lang.Thread.run(Unknown Source)\nCaused by: com.ibm.mq.MQException: JMSCMQ0001: IBM MQ call failed with compcode '2' ('MQCC_FAILED') reason '2538' ('MQRC_HOST_NOT_AVAILABLE').\n\tat com.ibm.msg.client.jakarta.wmq.common.internal.Reason.createException(Reason.java:203)\n\t... 18 common frames omitted\nCaused by: com.ibm.mq.jmqi.JmqiException: CC=2;RC=2538;AMQ9204: Connection to host 'ibm-mq.recon-platform.svc.cluster.local(1414)' rejected. [1=com.ibm.mq.jmqi.JmqiException[CC=2;RC=2538;AMQ9204: Connection to host 'ibm-mq.recon-platform.svc.cluster.local/10.100.195.132:1414' rejected. [1=java.net.ConnectException[Connection refused],3=ibm-mq.recon-platform.svc.cluster.local/10.100.195.132:1414,4=TCP,5=Socket.connect]],3=ibm-mq.recon-platform.svc.cluster.local(1414),4=,5=RemoteTCPConnection.bindAndConnectSocket]\n\tat com.ibm.mq.jmqi.remote.api.RemoteFAP$Connector.jmqiConnect(RemoteFAP.java:13687)\n\tat com.ibm.mq.jmqi.remote.api.RemoteFAP$Connector.access$100(RemoteFAP.java:13202)\n\tat com.ibm.mq.jmqi.remote.api.RemoteFAP.jmqiConnect(RemoteFAP.java:1451)\n\tat com.ibm.mq.jmqi.remote.api.RemoteFAP.jmqiConnect(RemoteFAP.java:1392)\n\tat com.ibm.mq.ese.jmqi.InterceptedJmqiImpl.jmqiConnect(InterceptedJmqiImpl.java:377)\n\tat com.ibm.mq.ese.jmqi.ESEJMQI.jmqiConnect(ESEJMQI.java:562)\n\tat com.ibm.msg.client.jakarta.wmq.internal.WMQConnection.<init>(WMQConnection.java:415)\n\t... 17 common frames omitted\nCaused by: com.ibm.mq.jmqi.JmqiException: CC=2;RC=2538;AMQ9204: Connection to host 'ibm-mq.recon-platform.svc.cluster.local/10.100.195.132:1414' rejected. [1=java.net.ConnectException[Connection refused],3=ibm-mq.recon-platform.svc.cluster.local/10.100.195.132:1414,4=TCP,5=Socket.connect]\n\tat com.ibm.mq.jmqi.remote.impl.RemoteTCPConnection.bindAndConnectSocket(RemoteTCPConnection.java:937)\n\tat com.ibm.mq.jmqi.remote.impl.RemoteTCPConnection.protocolConnect(RemoteTCPConnection.java:1511)\n\tat com.ibm.mq.jmqi.remote.impl.RemoteConnection.connect(RemoteConnection.java:1014)\n\tat com.ibm.mq.jmqi.remote.impl.RemoteConnectionSpecification.getNewConnection(RemoteConnectionSpecification.java:691)\n\tat com.ibm.mq.jmqi.remote.impl.RemoteConnectionSpecification.getSessionFromNewConnection(RemoteConnectionSpecification.java:283)\n\tat com.ibm.mq.jmqi.remote.impl.RemoteConnectionSpecification.getSession(RemoteConnectionSpecification.java:170)\n\tat com.ibm.mq.jmqi.remote.impl.RemoteConnectionPool.getSession(RemoteConnectionPool.java:128)\n\tat com.ibm.mq.jmqi.remote.api.RemoteFAP$Connector.jmqiConnect(RemoteFAP.java:13411)\n\t... 23 common frames omitted\nCaused by: java.net.ConnectException: Connection refused\n\tat java.base/sun.nio.ch.Net.connect0(Native Method)\n\tat java.base/sun.nio.ch.Net.connect(Unknown Source)\n\tat java.base/sun.nio.ch.Net.connect(Unknown Source)\n\tat java.base/sun.nio.ch.NioSocketImpl.connect(Unknown Source)\n\tat java.base/java.net.SocksSocketImpl.connect(Unknown Source)\n\tat java.base/java.net.Socket.connect(Unknown Source)\n\tat java.base/java.net.Socket.connect(Unknown Source)\n\tat com.ibm.mq.jmqi.remote.impl.RemoteTCPConnection$4.run(RemoteTCPConnection.java:1111)\n\tat com.ibm.mq.jmqi.remote.impl.RemoteTCPConnection$4.run(RemoteTCPConnection.java:1103)\n\tat java.base/java.security.AccessController.doPrivileged(Unknown Source)\n\tat com.ibm.mq.jmqi.remote.impl.RemoteTCPConnection.connectSocket(RemoteTCPConnection.java:1103)\n\tat com.ibm.mq.jmqi.remote.impl.RemoteTCPConnection.bindAndConnectSocket(RemoteTCPConnection.java:843)\n\t... 30 common frames omitted\n","appName":"recon-consumer-app","application":"recon-consumer-app"}
{"@timestamp":"2026-05-10T09:26:54.025162335Z","@version":"1","message":"Could not refresh JMS Connection for destination 'RECON.IN' - retrying using FixedBackOff{interval=5000, currentAttempts=18, maxAttempts=unlimited}. Cause: JMSWMQ0018: Failed to connect to queue manager 'QM1' with connection mode 'Client' and host name 'ibm-mq.recon-platform.svc.cluster.local(1414)'.; nested exception is com.ibm.mq.MQException: JMSCMQ0001: IBM MQ call failed with compcode '2' ('MQCC_FAILED') reason '2538' ('MQRC_HOST_NOT_AVAILABLE').","logger_name":"org.springframework.jms.listener.DefaultMessageListenerContainer","thread_name":"org.springframework.jms.JmsListenerEndpointContainer#1-8","level":"ERROR","level_value":40000,"stack_trace":"com.ibm.msg.client.jakarta.jms.DetailedIllegalStateException: JMSWMQ0018: Failed to connect to queue manager 'QM1' with connection mode 'Client' and host name 'ibm-mq.recon-platform.svc.cluster.local(1414)'.\n\tat com.ibm.msg.client.jakarta.wmq.common.internal.Reason.reasonToException(Reason.java:489)\n\tat com.ibm.msg.client.jakarta.wmq.common.internal.Reason.createException(Reason.java:215)\n\tat com.ibm.msg.client.jakarta.wmq.internal.WMQConnection.<init>(WMQConnection.java:482)\n\tat com.ibm.msg.client.jakarta.wmq.factories.WMQConnectionFactory.createV7ProviderConnection(WMQConnectionFactory.java:9009)\n\tat com.ibm.msg.client.jakarta.wmq.factories.WMQConnectionFactory.createProviderConnection(WMQConnectionFactory.java:8349)\n\tat com.ibm.msg.client.jakarta.jms.admin.JmsConnectionFactoryImpl._createConnection(JmsConnectionFactoryImpl.java:322)\n\tat com.ibm.msg.client.jakarta.jms.admin.JmsConnectionFactoryImpl.createConnection(JmsConnectionFactoryImpl.java:242)\n\tat com.ibm.mq.jakarta.jms.MQConnectionFactory.createCommonConnection(MQConnectionFactory.java:6193)\n\tat com.ibm.mq.jakarta.jms.MQConnectionFactory.createConnection(MQConnectionFactory.java:6222)\n\tat org.springframework.jms.connection.SingleConnectionFactory.doCreateConnection(SingleConnectionFactory.java:452)\n\tat org.springframework.jms.connection.SingleConnectionFactory.initConnection(SingleConnectionFactory.java:414)\n\tat org.springframework.jms.connection.SingleConnectionFactory.getConnection(SingleConnectionFactory.java:328)\n\tat org.springframework.jms.connection.SingleConnectionFactory.createConnection(SingleConnectionFactory.java:243)\n\tat org.springframework.jms.support.JmsAccessor.createConnection(JmsAccessor.java:211)\n\tat org.springframework.jms.listener.AbstractJmsListeningContainer.createSharedConnection(AbstractJmsListeningContainer.java:405)\n\tat org.springframework.jms.listener.AbstractJmsListeningContainer.refreshSharedConnection(AbstractJmsListeningContainer.java:390)\n\tat org.springframework.jms.listener.DefaultMessageListenerContainer.refreshConnectionUntilSuccessful(DefaultMessageListenerContainer.java:1004)\n\tat org.springframework.jms.listener.DefaultMessageListenerContainer.recoverAfterListenerSetupFailure(DefaultMessageListenerContainer.java:978)\n\tat org.springframework.jms.listener.DefaultMessageListenerContainer$AsyncMessageListenerInvoker.run(DefaultMessageListenerContainer.java:1166)\n\tat java.base/java.lang.Thread.run(Unknown Source)\nCaused by: com.ibm.mq.MQException: JMSCMQ0001: IBM MQ call failed with compcode '2' ('MQCC_FAILED') reason '2538' ('MQRC_HOST_NOT_AVAILABLE').\n\tat com.ibm.msg.client.jakarta.wmq.common.internal.Reason.createException(Reason.java:203)\n\t... 18 common frames omitted\nCaused by: com.ibm.mq.jmqi.JmqiException: CC=2;RC=2538;AMQ9204: Connection to host 'ibm-mq.recon-platform.svc.cluster.local(1414)' rejected. [1=com.ibm.mq.jmqi.JmqiException[CC=2;RC=2538;AMQ9204: Connection to host 'ibm-mq.recon-platform.svc.cluster.local/10.100.195.132:1414' rejected. [1=java.net.ConnectException[Connection refused],3=ibm-mq.recon-platform.svc.cluster.local/10.100.195.132:1414,4=TCP,5=Socket.connect]],3=ibm-mq.recon-platform.svc.cluster.local(1414),4=,5=RemoteTCPConnection.bindAndConnectSocket]\n\tat com.ibm.mq.jmqi.remote.api.RemoteFAP$Connector.jmqiConnect(RemoteFAP.java:13687)\n\tat com.ibm.mq.jmqi.remote.api.RemoteFAP$Connector.access$100(RemoteFAP.java:13202)\n\tat com.ibm.mq.jmqi.remote.api.RemoteFAP.jmqiConnect(RemoteFAP.java:1451)\n\tat com.ibm.mq.jmqi.remote.api.RemoteFAP.jmqiConnect(RemoteFAP.java:1392)\n\tat com.ibm.mq.ese.jmqi.InterceptedJmqiImpl.jmqiConnect(InterceptedJmqiImpl.java:377)\n\tat com.ibm.mq.ese.jmqi.ESEJMQI.jmqiConnect(ESEJMQI.java:562)\n\tat com.ibm.msg.client.jakarta.wmq.internal.WMQConnection.<init>(WMQConnection.java:415)\n\t... 17 common frames omitted\nCaused by: com.ibm.mq.jmqi.JmqiException: CC=2;RC=2538;AMQ9204: Connection to host 'ibm-mq.recon-platform.svc.cluster.local/10.100.195.132:1414' rejected. [1=java.net.ConnectException[Connection refused],3=ibm-mq.recon-platform.svc.cluster.local/10.100.195.132:1414,4=TCP,5=Socket.connect]\n\tat com.ibm.mq.jmqi.remote.impl.RemoteTCPConnection.bindAndConnectSocket(RemoteTCPConnection.java:937)\n\tat com.ibm.mq.jmqi.remote.impl.RemoteTCPConnection.protocolConnect(RemoteTCPConnection.java:1511)\n\tat com.ibm.mq.jmqi.remote.impl.RemoteConnection.connect(RemoteConnection.java:1014)\n\tat com.ibm.mq.jmqi.remote.impl.RemoteConnectionSpecification.getNewConnection(RemoteConnectionSpecification.java:691)\n\tat com.ibm.mq.jmqi.remote.impl.RemoteConnectionSpecification.getSessionFromNewConnection(RemoteConnectionSpecification.java:283)\n\tat com.ibm.mq.jmqi.remote.impl.RemoteConnectionSpecification.getSession(RemoteConnectionSpecification.java:170)\n\tat com.ibm.mq.jmqi.remote.impl.RemoteConnectionPool.getSession(RemoteConnectionPool.java:128)\n\tat com.ibm.mq.jmqi.remote.api.RemoteFAP$Connector.jmqiConnect(RemoteFAP.java:13411)\n\t... 23 common frames omitted\nCaused by: java.net.ConnectException: Connection refused\n\tat java.base/sun.nio.ch.Net.connect0(Native Method)\n\tat java.base/sun.nio.ch.Net.connect(Unknown Source)\n\tat java.base/sun.nio.ch.Net.connect(Unknown Source)\n\tat java.base/sun.nio.ch.NioSocketImpl.connect(Unknown Source)\n\tat java.base/java.net.SocksSocketImpl.connect(Unknown Source)\n\tat java.base/java.net.Socket.connect(Unknown Source)\n\tat java.base/java.net.Socket.connect(Unknown Source)\n\tat com.ibm.mq.jmqi.remote.impl.RemoteTCPConnection$4.run(RemoteTCPConnection.java:1111)\n\tat com.ibm.mq.jmqi.remote.impl.RemoteTCPConnection$4.run(RemoteTCPConnection.java:1103)\n\tat java.base/java.security.AccessController.doPrivileged(Unknown Source)\n\tat com.ibm.mq.jmqi.remote.impl.RemoteTCPConnection.connectSocket(RemoteTCPConnection.java:1103)\n\tat com.ibm.mq.jmqi.remote.impl.RemoteTCPConnection.bindAndConnectSocket(RemoteTCPConnection.java:843)\n\t... 30 common frames omitted\n","appName":"recon-consumer-app","application":"recon-consumer-app"}
{"@timestamp":"2026-05-10T09:26:58.025081301Z","@version":"1","message":"Could not refresh JMS Connection for destination 'RECON.RETRY' - retrying using FixedBackOff{interval=5000, currentAttempts=19, maxAttempts=unlimited}. Cause: JMSWMQ0018: Failed to connect to queue manager 'QM1' with connection mode 'Client' and host name 'ibm-mq.recon-platform.svc.cluster.local(1414)'.; nested exception is com.ibm.mq.MQException: JMSCMQ0001: IBM MQ call failed with compcode '2' ('MQCC_FAILED') reason '2538' ('MQRC_HOST_NOT_AVAILABLE').","logger_name":"org.springframework.jms.listener.DefaultMessageListenerContainer","thread_name":"org.springframework.jms.JmsListenerEndpointContainer#2-2","level":"ERROR","level_value":40000,"stack_trace":"com.ibm.msg.client.jakarta.jms.DetailedIllegalStateException: JMSWMQ0018: Failed to connect to queue manager 'QM1' with connection mode 'Client' and host name 'ibm-mq.recon-platform.svc.cluster.local(1414)'.\n\tat com.ibm.msg.client.jakarta.wmq.common.internal.Reason.reasonToException(Reason.java:489)\n\tat com.ibm.msg.client.jakarta.wmq.common.internal.Reason.createException(Reason.java:215)\n\tat com.ibm.msg.client.jakarta.wmq.internal.WMQConnection.<init>(WMQConnection.java:482)\n\tat com.ibm.msg.client.jakarta.wmq.factories.WMQConnectionFactory.createV7ProviderConnection(WMQConnectionFactory.java:9009)\n\tat com.ibm.msg.client.jakarta.wmq.factories.WMQConnectionFactory.createProviderConnection(WMQConnectionFactory.java:8349)\n\tat com.ibm.msg.client.jakarta.jms.admin.JmsConnectionFactoryImpl._createConnection(JmsConnectionFactoryImpl.java:322)\n\tat com.ibm.msg.client.jakarta.jms.admin.JmsConnectionFactoryImpl.createConnection(JmsConnectionFactoryImpl.java:242)\n\tat com.ibm.mq.jakarta.jms.MQConnectionFactory.createCommonConnection(MQConnectionFactory.java:6193)\n\tat com.ibm.mq.jakarta.jms.MQConnectionFactory.createConnection(MQConnectionFactory.java:6222)\n\tat org.springframework.jms.connection.SingleConnectionFactory.doCreateConnection(SingleConnectionFactory.java:452)\n\tat org.springframework.jms.connection.SingleConnectionFactory.initConnection(SingleConnectionFactory.java:414)\n\tat org.springframework.jms.connection.SingleConnectionFactory.getConnection(SingleConnectionFactory.java:328)\n\tat org.springframework.jms.connection.SingleConnectionFactory.createConnection(SingleConnectionFactory.java:243)\n\tat org.springframework.jms.support.JmsAccessor.createConnection(JmsAccessor.java:211)\n\tat org.springframework.jms.listener.AbstractJmsListeningContainer.createSharedConnection(AbstractJmsListeningContainer.java:405)\n\tat org.springframework.jms.listener.AbstractJmsListeningContainer.refreshSharedConnection(AbstractJmsListeningContainer.java:390)\n\tat org.springframework.jms.listener.DefaultMessageListenerContainer.refreshConnectionUntilSuccessful(DefaultMessageListenerContainer.java:1004)\n\tat org.springframework.jms.listener.DefaultMessageListenerContainer.recoverAfterListenerSetupFailure(DefaultMessageListenerContainer.java:978)\n\tat org.springframework.jms.listener.DefaultMessageListenerContainer$AsyncMessageListenerInvoker.run(DefaultMessageListenerContainer.java:1166)\n\tat java.base/java.lang.Thread.run(Unknown Source)\nCaused by: com.ibm.mq.MQException: JMSCMQ0001: IBM MQ call failed with compcode '2' ('MQCC_FAILED') reason '2538' ('MQRC_HOST_NOT_AVAILABLE').\n\tat com.ibm.msg.client.jakarta.wmq.common.internal.Reason.createException(Reason.java:203)\n\t... 18 common frames omitted\nCaused by: com.ibm.mq.jmqi.JmqiException: CC=2;RC=2538;AMQ9204: Connection to host 'ibm-mq.recon-platform.svc.cluster.local(1414)' rejected. [1=com.ibm.mq.jmqi.JmqiException[CC=2;RC=2538;AMQ9204: Connection to host 'ibm-mq.recon-platform.svc.cluster.local/10.100.195.132:1414' rejected. [1=java.net.ConnectException[Connection refused],3=ibm-mq.recon-platform.svc.cluster.local/10.100.195.132:1414,4=TCP,5=Socket.connect]],3=ibm-mq.recon-platform.svc.cluster.local(1414),4=,5=RemoteTCPConnection.bindAndConnectSocket]\n\tat com.ibm.mq.jmqi.remote.api.RemoteFAP$Connector.jmqiConnect(RemoteFAP.java:13687)\n\tat com.ibm.mq.jmqi.remote.api.RemoteFAP$Connector.access$100(RemoteFAP.java:13202)\n\tat com.ibm.mq.jmqi.remote.api.RemoteFAP.jmqiConnect(RemoteFAP.java:1451)\n\tat com.ibm.mq.jmqi.remote.api.RemoteFAP.jmqiConnect(RemoteFAP.java:1392)\n\tat com.ibm.mq.ese.jmqi.InterceptedJmqiImpl.jmqiConnect(InterceptedJmqiImpl.java:377)\n\tat com.ibm.mq.ese.jmqi.ESEJMQI.jmqiConnect(ESEJMQI.java:562)\n\tat com.ibm.msg.client.jakarta.wmq.internal.WMQConnection.<init>(WMQConnection.java:415)\n\t... 17 common frames omitted\nCaused by: com.ibm.mq.jmqi.JmqiException: CC=2;RC=2538;AMQ9204: Connection to host 'ibm-mq.recon-platform.svc.cluster.local/10.100.195.132:1414' rejected. [1=java.net.ConnectException[Connection refused],3=ibm-mq.recon-platform.svc.cluster.local/10.100.195.132:1414,4=TCP,5=Socket.connect]\n\tat com.ibm.mq.jmqi.remote.impl.RemoteTCPConnection.bindAndConnectSocket(RemoteTCPConnection.java:937)\n\tat com.ibm.mq.jmqi.remote.impl.RemoteTCPConnection.protocolConnect(RemoteTCPConnection.java:1511)\n\tat com.ibm.mq.jmqi.remote.impl.RemoteConnection.connect(RemoteConnection.java:1014)\n\tat com.ibm.mq.jmqi.remote.impl.RemoteConnectionSpecification.getNewConnection(RemoteConnectionSpecification.java:691)\n\tat com.ibm.mq.jmqi.remote.impl.RemoteConnectionSpecification.getSessionFromNewConnection(RemoteConnectionSpecification.java:283)\n\tat com.ibm.mq.jmqi.remote.impl.RemoteConnectionSpecification.getSession(RemoteConnectionSpecification.java:170)\n\tat com.ibm.mq.jmqi.remote.impl.RemoteConnectionPool.getSession(RemoteConnectionPool.java:128)\n\tat com.ibm.mq.jmqi.remote.api.RemoteFAP$Connector.jmqiConnect(RemoteFAP.java:13411)\n\t... 23 common frames omitted\nCaused by: java.net.ConnectException: Connection refused\n\tat java.base/sun.nio.ch.Net.connect0(Native Method)\n\tat java.base/sun.nio.ch.Net.connect(Unknown Source)\n\tat java.base/sun.nio.ch.Net.connect(Unknown Source)\n\tat java.base/sun.nio.ch.NioSocketImpl.connect(Unknown Source)\n\tat java.base/java.net.SocksSocketImpl.connect(Unknown Source)\n\tat java.base/java.net.Socket.connect(Unknown Source)\n\tat java.base/java.net.Socket.connect(Unknown Source)\n\tat com.ibm.mq.jmqi.remote.impl.RemoteTCPConnection$4.run(RemoteTCPConnection.java:1111)\n\tat com.ibm.mq.jmqi.remote.impl.RemoteTCPConnection$4.run(RemoteTCPConnection.java:1103)\n\tat java.base/java.security.AccessController.doPrivileged(Unknown Source)\n\tat com.ibm.mq.jmqi.remote.impl.RemoteTCPConnection.connectSocket(RemoteTCPConnection.java:1103)\n\tat com.ibm.mq.jmqi.remote.impl.RemoteTCPConnection.bindAndConnectSocket(RemoteTCPConnection.java:843)\n\t... 30 common frames omitted\n","appName":"recon-consumer-app","application":"recon-consumer-app"}
{"@timestamp":"2026-05-10T09:26:59.065174598Z","@version":"1","message":"Could not refresh JMS Connection for destination 'SYSTEM.DEAD.LETTER.QUEUE' - retrying using FixedBackOff{interval=5000, currentAttempts=19, maxAttempts=unlimited}. Cause: JMSWMQ0018: Failed to connect to queue manager 'QM1' with connection mode 'Client' and host name 'ibm-mq.recon-platform.svc.cluster.local(1414)'.; nested exception is com.ibm.mq.MQException: JMSCMQ0001: IBM MQ call failed with compcode '2' ('MQCC_FAILED') reason '2538' ('MQRC_HOST_NOT_AVAILABLE').","logger_name":"org.springframework.jms.listener.DefaultMessageListenerContainer","thread_name":"org.springframework.jms.JmsListenerEndpointContainer#0-1","level":"ERROR","level_value":40000,"stack_trace":"com.ibm.msg.client.jakarta.jms.DetailedIllegalStateException: JMSWMQ0018: Failed to connect to queue manager 'QM1' with connection mode 'Client' and host name 'ibm-mq.recon-platform.svc.cluster.local(1414)'.\n\tat com.ibm.msg.client.jakarta.wmq.common.internal.Reason.reasonToException(Reason.java:489)\n\tat com.ibm.msg.client.jakarta.wmq.common.internal.Reason.createException(Reason.java:215)\n\tat com.ibm.msg.client.jakarta.wmq.internal.WMQConnection.<init>(WMQConnection.java:482)\n\tat com.ibm.msg.client.jakarta.wmq.factories.WMQConnectionFactory.createV7ProviderConnection(WMQConnectionFactory.java:9009)\n\tat com.ibm.msg.client.jakarta.wmq.factories.WMQConnectionFactory.createProviderConnection(WMQConnectionFactory.java:8349)\n\tat com.ibm.msg.client.jakarta.jms.admin.JmsConnectionFactoryImpl._createConnection(JmsConnectionFactoryImpl.java:322)\n\tat com.ibm.msg.client.jakarta.jms.admin.JmsConnectionFactoryImpl.createConnection(JmsConnectionFactoryImpl.java:242)\n\tat com.ibm.mq.jakarta.jms.MQConnectionFactory.createCommonConnection(MQConnectionFactory.java:6193)\n\tat com.ibm.mq.jakarta.jms.MQConnectionFactory.createConnection(MQConnectionFactory.java:6222)\n\tat org.springframework.jms.connection.SingleConnectionFactory.doCreateConnection(SingleConnectionFactory.java:452)\n\tat org.springframework.jms.connection.SingleConnectionFactory.initConnection(SingleConnectionFactory.java:414)\n\tat org.springframework.jms.connection.SingleConnectionFactory.getConnection(SingleConnectionFactory.java:328)\n\tat org.springframework.jms.connection.SingleConnectionFactory.createConnection(SingleConnectionFactory.java:243)\n\tat org.springframework.jms.support.JmsAccessor.createConnection(JmsAccessor.java:211)\n\tat org.springframework.jms.listener.AbstractJmsListeningContainer.createSharedConnection(AbstractJmsListeningContainer.java:405)\n\tat org.springframework.jms.listener.AbstractJmsListeningContainer.refreshSharedConnection(AbstractJmsListeningContainer.java:390)\n\tat org.springframework.jms.listener.DefaultMessageListenerContainer.refreshConnectionUntilSuccessful(DefaultMessageListenerContainer.java:1004)\n\tat org.springframework.jms.listener.DefaultMessageListenerContainer.recoverAfterListenerSetupFailure(DefaultMessageListenerContainer.java:978)\n\tat org.springframework.jms.listener.DefaultMessageListenerContainer$AsyncMessageListenerInvoker.run(DefaultMessageListenerContainer.java:1166)\n\tat java.base/java.lang.Thread.run(Unknown Source)\nCaused by: com.ibm.mq.MQException: JMSCMQ0001: IBM MQ call failed with compcode '2' ('MQCC_FAILED') reason '2538' ('MQRC_HOST_NOT_AVAILABLE').\n\tat com.ibm.msg.client.jakarta.wmq.common.internal.Reason.createException(Reason.java:203)\n\t... 18 common frames omitted\nCaused by: com.ibm.mq.jmqi.JmqiException: CC=2;RC=2538;AMQ9204: Connection to host 'ibm-mq.recon-platform.svc.cluster.local(1414)' rejected. [1=com.ibm.mq.jmqi.JmqiException[CC=2;RC=2538;AMQ9204: Connection to host 'ibm-mq.recon-platform.svc.cluster.local/10.100.195.132:1414' rejected. [1=java.net.ConnectException[Connection refused],3=ibm-mq.recon-platform.svc.cluster.local/10.100.195.132:1414,4=TCP,5=Socket.connect]],3=ibm-mq.recon-platform.svc.cluster.local(1414),4=,5=RemoteTCPConnection.bindAndConnectSocket]\n\tat com.ibm.mq.jmqi.remote.api.RemoteFAP$Connector.jmqiConnect(RemoteFAP.java:13687)\n\tat com.ibm.mq.jmqi.remote.api.RemoteFAP$Connector.access$100(RemoteFAP.java:13202)\n\tat com.ibm.mq.jmqi.remote.api.RemoteFAP.jmqiConnect(RemoteFAP.java:1451)\n\tat com.ibm.mq.jmqi.remote.api.RemoteFAP.jmqiConnect(RemoteFAP.java:1392)\n\tat com.ibm.mq.ese.jmqi.InterceptedJmqiImpl.jmqiConnect(InterceptedJmqiImpl.java:377)\n\tat com.ibm.mq.ese.jmqi.ESEJMQI.jmqiConnect(ESEJMQI.java:562)\n\tat com.ibm.msg.client.jakarta.wmq.internal.WMQConnection.<init>(WMQConnection.java:415)\n\t... 17 common frames omitted\nCaused by: com.ibm.mq.jmqi.JmqiException: CC=2;RC=2538;AMQ9204: Connection to host 'ibm-mq.recon-platform.svc.cluster.local/10.100.195.132:1414' rejected. [1=java.net.ConnectException[Connection refused],3=ibm-mq.recon-platform.svc.cluster.local/10.100.195.132:1414,4=TCP,5=Socket.connect]\n\tat com.ibm.mq.jmqi.remote.impl.RemoteTCPConnection.bindAndConnectSocket(RemoteTCPConnection.java:937)\n\tat com.ibm.mq.jmqi.remote.impl.RemoteTCPConnection.protocolConnect(RemoteTCPConnection.java:1511)\n\tat com.ibm.mq.jmqi.remote.impl.RemoteConnection.connect(RemoteConnection.java:1014)\n\tat com.ibm.mq.jmqi.remote.impl.RemoteConnectionSpecification.getNewConnection(RemoteConnectionSpecification.java:691)\n\tat com.ibm.mq.jmqi.remote.impl.RemoteConnectionSpecification.getSessionFromNewConnection(RemoteConnectionSpecification.java:283)\n\tat com.ibm.mq.jmqi.remote.impl.RemoteConnectionSpecification.getSession(RemoteConnectionSpecification.java:170)\n\tat com.ibm.mq.jmqi.remote.impl.RemoteConnectionPool.getSession(RemoteConnectionPool.java:128)\n\tat com.ibm.mq.jmqi.remote.api.RemoteFAP$Connector.jmqiConnect(RemoteFAP.java:13411)\n\t... 23 common frames omitted\nCaused by: java.net.ConnectException: Connection refused\n\tat java.base/sun.nio.ch.Net.connect0(Native Method)\n\tat java.base/sun.nio.ch.Net.connect(Unknown Source)\n\tat java.base/sun.nio.ch.Net.connect(Unknown Source)\n\tat java.base/sun.nio.ch.NioSocketImpl.connect(Unknown Source)\n\tat java.base/java.net.SocksSocketImpl.connect(Unknown Source)\n\tat java.base/java.net.Socket.connect(Unknown Source)\n\tat java.base/java.net.Socket.connect(Unknown Source)\n\tat com.ibm.mq.jmqi.remote.impl.RemoteTCPConnection$4.run(RemoteTCPConnection.java:1111)\n\tat com.ibm.mq.jmqi.remote.impl.RemoteTCPConnection$4.run(RemoteTCPConnection.java:1103)\n\tat java.base/java.security.AccessController.doPrivileged(Unknown Source)\n\tat com.ibm.mq.jmqi.remote.impl.RemoteTCPConnection.connectSocket(RemoteTCPConnection.java:1103)\n\tat com.ibm.mq.jmqi.remote.impl.RemoteTCPConnection.bindAndConnectSocket(RemoteTCPConnection.java:843)\n\t... 30 common frames omitted\n","appName":"recon-consumer-app","application":"recon-consumer-app"}
{"@timestamp":"2026-05-10T09:27:00.105354022Z","@version":"1","message":"Could not refresh JMS Connection for destination 'RECON.IN' - retrying using FixedBackOff{interval=5000, currentAttempts=19, maxAttempts=unlimited}. Cause: JMSWMQ0018: Failed to connect to queue manager 'QM1' with connection mode 'Client' and host name 'ibm-mq.recon-platform.svc.cluster.local(1414)'.; nested exception is com.ibm.mq.MQException: JMSCMQ0001: IBM MQ call failed with compcode '2' ('MQCC_FAILED') reason '2538' ('MQRC_HOST_NOT_AVAILABLE').","logger_name":"org.springframework.jms.listener.DefaultMessageListenerContainer","thread_name":"org.springframework.jms.JmsListenerEndpointContainer#1-8","level":"ERROR","level_value":40000,"stack_trace":"com.ibm.msg.client.jakarta.jms.DetailedIllegalStateException: JMSWMQ0018: Failed to connect to queue manager 'QM1' with connection mode 'Client' and host name 'ibm-mq.recon-platform.svc.cluster.local(1414)'.\n\tat com.ibm.msg.client.jakarta.wmq.common.internal.Reason.reasonToException(Reason.java:489)\n\tat com.ibm.msg.client.jakarta.wmq.common.internal.Reason.createException(Reason.java:215)\n\tat com.ibm.msg.client.jakarta.wmq.internal.WMQConnection.<init>(WMQConnection.java:482)\n\tat com.ibm.msg.client.jakarta.wmq.factories.WMQConnectionFactory.createV7ProviderConnection(WMQConnectionFactory.java:9009)\n\tat com.ibm.msg.client.jakarta.wmq.factories.WMQConnectionFactory.createProviderConnection(WMQConnectionFactory.java:8349)\n\tat com.ibm.msg.client.jakarta.jms.admin.JmsConnectionFactoryImpl._createConnection(JmsConnectionFactoryImpl.java:322)\n\tat com.ibm.msg.client.jakarta.jms.admin.JmsConnectionFactoryImpl.createConnection(JmsConnectionFactoryImpl.java:242)\n\tat com.ibm.mq.jakarta.jms.MQConnectionFactory.createCommonConnection(MQConnectionFactory.java:6193)\n\tat com.ibm.mq.jakarta.jms.MQConnectionFactory.createConnection(MQConnectionFactory.java:6222)\n\tat org.springframework.jms.connection.SingleConnectionFactory.doCreateConnection(SingleConnectionFactory.java:452)\n\tat org.springframework.jms.connection.SingleConnectionFactory.initConnection(SingleConnectionFactory.java:414)\n\tat org.springframework.jms.connection.SingleConnectionFactory.getConnection(SingleConnectionFactory.java:328)\n\tat org.springframework.jms.connection.SingleConnectionFactory.createConnection(SingleConnectionFactory.java:243)\n\tat org.springframework.jms.support.JmsAccessor.createConnection(JmsAccessor.java:211)\n\tat org.springframework.jms.listener.AbstractJmsListeningContainer.createSharedConnection(AbstractJmsListeningContainer.java:405)\n\tat org.springframework.jms.listener.AbstractJmsListeningContainer.refreshSharedConnection(AbstractJmsListeningContainer.java:390)\n\tat org.springframework.jms.listener.DefaultMessageListenerContainer.refreshConnectionUntilSuccessful(DefaultMessageListenerContainer.java:1004)\n\tat org.springframework.jms.listener.DefaultMessageListenerContainer.recoverAfterListenerSetupFailure(DefaultMessageListenerContainer.java:978)\n\tat org.springframework.jms.listener.DefaultMessageListenerContainer$AsyncMessageListenerInvoker.run(DefaultMessageListenerContainer.java:1166)\n\tat java.base/java.lang.Thread.run(Unknown Source)\nCaused by: com.ibm.mq.MQException: JMSCMQ0001: IBM MQ call failed with compcode '2' ('MQCC_FAILED') reason '2538' ('MQRC_HOST_NOT_AVAILABLE').\n\tat com.ibm.msg.client.jakarta.wmq.common.internal.Reason.createException(Reason.java:203)\n\t... 18 common frames omitted\nCaused by: com.ibm.mq.jmqi.JmqiException: CC=2;RC=2538;AMQ9204: Connection to host 'ibm-mq.recon-platform.svc.cluster.local(1414)' rejected. [1=com.ibm.mq.jmqi.JmqiException[CC=2;RC=2538;AMQ9204: Connection to host 'ibm-mq.recon-platform.svc.cluster.local/10.100.195.132:1414' rejected. [1=java.net.ConnectException[Connection refused],3=ibm-mq.recon-platform.svc.cluster.local/10.100.195.132:1414,4=TCP,5=Socket.connect]],3=ibm-mq.recon-platform.svc.cluster.local(1414),4=,5=RemoteTCPConnection.bindAndConnectSocket]\n\tat com.ibm.mq.jmqi.remote.api.RemoteFAP$Connector.jmqiConnect(RemoteFAP.java:13687)\n\tat com.ibm.mq.jmqi.remote.api.RemoteFAP$Connector.access$100(RemoteFAP.java:13202)\n\tat com.ibm.mq.jmqi.remote.api.RemoteFAP.jmqiConnect(RemoteFAP.java:1451)\n\tat com.ibm.mq.jmqi.remote.api.RemoteFAP.jmqiConnect(RemoteFAP.java:1392)\n\tat com.ibm.mq.ese.jmqi.InterceptedJmqiImpl.jmqiConnect(InterceptedJmqiImpl.java:377)\n\tat com.ibm.mq.ese.jmqi.ESEJMQI.jmqiConnect(ESEJMQI.java:562)\n\tat com.ibm.msg.client.jakarta.wmq.internal.WMQConnection.<init>(WMQConnection.java:415)\n\t... 17 common frames omitted\nCaused by: com.ibm.mq.jmqi.JmqiException: CC=2;RC=2538;AMQ9204: Connection to host 'ibm-mq.recon-platform.svc.cluster.local/10.100.195.132:1414' rejected. [1=java.net.ConnectException[Connection refused],3=ibm-mq.recon-platform.svc.cluster.local/10.100.195.132:1414,4=TCP,5=Socket.connect]\n\tat com.ibm.mq.jmqi.remote.impl.RemoteTCPConnection.bindAndConnectSocket(RemoteTCPConnection.java:937)\n\tat com.ibm.mq.jmqi.remote.impl.RemoteTCPConnection.protocolConnect(RemoteTCPConnection.java:1511)\n\tat com.ibm.mq.jmqi.remote.impl.RemoteConnection.connect(RemoteConnection.java:1014)\n\tat com.ibm.mq.jmqi.remote.impl.RemoteConnectionSpecification.getNewConnection(RemoteConnectionSpecification.java:691)\n\tat com.ibm.mq.jmqi.remote.impl.RemoteConnectionSpecification.getSessionFromNewConnection(RemoteConnectionSpecification.java:283)\n\tat com.ibm.mq.jmqi.remote.impl.RemoteConnectionSpecification.getSession(RemoteConnectionSpecification.java:170)\n\tat com.ibm.mq.jmqi.remote.impl.RemoteConnectionPool.getSession(RemoteConnectionPool.java:128)\n\tat com.ibm.mq.jmqi.remote.api.RemoteFAP$Connector.jmqiConnect(RemoteFAP.java:13411)\n\t... 23 common frames omitted\nCaused by: java.net.ConnectException: Connection refused\n\tat java.base/sun.nio.ch.Net.connect0(Native Method)\n\tat java.base/sun.nio.ch.Net.connect(Unknown Source)\n\tat java.base/sun.nio.ch.Net.connect(Unknown Source)\n\tat java.base/sun.nio.ch.NioSocketImpl.connect(Unknown Source)\n\tat java.base/java.net.SocksSocketImpl.connect(Unknown Source)\n\tat java.base/java.net.Socket.connect(Unknown Source)\n\tat java.base/java.net.Socket.connect(Unknown Source)\n\tat com.ibm.mq.jmqi.remote.impl.RemoteTCPConnection$4.run(RemoteTCPConnection.java:1111)\n\tat com.ibm.mq.jmqi.remote.impl.RemoteTCPConnection$4.run(RemoteTCPConnection.java:1103)\n\tat java.base/java.security.AccessController.doPrivileged(Unknown Source)\n\tat com.ibm.mq.jmqi.remote.impl.RemoteTCPConnection.connectSocket(RemoteTCPConnection.java:1103)\n\tat com.ibm.mq.jmqi.remote.impl.RemoteTCPConnection.bindAndConnectSocket(RemoteTCPConnection.java:843)\n\t... 30 common frames omitted\n","appName":"recon-consumer-app","application":"recon-consumer-app"}
{"@timestamp":"2026-05-10T09:27:04.105442427Z","@version":"1","message":"Could not refresh JMS Connection for destination 'RECON.RETRY' - retrying using FixedBackOff{interval=5000, currentAttempts=20, maxAttempts=unlimited}. Cause: JMSWMQ0018: Failed to connect to queue manager 'QM1' with connection mode 'Client' and host name 'ibm-mq.recon-platform.svc.cluster.local(1414)'.; nested exception is com.ibm.mq.MQException: JMSCMQ0001: IBM MQ call failed with compcode '2' ('MQCC_FAILED') reason '2538' ('MQRC_HOST_NOT_AVAILABLE').","logger_name":"org.springframework.jms.listener.DefaultMessageListenerContainer","thread_name":"org.springframework.jms.JmsListenerEndpointContainer#2-2","level":"ERROR","level_value":40000,"stack_trace":"com.ibm.msg.client.jakarta.jms.DetailedIllegalStateException: JMSWMQ0018: Failed to connect to queue manager 'QM1' with connection mode 'Client' and host name 'ibm-mq.recon-platform.svc.cluster.local(1414)'.\n\tat com.ibm.msg.client.jakarta.wmq.common.internal.Reason.reasonToException(Reason.java:489)\n\tat com.ibm.msg.client.jakarta.wmq.common.internal.Reason.createException(Reason.java:215)\n\tat com.ibm.msg.client.jakarta.wmq.internal.WMQConnection.<init>(WMQConnection.java:482)\n\tat com.ibm.msg.client.jakarta.wmq.factories.WMQConnectionFactory.createV7ProviderConnection(WMQConnectionFactory.java:9009)\n\tat com.ibm.msg.client.jakarta.wmq.factories.WMQConnectionFactory.createProviderConnection(WMQConnectionFactory.java:8349)\n\tat com.ibm.msg.client.jakarta.jms.admin.JmsConnectionFactoryImpl._createConnection(JmsConnectionFactoryImpl.java:322)\n\tat com.ibm.msg.client.jakarta.jms.admin.JmsConnectionFactoryImpl.createConnection(JmsConnectionFactoryImpl.java:242)\n\tat com.ibm.mq.jakarta.jms.MQConnectionFactory.createCommonConnection(MQConnectionFactory.java:6193)\n\tat com.ibm.mq.jakarta.jms.MQConnectionFactory.createConnection(MQConnectionFactory.java:6222)\n\tat org.springframework.jms.connection.SingleConnectionFactory.doCreateConnection(SingleConnectionFactory.java:452)\n\tat org.springframework.jms.connection.SingleConnectionFactory.initConnection(SingleConnectionFactory.java:414)\n\tat org.springframework.jms.connection.SingleConnectionFactory.getConnection(SingleConnectionFactory.java:328)\n\tat org.springframework.jms.connection.SingleConnectionFactory.createConnection(SingleConnectionFactory.java:243)\n\tat org.springframework.jms.support.JmsAccessor.createConnection(JmsAccessor.java:211)\n\tat org.springframework.jms.listener.AbstractJmsListeningContainer.createSharedConnection(AbstractJmsListeningContainer.java:405)\n\tat org.springframework.jms.listener.AbstractJmsListeningContainer.refreshSharedConnection(AbstractJmsListeningContainer.java:390)\n\tat org.springframework.jms.listener.DefaultMessageListenerContainer.refreshConnectionUntilSuccessful(DefaultMessageListenerContainer.java:1004)\n\tat org.springframework.jms.listener.DefaultMessageListenerContainer.recoverAfterListenerSetupFailure(DefaultMessageListenerContainer.java:978)\n\tat org.springframework.jms.listener.DefaultMessageListenerContainer$AsyncMessageListenerInvoker.run(DefaultMessageListenerContainer.java:1166)\n\tat java.base/java.lang.Thread.run(Unknown Source)\nCaused by: com.ibm.mq.MQException: JMSCMQ0001: IBM MQ call failed with compcode '2' ('MQCC_FAILED') reason '2538' ('MQRC_HOST_NOT_AVAILABLE').\n\tat com.ibm.msg.client.jakarta.wmq.common.internal.Reason.createException(Reason.java:203)\n\t... 18 common frames omitted\nCaused by: com.ibm.mq.jmqi.JmqiException: CC=2;RC=2538;AMQ9204: Connection to host 'ibm-mq.recon-platform.svc.cluster.local(1414)' rejected. [1=com.ibm.mq.jmqi.JmqiException[CC=2;RC=2538;AMQ9204: Connection to host 'ibm-mq.recon-platform.svc.cluster.local/10.100.195.132:1414' rejected. [1=java.net.ConnectException[Connection refused],3=ibm-mq.recon-platform.svc.cluster.local/10.100.195.132:1414,4=TCP,5=Socket.connect]],3=ibm-mq.recon-platform.svc.cluster.local(1414),4=,5=RemoteTCPConnection.bindAndConnectSocket]\n\tat com.ibm.mq.jmqi.remote.api.RemoteFAP$Connector.jmqiConnect(RemoteFAP.java:13687)\n\tat com.ibm.mq.jmqi.remote.api.RemoteFAP$Connector.access$100(RemoteFAP.java:13202)\n\tat com.ibm.mq.jmqi.remote.api.RemoteFAP.jmqiConnect(RemoteFAP.java:1451)\n\tat com.ibm.mq.jmqi.remote.api.RemoteFAP.jmqiConnect(RemoteFAP.java:1392)\n\tat com.ibm.mq.ese.jmqi.InterceptedJmqiImpl.jmqiConnect(InterceptedJmqiImpl.java:377)\n\tat com.ibm.mq.ese.jmqi.ESEJMQI.jmqiConnect(ESEJMQI.java:562)\n\tat com.ibm.msg.client.jakarta.wmq.internal.WMQConnection.<init>(WMQConnection.java:415)\n\t... 17 common frames omitted\nCaused by: com.ibm.mq.jmqi.JmqiException: CC=2;RC=2538;AMQ9204: Connection to host 'ibm-mq.recon-platform.svc.cluster.local/10.100.195.132:1414' rejected. [1=java.net.ConnectException[Connection refused],3=ibm-mq.recon-platform.svc.cluster.local/10.100.195.132:1414,4=TCP,5=Socket.connect]\n\tat com.ibm.mq.jmqi.remote.impl.RemoteTCPConnection.bindAndConnectSocket(RemoteTCPConnection.java:937)\n\tat com.ibm.mq.jmqi.remote.impl.RemoteTCPConnection.protocolConnect(RemoteTCPConnection.java:1511)\n\tat com.ibm.mq.jmqi.remote.impl.RemoteConnection.connect(RemoteConnection.java:1014)\n\tat com.ibm.mq.jmqi.remote.impl.RemoteConnectionSpecification.getNewConnection(RemoteConnectionSpecification.java:691)\n\tat com.ibm.mq.jmqi.remote.impl.RemoteConnectionSpecification.getSessionFromNewConnection(RemoteConnectionSpecification.java:283)\n\tat com.ibm.mq.jmqi.remote.impl.RemoteConnectionSpecification.getSession(RemoteConnectionSpecification.java:170)\n\tat com.ibm.mq.jmqi.remote.impl.RemoteConnectionPool.getSession(RemoteConnectionPool.java:128)\n\tat com.ibm.mq.jmqi.remote.api.RemoteFAP$Connector.jmqiConnect(RemoteFAP.java:13411)\n\t... 23 common frames omitted\nCaused by: java.net.ConnectException: Connection refused\n\tat java.base/sun.nio.ch.Net.connect0(Native Method)\n\tat java.base/sun.nio.ch.Net.connect(Unknown Source)\n\tat java.base/sun.nio.ch.Net.connect(Unknown Source)\n\tat java.base/sun.nio.ch.NioSocketImpl.connect(Unknown Source)\n\tat java.base/java.net.SocksSocketImpl.connect(Unknown Source)\n\tat java.base/java.net.Socket.connect(Unknown Source)\n\tat java.base/java.net.Socket.connect(Unknown Source)\n\tat com.ibm.mq.jmqi.remote.impl.RemoteTCPConnection$4.run(RemoteTCPConnection.java:1111)\n\tat com.ibm.mq.jmqi.remote.impl.RemoteTCPConnection$4.run(RemoteTCPConnection.java:1103)\n\tat java.base/java.security.AccessController.doPrivileged(Unknown Source)\n\tat com.ibm.mq.jmqi.remote.impl.RemoteTCPConnection.connectSocket(RemoteTCPConnection.java:1103)\n\tat com.ibm.mq.jmqi.remote.impl.RemoteTCPConnection.bindAndConnectSocket(RemoteTCPConnection.java:843)\n\t... 30 common frames omitted\n","appName":"recon-consumer-app","application":"recon-consumer-app"}
{"@timestamp":"2026-05-10T09:27:05.145125345Z","@version":"1","message":"Could not refresh JMS Connection for destination 'SYSTEM.DEAD.LETTER.QUEUE' - retrying using FixedBackOff{interval=5000, currentAttempts=20, maxAttempts=unlimited}. Cause: JMSWMQ0018: Failed to connect to queue manager 'QM1' with connection mode 'Client' and host name 'ibm-mq.recon-platform.svc.cluster.local(1414)'.; nested exception is com.ibm.mq.MQException: JMSCMQ0001: IBM MQ call failed with compcode '2' ('MQCC_FAILED') reason '2538' ('MQRC_HOST_NOT_AVAILABLE').","logger_name":"org.springframework.jms.listener.DefaultMessageListenerContainer","thread_name":"org.springframework.jms.JmsListenerEndpointContainer#0-1","level":"ERROR","level_value":40000,"stack_trace":"com.ibm.msg.client.jakarta.jms.DetailedIllegalStateException: JMSWMQ0018: Failed to connect to queue manager 'QM1' with connection mode 'Client' and host name 'ibm-mq.recon-platform.svc.cluster.local(1414)'.\n\tat com.ibm.msg.client.jakarta.wmq.common.internal.Reason.reasonToException(Reason.java:489)\n\tat com.ibm.msg.client.jakarta.wmq.common.internal.Reason.createException(Reason.java:215)\n\tat com.ibm.msg.client.jakarta.wmq.internal.WMQConnection.<init>(WMQConnection.java:482)\n\tat com.ibm.msg.client.jakarta.wmq.factories.WMQConnectionFactory.createV7ProviderConnection(WMQConnectionFactory.java:9009)\n\tat com.ibm.msg.client.jakarta.wmq.factories.WMQConnectionFactory.createProviderConnection(WMQConnectionFactory.java:8349)\n\tat com.ibm.msg.client.jakarta.jms.admin.JmsConnectionFactoryImpl._createConnection(JmsConnectionFactoryImpl.java:322)\n\tat com.ibm.msg.client.jakarta.jms.admin.JmsConnectionFactoryImpl.createConnection(JmsConnectionFactoryImpl.java:242)\n\tat com.ibm.mq.jakarta.jms.MQConnectionFactory.createCommonConnection(MQConnectionFactory.java:6193)\n\tat com.ibm.mq.jakarta.jms.MQConnectionFactory.createConnection(MQConnectionFactory.java:6222)\n\tat org.springframework.jms.connection.SingleConnectionFactory.doCreateConnection(SingleConnectionFactory.java:452)\n\tat org.springframework.jms.connection.SingleConnectionFactory.initConnection(SingleConnectionFactory.java:414)\n\tat org.springframework.jms.connection.SingleConnectionFactory.getConnection(SingleConnectionFactory.java:328)\n\tat org.springframework.jms.connection.SingleConnectionFactory.createConnection(SingleConnectionFactory.java:243)\n\tat org.springframework.jms.support.JmsAccessor.createConnection(JmsAccessor.java:211)\n\tat org.springframework.jms.listener.AbstractJmsListeningContainer.createSharedConnection(AbstractJmsListeningContainer.java:405)\n\tat org.springframework.jms.listener.AbstractJmsListeningContainer.refreshSharedConnection(AbstractJmsListeningContainer.java:390)\n\tat org.springframework.jms.listener.DefaultMessageListenerContainer.refreshConnectionUntilSuccessful(DefaultMessageListenerContainer.java:1004)\n\tat org.springframework.jms.listener.DefaultMessageListenerContainer.recoverAfterListenerSetupFailure(DefaultMessageListenerContainer.java:978)\n\tat org.springframework.jms.listener.DefaultMessageListenerContainer$AsyncMessageListenerInvoker.run(DefaultMessageListenerContainer.java:1166)\n\tat java.base/java.lang.Thread.run(Unknown Source)\nCaused by: com.ibm.mq.MQException: JMSCMQ0001: IBM MQ call failed with compcode '2' ('MQCC_FAILED') reason '2538' ('MQRC_HOST_NOT_AVAILABLE').\n\tat com.ibm.msg.client.jakarta.wmq.common.internal.Reason.createException(Reason.java:203)\n\t... 18 common frames omitted\nCaused by: com.ibm.mq.jmqi.JmqiException: CC=2;RC=2538;AMQ9204: Connection to host 'ibm-mq.recon-platform.svc.cluster.local(1414)' rejected. [1=com.ibm.mq.jmqi.JmqiException[CC=2;RC=2538;AMQ9204: Connection to host 'ibm-mq.recon-platform.svc.cluster.local/10.100.195.132:1414' rejected. [1=java.net.ConnectException[Connection refused],3=ibm-mq.recon-platform.svc.cluster.local/10.100.195.132:1414,4=TCP,5=Socket.connect]],3=ibm-mq.recon-platform.svc.cluster.local(1414),4=,5=RemoteTCPConnection.bindAndConnectSocket]\n\tat com.ibm.mq.jmqi.remote.api.RemoteFAP$Connector.jmqiConnect(RemoteFAP.java:13687)\n\tat com.ibm.mq.jmqi.remote.api.RemoteFAP$Connector.access$100(RemoteFAP.java:13202)\n\tat com.ibm.mq.jmqi.remote.api.RemoteFAP.jmqiConnect(RemoteFAP.java:1451)\n\tat com.ibm.mq.jmqi.remote.api.RemoteFAP.jmqiConnect(RemoteFAP.java:1392)\n\tat com.ibm.mq.ese.jmqi.InterceptedJmqiImpl.jmqiConnect(InterceptedJmqiImpl.java:377)\n\tat com.ibm.mq.ese.jmqi.ESEJMQI.jmqiConnect(ESEJMQI.java:562)\n\tat com.ibm.msg.client.jakarta.wmq.internal.WMQConnection.<init>(WMQConnection.java:415)\n\t... 17 common frames omitted\nCaused by: com.ibm.mq.jmqi.JmqiException: CC=2;RC=2538;AMQ9204: Connection to host 'ibm-mq.recon-platform.svc.cluster.local/10.100.195.132:1414' rejected. [1=java.net.ConnectException[Connection refused],3=ibm-mq.recon-platform.svc.cluster.local/10.100.195.132:1414,4=TCP,5=Socket.connect]\n\tat com.ibm.mq.jmqi.remote.impl.RemoteTCPConnection.bindAndConnectSocket(RemoteTCPConnection.java:937)\n\tat com.ibm.mq.jmqi.remote.impl.RemoteTCPConnection.protocolConnect(RemoteTCPConnection.java:1511)\n\tat com.ibm.mq.jmqi.remote.impl.RemoteConnection.connect(RemoteConnection.java:1014)\n\tat com.ibm.mq.jmqi.remote.impl.RemoteConnectionSpecification.getNewConnection(RemoteConnectionSpecification.java:691)\n\tat com.ibm.mq.jmqi.remote.impl.RemoteConnectionSpecification.getSessionFromNewConnection(RemoteConnectionSpecification.java:283)\n\tat com.ibm.mq.jmqi.remote.impl.RemoteConnectionSpecification.getSession(RemoteConnectionSpecification.java:170)\n\tat com.ibm.mq.jmqi.remote.impl.RemoteConnectionPool.getSession(RemoteConnectionPool.java:128)\n\tat com.ibm.mq.jmqi.remote.api.RemoteFAP$Connector.jmqiConnect(RemoteFAP.java:13411)\n\t... 23 common frames omitted\nCaused by: java.net.ConnectException: Connection refused\n\tat java.base/sun.nio.ch.Net.connect0(Native Method)\n\tat java.base/sun.nio.ch.Net.connect(Unknown Source)\n\tat java.base/sun.nio.ch.Net.connect(Unknown Source)\n\tat java.base/sun.nio.ch.NioSocketImpl.connect(Unknown Source)\n\tat java.base/java.net.SocksSocketImpl.connect(Unknown Source)\n\tat java.base/java.net.Socket.connect(Unknown Source)\n\tat java.base/java.net.Socket.connect(Unknown Source)\n\tat com.ibm.mq.jmqi.remote.impl.RemoteTCPConnection$4.run(RemoteTCPConnection.java:1111)\n\tat com.ibm.mq.jmqi.remote.impl.RemoteTCPConnection$4.run(RemoteTCPConnection.java:1103)\n\tat java.base/java.security.AccessController.doPrivileged(Unknown Source)\n\tat com.ibm.mq.jmqi.remote.impl.RemoteTCPConnection.connectSocket(RemoteTCPConnection.java:1103)\n\tat com.ibm.mq.jmqi.remote.impl.RemoteTCPConnection.bindAndConnectSocket(RemoteTCPConnection.java:843)\n\t... 30 common frames omitted\n","appName":"recon-consumer-app","application":"recon-consumer-app"}
{"@timestamp":"2026-05-10T09:27:06.185435648Z","@version":"1","message":"Could not refresh JMS Connection for destination 'RECON.IN' - retrying using FixedBackOff{interval=5000, currentAttempts=20, maxAttempts=unlimited}. Cause: JMSWMQ0018: Failed to connect to queue manager 'QM1' with connection mode 'Client' and host name 'ibm-mq.recon-platform.svc.cluster.local(1414)'.; nested exception is com.ibm.mq.MQException: JMSCMQ0001: IBM MQ call failed with compcode '2' ('MQCC_FAILED') reason '2538' ('MQRC_HOST_NOT_AVAILABLE').","logger_name":"org.springframework.jms.listener.DefaultMessageListenerContainer","thread_name":"org.springframework.jms.JmsListenerEndpointContainer#1-8","level":"ERROR","level_value":40000,"stack_trace":"com.ibm.msg.client.jakarta.jms.DetailedIllegalStateException: JMSWMQ0018: Failed to connect to queue manager 'QM1' with connection mode 'Client' and host name 'ibm-mq.recon-platform.svc.cluster.local(1414)'.\n\tat com.ibm.msg.client.jakarta.wmq.common.internal.Reason.reasonToException(Reason.java:489)\n\tat com.ibm.msg.client.jakarta.wmq.common.internal.Reason.createException(Reason.java:215)\n\tat com.ibm.msg.client.jakarta.wmq.internal.WMQConnection.<init>(WMQConnection.java:482)\n\tat com.ibm.msg.client.jakarta.wmq.factories.WMQConnectionFactory.createV7ProviderConnection(WMQConnectionFactory.java:9009)\n\tat com.ibm.msg.client.jakarta.wmq.factories.WMQConnectionFactory.createProviderConnection(WMQConnectionFactory.java:8349)\n\tat com.ibm.msg.client.jakarta.jms.admin.JmsConnectionFactoryImpl._createConnection(JmsConnectionFactoryImpl.java:322)\n\tat com.ibm.msg.client.jakarta.jms.admin.JmsConnectionFactoryImpl.createConnection(JmsConnectionFactoryImpl.java:242)\n\tat com.ibm.mq.jakarta.jms.MQConnectionFactory.createCommonConnection(MQConnectionFactory.java:6193)\n\tat com.ibm.mq.jakarta.jms.MQConnectionFactory.createConnection(MQConnectionFactory.java:6222)\n\tat org.springframework.jms.connection.SingleConnectionFactory.doCreateConnection(SingleConnectionFactory.java:452)\n\tat org.springframework.jms.connection.SingleConnectionFactory.initConnection(SingleConnectionFactory.java:414)\n\tat org.springframework.jms.connection.SingleConnectionFactory.getConnection(SingleConnectionFactory.java:328)\n\tat org.springframework.jms.connection.SingleConnectionFactory.createConnection(SingleConnectionFactory.java:243)\n\tat org.springframework.jms.support.JmsAccessor.createConnection(JmsAccessor.java:211)\n\tat org.springframework.jms.listener.AbstractJmsListeningContainer.createSharedConnection(AbstractJmsListeningContainer.java:405)\n\tat org.springframework.jms.listener.AbstractJmsListeningContainer.refreshSharedConnection(AbstractJmsListeningContainer.java:390)\n\tat org.springframework.jms.listener.DefaultMessageListenerContainer.refreshConnectionUntilSuccessful(DefaultMessageListenerContainer.java:1004)\n\tat org.springframework.jms.listener.DefaultMessageListenerContainer.recoverAfterListenerSetupFailure(DefaultMessageListenerContainer.java:978)\n\tat org.springframework.jms.listener.DefaultMessageListenerContainer$AsyncMessageListenerInvoker.run(DefaultMessageListenerContainer.java:1166)\n\tat java.base/java.lang.Thread.run(Unknown Source)\nCaused by: com.ibm.mq.MQException: JMSCMQ0001: IBM MQ call failed with compcode '2' ('MQCC_FAILED') reason '2538' ('MQRC_HOST_NOT_AVAILABLE').\n\tat com.ibm.msg.client.jakarta.wmq.common.internal.Reason.createException(Reason.java:203)\n\t... 18 common frames omitted\nCaused by: com.ibm.mq.jmqi.JmqiException: CC=2;RC=2538;AMQ9204: Connection to host 'ibm-mq.recon-platform.svc.cluster.local(1414)' rejected. [1=com.ibm.mq.jmqi.JmqiException[CC=2;RC=2538;AMQ9204: Connection to host 'ibm-mq.recon-platform.svc.cluster.local/10.100.195.132:1414' rejected. [1=java.net.ConnectException[Connection refused],3=ibm-mq.recon-platform.svc.cluster.local/10.100.195.132:1414,4=TCP,5=Socket.connect]],3=ibm-mq.recon-platform.svc.cluster.local(1414),4=,5=RemoteTCPConnection.bindAndConnectSocket]\n\tat com.ibm.mq.jmqi.remote.api.RemoteFAP$Connector.jmqiConnect(RemoteFAP.java:13687)\n\tat com.ibm.mq.jmqi.remote.api.RemoteFAP$Connector.access$100(RemoteFAP.java:13202)\n\tat com.ibm.mq.jmqi.remote.api.RemoteFAP.jmqiConnect(RemoteFAP.java:1451)\n\tat com.ibm.mq.jmqi.remote.api.RemoteFAP.jmqiConnect(RemoteFAP.java:1392)\n\tat com.ibm.mq.ese.jmqi.InterceptedJmqiImpl.jmqiConnect(InterceptedJmqiImpl.java:377)\n\tat com.ibm.mq.ese.jmqi.ESEJMQI.jmqiConnect(ESEJMQI.java:562)\n\tat com.ibm.msg.client.jakarta.wmq.internal.WMQConnection.<init>(WMQConnection.java:415)\n\t... 17 common frames omitted\nCaused by: com.ibm.mq.jmqi.JmqiException: CC=2;RC=2538;AMQ9204: Connection to host 'ibm-mq.recon-platform.svc.cluster.local/10.100.195.132:1414' rejected. [1=java.net.ConnectException[Connection refused],3=ibm-mq.recon-platform.svc.cluster.local/10.100.195.132:1414,4=TCP,5=Socket.connect]\n\tat com.ibm.mq.jmqi.remote.impl.RemoteTCPConnection.bindAndConnectSocket(RemoteTCPConnection.java:937)\n\tat com.ibm.mq.jmqi.remote.impl.RemoteTCPConnection.protocolConnect(RemoteTCPConnection.java:1511)\n\tat com.ibm.mq.jmqi.remote.impl.RemoteConnection.connect(RemoteConnection.java:1014)\n\tat com.ibm.mq.jmqi.remote.impl.RemoteConnectionSpecification.getNewConnection(RemoteConnectionSpecification.java:691)\n\tat com.ibm.mq.jmqi.remote.impl.RemoteConnectionSpecification.getSessionFromNewConnection(RemoteConnectionSpecification.java:283)\n\tat com.ibm.mq.jmqi.remote.impl.RemoteConnectionSpecification.getSession(RemoteConnectionSpecification.java:170)\n\tat com.ibm.mq.jmqi.remote.impl.RemoteConnectionPool.getSession(RemoteConnectionPool.java:128)\n\tat com.ibm.mq.jmqi.remote.api.RemoteFAP$Connector.jmqiConnect(RemoteFAP.java:13411)\n\t... 23 common frames omitted\nCaused by: java.net.ConnectException: Connection refused\n\tat java.base/sun.nio.ch.Net.connect0(Native Method)\n\tat java.base/sun.nio.ch.Net.connect(Unknown Source)\n\tat java.base/sun.nio.ch.Net.connect(Unknown Source)\n\tat java.base/sun.nio.ch.NioSocketImpl.connect(Unknown Source)\n\tat java.base/java.net.SocksSocketImpl.connect(Unknown Source)\n\tat java.base/java.net.Socket.connect(Unknown Source)\n\tat java.base/java.net.Socket.connect(Unknown Source)\n\tat com.ibm.mq.jmqi.remote.impl.RemoteTCPConnection$4.run(RemoteTCPConnection.java:1111)\n\tat com.ibm.mq.jmqi.remote.impl.RemoteTCPConnection$4.run(RemoteTCPConnection.java:1103)\n\tat java.base/java.security.AccessController.doPrivileged(Unknown Source)\n\tat com.ibm.mq.jmqi.remote.impl.RemoteTCPConnection.connectSocket(RemoteTCPConnection.java:1103)\n\tat com.ibm.mq.jmqi.remote.impl.RemoteTCPConnection.bindAndConnectSocket(RemoteTCPConnection.java:843)\n\t... 30 common frames omitted\n","appName":"recon-consumer-app","application":"recon-consumer-app"}
{"@timestamp":"2026-05-10T09:27:10.185338637Z","@version":"1","message":"Could not refresh JMS Connection for destination 'RECON.RETRY' - retrying using FixedBackOff{interval=5000, currentAttempts=21, maxAttempts=unlimited}. Cause: JMSWMQ0018: Failed to connect to queue manager 'QM1' with connection mode 'Client' and host name 'ibm-mq.recon-platform.svc.cluster.local(1414)'.; nested exception is com.ibm.mq.MQException: JMSCMQ0001: IBM MQ call failed with compcode '2' ('MQCC_FAILED') reason '2538' ('MQRC_HOST_NOT_AVAILABLE').","logger_name":"org.springframework.jms.listener.DefaultMessageListenerContainer","thread_name":"org.springframework.jms.JmsListenerEndpointContainer#2-2","level":"ERROR","level_value":40000,"stack_trace":"com.ibm.msg.client.jakarta.jms.DetailedIllegalStateException: JMSWMQ0018: Failed to connect to queue manager 'QM1' with connection mode 'Client' and host name 'ibm-mq.recon-platform.svc.cluster.local(1414)'.\n\tat com.ibm.msg.client.jakarta.wmq.common.internal.Reason.reasonToException(Reason.java:489)\n\tat com.ibm.msg.client.jakarta.wmq.common.internal.Reason.createException(Reason.java:215)\n\tat com.ibm.msg.client.jakarta.wmq.internal.WMQConnection.<init>(WMQConnection.java:482)\n\tat com.ibm.msg.client.jakarta.wmq.factories.WMQConnectionFactory.createV7ProviderConnection(WMQConnectionFactory.java:9009)\n\tat com.ibm.msg.client.jakarta.wmq.factories.WMQConnectionFactory.createProviderConnection(WMQConnectionFactory.java:8349)\n\tat com.ibm.msg.client.jakarta.jms.admin.JmsConnectionFactoryImpl._createConnection(JmsConnectionFactoryImpl.java:322)\n\tat com.ibm.msg.client.jakarta.jms.admin.JmsConnectionFactoryImpl.createConnection(JmsConnectionFactoryImpl.java:242)\n\tat com.ibm.mq.jakarta.jms.MQConnectionFactory.createCommonConnection(MQConnectionFactory.java:6193)\n\tat com.ibm.mq.jakarta.jms.MQConnectionFactory.createConnection(MQConnectionFactory.java:6222)\n\tat org.springframework.jms.connection.SingleConnectionFactory.doCreateConnection(SingleConnectionFactory.java:452)\n\tat org.springframework.jms.connection.SingleConnectionFactory.initConnection(SingleConnectionFactory.java:414)\n\tat org.springframework.jms.connection.SingleConnectionFactory.getConnection(SingleConnectionFactory.java:328)\n\tat org.springframework.jms.connection.SingleConnectionFactory.createConnection(SingleConnectionFactory.java:243)\n\tat org.springframework.jms.support.JmsAccessor.createConnection(JmsAccessor.java:211)\n\tat org.springframework.jms.listener.AbstractJmsListeningContainer.createSharedConnection(AbstractJmsListeningContainer.java:405)\n\tat org.springframework.jms.listener.AbstractJmsListeningContainer.refreshSharedConnection(AbstractJmsListeningContainer.java:390)\n\tat org.springframework.jms.listener.DefaultMessageListenerContainer.refreshConnectionUntilSuccessful(DefaultMessageListenerContainer.java:1004)\n\tat org.springframework.jms.listener.DefaultMessageListenerContainer.recoverAfterListenerSetupFailure(DefaultMessageListenerContainer.java:978)\n\tat org.springframework.jms.listener.DefaultMessageListenerContainer$AsyncMessageListenerInvoker.run(DefaultMessageListenerContainer.java:1166)\n\tat java.base/java.lang.Thread.run(Unknown Source)\nCaused by: com.ibm.mq.MQException: JMSCMQ0001: IBM MQ call failed with compcode '2' ('MQCC_FAILED') reason '2538' ('MQRC_HOST_NOT_AVAILABLE').\n\tat com.ibm.msg.client.jakarta.wmq.common.internal.Reason.createException(Reason.java:203)\n\t... 18 common frames omitted\nCaused by: com.ibm.mq.jmqi.JmqiException: CC=2;RC=2538;AMQ9204: Connection to host 'ibm-mq.recon-platform.svc.cluster.local(1414)' rejected. [1=com.ibm.mq.jmqi.JmqiException[CC=2;RC=2538;AMQ9204: Connection to host 'ibm-mq.recon-platform.svc.cluster.local/10.100.195.132:1414' rejected. [1=java.net.ConnectException[Connection refused],3=ibm-mq.recon-platform.svc.cluster.local/10.100.195.132:1414,4=TCP,5=Socket.connect]],3=ibm-mq.recon-platform.svc.cluster.local(1414),4=,5=RemoteTCPConnection.bindAndConnectSocket]\n\tat com.ibm.mq.jmqi.remote.api.RemoteFAP$Connector.jmqiConnect(RemoteFAP.java:13687)\n\tat com.ibm.mq.jmqi.remote.api.RemoteFAP$Connector.access$100(RemoteFAP.java:13202)\n\tat com.ibm.mq.jmqi.remote.api.RemoteFAP.jmqiConnect(RemoteFAP.java:1451)\n\tat com.ibm.mq.jmqi.remote.api.RemoteFAP.jmqiConnect(RemoteFAP.java:1392)\n\tat com.ibm.mq.ese.jmqi.InterceptedJmqiImpl.jmqiConnect(InterceptedJmqiImpl.java:377)\n\tat com.ibm.mq.ese.jmqi.ESEJMQI.jmqiConnect(ESEJMQI.java:562)\n\tat com.ibm.msg.client.jakarta.wmq.internal.WMQConnection.<init>(WMQConnection.java:415)\n\t... 17 common frames omitted\nCaused by: com.ibm.mq.jmqi.JmqiException: CC=2;RC=2538;AMQ9204: Connection to host 'ibm-mq.recon-platform.svc.cluster.local/10.100.195.132:1414' rejected. [1=java.net.ConnectException[Connection refused],3=ibm-mq.recon-platform.svc.cluster.local/10.100.195.132:1414,4=TCP,5=Socket.connect]\n\tat com.ibm.mq.jmqi.remote.impl.RemoteTCPConnection.bindAndConnectSocket(RemoteTCPConnection.java:937)\n\tat com.ibm.mq.jmqi.remote.impl.RemoteTCPConnection.protocolConnect(RemoteTCPConnection.java:1511)\n\tat com.ibm.mq.jmqi.remote.impl.RemoteConnection.connect(RemoteConnection.java:1014)\n\tat com.ibm.mq.jmqi.remote.impl.RemoteConnectionSpecification.getNewConnection(RemoteConnectionSpecification.java:691)\n\tat com.ibm.mq.jmqi.remote.impl.RemoteConnectionSpecification.getSessionFromNewConnection(RemoteConnectionSpecification.java:283)\n\tat com.ibm.mq.jmqi.remote.impl.RemoteConnectionSpecification.getSession(RemoteConnectionSpecification.java:170)\n\tat com.ibm.mq.jmqi.remote.impl.RemoteConnectionPool.getSession(RemoteConnectionPool.java:128)\n\tat com.ibm.mq.jmqi.remote.api.RemoteFAP$Connector.jmqiConnect(RemoteFAP.java:13411)\n\t... 23 common frames omitted\nCaused by: java.net.ConnectException: Connection refused\n\tat java.base/sun.nio.ch.Net.connect0(Native Method)\n\tat java.base/sun.nio.ch.Net.connect(Unknown Source)\n\tat java.base/sun.nio.ch.Net.connect(Unknown Source)\n\tat java.base/sun.nio.ch.NioSocketImpl.connect(Unknown Source)\n\tat java.base/java.net.SocksSocketImpl.connect(Unknown Source)\n\tat java.base/java.net.Socket.connect(Unknown Source)\n\tat java.base/java.net.Socket.connect(Unknown Source)\n\tat com.ibm.mq.jmqi.remote.impl.RemoteTCPConnection$4.run(RemoteTCPConnection.java:1111)\n\tat com.ibm.mq.jmqi.remote.impl.RemoteTCPConnection$4.run(RemoteTCPConnection.java:1103)\n\tat java.base/java.security.AccessController.doPrivileged(Unknown Source)\n\tat com.ibm.mq.jmqi.remote.impl.RemoteTCPConnection.connectSocket(RemoteTCPConnection.java:1103)\n\tat com.ibm.mq.jmqi.remote.impl.RemoteTCPConnection.bindAndConnectSocket(RemoteTCPConnection.java:843)\n\t... 30 common frames omitted\n","appName":"recon-consumer-app","application":"recon-consumer-app"}
{"@timestamp":"2026-05-10T09:27:11.225369753Z","@version":"1","message":"Could not refresh JMS Connection for destination 'SYSTEM.DEAD.LETTER.QUEUE' - retrying using FixedBackOff{interval=5000, currentAttempts=21, maxAttempts=unlimited}. Cause: JMSWMQ0018: Failed to connect to queue manager 'QM1' with connection mode 'Client' and host name 'ibm-mq.recon-platform.svc.cluster.local(1414)'.; nested exception is com.ibm.mq.MQException: JMSCMQ0001: IBM MQ call failed with compcode '2' ('MQCC_FAILED') reason '2538' ('MQRC_HOST_NOT_AVAILABLE').","logger_name":"org.springframework.jms.listener.DefaultMessageListenerContainer","thread_name":"org.springframework.jms.JmsListenerEndpointContainer#0-1","level":"ERROR","level_value":40000,"stack_trace":"com.ibm.msg.client.jakarta.jms.DetailedIllegalStateException: JMSWMQ0018: Failed to connect to queue manager 'QM1' with connection mode 'Client' and host name 'ibm-mq.recon-platform.svc.cluster.local(1414)'.\n\tat com.ibm.msg.client.jakarta.wmq.common.internal.Reason.reasonToException(Reason.java:489)\n\tat com.ibm.msg.client.jakarta.wmq.common.internal.Reason.createException(Reason.java:215)\n\tat com.ibm.msg.client.jakarta.wmq.internal.WMQConnection.<init>(WMQConnection.java:482)\n\tat com.ibm.msg.client.jakarta.wmq.factories.WMQConnectionFactory.createV7ProviderConnection(WMQConnectionFactory.java:9009)\n\tat com.ibm.msg.client.jakarta.wmq.factories.WMQConnectionFactory.createProviderConnection(WMQConnectionFactory.java:8349)\n\tat com.ibm.msg.client.jakarta.jms.admin.JmsConnectionFactoryImpl._createConnection(JmsConnectionFactoryImpl.java:322)\n\tat com.ibm.msg.client.jakarta.jms.admin.JmsConnectionFactoryImpl.createConnection(JmsConnectionFactoryImpl.java:242)\n\tat com.ibm.mq.jakarta.jms.MQConnectionFactory.createCommonConnection(MQConnectionFactory.java:6193)\n\tat com.ibm.mq.jakarta.jms.MQConnectionFactory.createConnection(MQConnectionFactory.java:6222)\n\tat org.springframework.jms.connection.SingleConnectionFactory.doCreateConnection(SingleConnectionFactory.java:452)\n\tat org.springframework.jms.connection.SingleConnectionFactory.initConnection(SingleConnectionFactory.java:414)\n\tat org.springframework.jms.connection.SingleConnectionFactory.getConnection(SingleConnectionFactory.java:328)\n\tat org.springframework.jms.connection.SingleConnectionFactory.createConnection(SingleConnectionFactory.java:243)\n\tat org.springframework.jms.support.JmsAccessor.createConnection(JmsAccessor.java:211)\n\tat org.springframework.jms.listener.AbstractJmsListeningContainer.createSharedConnection(AbstractJmsListeningContainer.java:405)\n\tat org.springframework.jms.listener.AbstractJmsListeningContainer.refreshSharedConnection(AbstractJmsListeningContainer.java:390)\n\tat org.springframework.jms.listener.DefaultMessageListenerContainer.refreshConnectionUntilSuccessful(DefaultMessageListenerContainer.java:1004)\n\tat org.springframework.jms.listener.DefaultMessageListenerContainer.recoverAfterListenerSetupFailure(DefaultMessageListenerContainer.java:978)\n\tat org.springframework.jms.listener.DefaultMessageListenerContainer$AsyncMessageListenerInvoker.run(DefaultMessageListenerContainer.java:1166)\n\tat java.base/java.lang.Thread.run(Unknown Source)\nCaused by: com.ibm.mq.MQException: JMSCMQ0001: IBM MQ call failed with compcode '2' ('MQCC_FAILED') reason '2538' ('MQRC_HOST_NOT_AVAILABLE').\n\tat com.ibm.msg.client.jakarta.wmq.common.internal.Reason.createException(Reason.java:203)\n\t... 18 common frames omitted\nCaused by: com.ibm.mq.jmqi.JmqiException: CC=2;RC=2538;AMQ9204: Connection to host 'ibm-mq.recon-platform.svc.cluster.local(1414)' rejected. [1=com.ibm.mq.jmqi.JmqiException[CC=2;RC=2538;AMQ9204: Connection to host 'ibm-mq.recon-platform.svc.cluster.local/10.100.195.132:1414' rejected. [1=java.net.ConnectException[Connection refused],3=ibm-mq.recon-platform.svc.cluster.local/10.100.195.132:1414,4=TCP,5=Socket.connect]],3=ibm-mq.recon-platform.svc.cluster.local(1414),4=,5=RemoteTCPConnection.bindAndConnectSocket]\n\tat com.ibm.mq.jmqi.remote.api.RemoteFAP$Connector.jmqiConnect(RemoteFAP.java:13687)\n\tat com.ibm.mq.jmqi.remote.api.RemoteFAP$Connector.access$100(RemoteFAP.java:13202)\n\tat com.ibm.mq.jmqi.remote.api.RemoteFAP.jmqiConnect(RemoteFAP.java:1451)\n\tat com.ibm.mq.jmqi.remote.api.RemoteFAP.jmqiConnect(RemoteFAP.java:1392)\n\tat com.ibm.mq.ese.jmqi.InterceptedJmqiImpl.jmqiConnect(InterceptedJmqiImpl.java:377)\n\tat com.ibm.mq.ese.jmqi.ESEJMQI.jmqiConnect(ESEJMQI.java:562)\n\tat com.ibm.msg.client.jakarta.wmq.internal.WMQConnection.<init>(WMQConnection.java:415)\n\t... 17 common frames omitted\nCaused by: com.ibm.mq.jmqi.JmqiException: CC=2;RC=2538;AMQ9204: Connection to host 'ibm-mq.recon-platform.svc.cluster.local/10.100.195.132:1414' rejected. [1=java.net.ConnectException[Connection refused],3=ibm-mq.recon-platform.svc.cluster.local/10.100.195.132:1414,4=TCP,5=Socket.connect]\n\tat com.ibm.mq.jmqi.remote.impl.RemoteTCPConnection.bindAndConnectSocket(RemoteTCPConnection.java:937)\n\tat com.ibm.mq.jmqi.remote.impl.RemoteTCPConnection.protocolConnect(RemoteTCPConnection.java:1511)\n\tat com.ibm.mq.jmqi.remote.impl.RemoteConnection.connect(RemoteConnection.java:1014)\n\tat com.ibm.mq.jmqi.remote.impl.RemoteConnectionSpecification.getNewConnection(RemoteConnectionSpecification.java:691)\n\tat com.ibm.mq.jmqi.remote.impl.RemoteConnectionSpecification.getSessionFromNewConnection(RemoteConnectionSpecification.java:283)\n\tat com.ibm.mq.jmqi.remote.impl.RemoteConnectionSpecification.getSession(RemoteConnectionSpecification.java:170)\n\tat com.ibm.mq.jmqi.remote.impl.RemoteConnectionPool.getSession(RemoteConnectionPool.java:128)\n\tat com.ibm.mq.jmqi.remote.api.RemoteFAP$Connector.jmqiConnect(RemoteFAP.java:13411)\n\t... 23 common frames omitted\nCaused by: java.net.ConnectException: Connection refused\n\tat java.base/sun.nio.ch.Net.connect0(Native Method)\n\tat java.base/sun.nio.ch.Net.connect(Unknown Source)\n\tat java.base/sun.nio.ch.Net.connect(Unknown Source)\n\tat java.base/sun.nio.ch.NioSocketImpl.connect(Unknown Source)\n\tat java.base/java.net.SocksSocketImpl.connect(Unknown Source)\n\tat java.base/java.net.Socket.connect(Unknown Source)\n\tat java.base/java.net.Socket.connect(Unknown Source)\n\tat com.ibm.mq.jmqi.remote.impl.RemoteTCPConnection$4.run(RemoteTCPConnection.java:1111)\n\tat com.ibm.mq.jmqi.remote.impl.RemoteTCPConnection$4.run(RemoteTCPConnection.java:1103)\n\tat java.base/java.security.AccessController.doPrivileged(Unknown Source)\n\tat com.ibm.mq.jmqi.remote.impl.RemoteTCPConnection.connectSocket(RemoteTCPConnection.java:1103)\n\tat com.ibm.mq.jmqi.remote.impl.RemoteTCPConnection.bindAndConnectSocket(RemoteTCPConnection.java:843)\n\t... 30 common frames omitted\n","appName":"recon-consumer-app","application":"recon-consumer-app"}
{"@timestamp":"2026-05-10T09:27:12.265088099Z","@version":"1","message":"Could not refresh JMS Connection for destination 'RECON.IN' - retrying using FixedBackOff{interval=5000, currentAttempts=21, maxAttempts=unlimited}. Cause: JMSWMQ0018: Failed to connect to queue manager 'QM1' with connection mode 'Client' and host name 'ibm-mq.recon-platform.svc.cluster.local(1414)'.; nested exception is com.ibm.mq.MQException: JMSCMQ0001: IBM MQ call failed with compcode '2' ('MQCC_FAILED') reason '2538' ('MQRC_HOST_NOT_AVAILABLE').","logger_name":"org.springframework.jms.listener.DefaultMessageListenerContainer","thread_name":"org.springframework.jms.JmsListenerEndpointContainer#1-8","level":"ERROR","level_value":40000,"stack_trace":"com.ibm.msg.client.jakarta.jms.DetailedIllegalStateException: JMSWMQ0018: Failed to connect to queue manager 'QM1' with connection mode 'Client' and host name 'ibm-mq.recon-platform.svc.cluster.local(1414)'.\n\tat com.ibm.msg.client.jakarta.wmq.common.internal.Reason.reasonToException(Reason.java:489)\n\tat com.ibm.msg.client.jakarta.wmq.common.internal.Reason.createException(Reason.java:215)\n\tat com.ibm.msg.client.jakarta.wmq.internal.WMQConnection.<init>(WMQConnection.java:482)\n\tat com.ibm.msg.client.jakarta.wmq.factories.WMQConnectionFactory.createV7ProviderConnection(WMQConnectionFactory.java:9009)\n\tat com.ibm.msg.client.jakarta.wmq.factories.WMQConnectionFactory.createProviderConnection(WMQConnectionFactory.java:8349)\n\tat com.ibm.msg.client.jakarta.jms.admin.JmsConnectionFactoryImpl._createConnection(JmsConnectionFactoryImpl.java:322)\n\tat com.ibm.msg.client.jakarta.jms.admin.JmsConnectionFactoryImpl.createConnection(JmsConnectionFactoryImpl.java:242)\n\tat com.ibm.mq.jakarta.jms.MQConnectionFactory.createCommonConnection(MQConnectionFactory.java:6193)\n\tat com.ibm.mq.jakarta.jms.MQConnectionFactory.createConnection(MQConnectionFactory.java:6222)\n\tat org.springframework.jms.connection.SingleConnectionFactory.doCreateConnection(SingleConnectionFactory.java:452)\n\tat org.springframework.jms.connection.SingleConnectionFactory.initConnection(SingleConnectionFactory.java:414)\n\tat org.springframework.jms.connection.SingleConnectionFactory.getConnection(SingleConnectionFactory.java:328)\n\tat org.springframework.jms.connection.SingleConnectionFactory.createConnection(SingleConnectionFactory.java:243)\n\tat org.springframework.jms.support.JmsAccessor.createConnection(JmsAccessor.java:211)\n\tat org.springframework.jms.listener.AbstractJmsListeningContainer.createSharedConnection(AbstractJmsListeningContainer.java:405)\n\tat org.springframework.jms.listener.AbstractJmsListeningContainer.refreshSharedConnection(AbstractJmsListeningContainer.java:390)\n\tat org.springframework.jms.listener.DefaultMessageListenerContainer.refreshConnectionUntilSuccessful(DefaultMessageListenerContainer.java:1004)\n\tat org.springframework.jms.listener.DefaultMessageListenerContainer.recoverAfterListenerSetupFailure(DefaultMessageListenerContainer.java:978)\n\tat org.springframework.jms.listener.DefaultMessageListenerContainer$AsyncMessageListenerInvoker.run(DefaultMessageListenerContainer.java:1166)\n\tat java.base/java.lang.Thread.run(Unknown Source)\nCaused by: com.ibm.mq.MQException: JMSCMQ0001: IBM MQ call failed with compcode '2' ('MQCC_FAILED') reason '2538' ('MQRC_HOST_NOT_AVAILABLE').\n\tat com.ibm.msg.client.jakarta.wmq.common.internal.Reason.createException(Reason.java:203)\n\t... 18 common frames omitted\nCaused by: com.ibm.mq.jmqi.JmqiException: CC=2;RC=2538;AMQ9204: Connection to host 'ibm-mq.recon-platform.svc.cluster.local(1414)' rejected. [1=com.ibm.mq.jmqi.JmqiException[CC=2;RC=2538;AMQ9204: Connection to host 'ibm-mq.recon-platform.svc.cluster.local/10.100.195.132:1414' rejected. [1=java.net.ConnectException[Connection refused],3=ibm-mq.recon-platform.svc.cluster.local/10.100.195.132:1414,4=TCP,5=Socket.connect]],3=ibm-mq.recon-platform.svc.cluster.local(1414),4=,5=RemoteTCPConnection.bindAndConnectSocket]\n\tat com.ibm.mq.jmqi.remote.api.RemoteFAP$Connector.jmqiConnect(RemoteFAP.java:13687)\n\tat com.ibm.mq.jmqi.remote.api.RemoteFAP$Connector.access$100(RemoteFAP.java:13202)\n\tat com.ibm.mq.jmqi.remote.api.RemoteFAP.jmqiConnect(RemoteFAP.java:1451)\n\tat com.ibm.mq.jmqi.remote.api.RemoteFAP.jmqiConnect(RemoteFAP.java:1392)\n\tat com.ibm.mq.ese.jmqi.InterceptedJmqiImpl.jmqiConnect(InterceptedJmqiImpl.java:377)\n\tat com.ibm.mq.ese.jmqi.ESEJMQI.jmqiConnect(ESEJMQI.java:562)\n\tat com.ibm.msg.client.jakarta.wmq.internal.WMQConnection.<init>(WMQConnection.java:415)\n\t... 17 common frames omitted\nCaused by: com.ibm.mq.jmqi.JmqiException: CC=2;RC=2538;AMQ9204: Connection to host 'ibm-mq.recon-platform.svc.cluster.local/10.100.195.132:1414' rejected. [1=java.net.ConnectException[Connection refused],3=ibm-mq.recon-platform.svc.cluster.local/10.100.195.132:1414,4=TCP,5=Socket.connect]\n\tat com.ibm.mq.jmqi.remote.impl.RemoteTCPConnection.bindAndConnectSocket(RemoteTCPConnection.java:937)\n\tat com.ibm.mq.jmqi.remote.impl.RemoteTCPConnection.protocolConnect(RemoteTCPConnection.java:1511)\n\tat com.ibm.mq.jmqi.remote.impl.RemoteConnection.connect(RemoteConnection.java:1014)\n\tat com.ibm.mq.jmqi.remote.impl.RemoteConnectionSpecification.getNewConnection(RemoteConnectionSpecification.java:691)\n\tat com.ibm.mq.jmqi.remote.impl.RemoteConnectionSpecification.getSessionFromNewConnection(RemoteConnectionSpecification.java:283)\n\tat com.ibm.mq.jmqi.remote.impl.RemoteConnectionSpecification.getSession(RemoteConnectionSpecification.java:170)\n\tat com.ibm.mq.jmqi.remote.impl.RemoteConnectionPool.getSession(RemoteConnectionPool.java:128)\n\tat com.ibm.mq.jmqi.remote.api.RemoteFAP$Connector.jmqiConnect(RemoteFAP.java:13411)\n\t... 23 common frames omitted\nCaused by: java.net.ConnectException: Connection refused\n\tat java.base/sun.nio.ch.Net.connect0(Native Method)\n\tat java.base/sun.nio.ch.Net.connect(Unknown Source)\n\tat java.base/sun.nio.ch.Net.connect(Unknown Source)\n\tat java.base/sun.nio.ch.NioSocketImpl.connect(Unknown Source)\n\tat java.base/java.net.SocksSocketImpl.connect(Unknown Source)\n\tat java.base/java.net.Socket.connect(Unknown Source)\n\tat java.base/java.net.Socket.connect(Unknown Source)\n\tat com.ibm.mq.jmqi.remote.impl.RemoteTCPConnection$4.run(RemoteTCPConnection.java:1111)\n\tat com.ibm.mq.jmqi.remote.impl.RemoteTCPConnection$4.run(RemoteTCPConnection.java:1103)\n\tat java.base/java.security.AccessController.doPrivileged(Unknown Source)\n\tat com.ibm.mq.jmqi.remote.impl.RemoteTCPConnection.connectSocket(RemoteTCPConnection.java:1103)\n\tat com.ibm.mq.jmqi.remote.impl.RemoteTCPConnection.bindAndConnectSocket(RemoteTCPConnection.java:843)\n\t... 30 common frames omitted\n","appName":"recon-consumer-app","application":"recon-consumer-app"}
{"@timestamp":"2026-05-10T09:27:16.269348724Z","@version":"1","message":"Could not refresh JMS Connection for destination 'RECON.RETRY' - retrying using FixedBackOff{interval=5000, currentAttempts=22, maxAttempts=unlimited}. Cause: JMSWMQ0018: Failed to connect to queue manager 'QM1' with connection mode 'Client' and host name 'ibm-mq.recon-platform.svc.cluster.local(1414)'.; nested exception is com.ibm.mq.MQException: JMSCMQ0001: IBM MQ call failed with compcode '2' ('MQCC_FAILED') reason '2538' ('MQRC_HOST_NOT_AVAILABLE').","logger_name":"org.springframework.jms.listener.DefaultMessageListenerContainer","thread_name":"org.springframework.jms.JmsListenerEndpointContainer#2-2","level":"ERROR","level_value":40000,"stack_trace":"com.ibm.msg.client.jakarta.jms.DetailedIllegalStateException: JMSWMQ0018: Failed to connect to queue manager 'QM1' with connection mode 'Client' and host name 'ibm-mq.recon-platform.svc.cluster.local(1414)'.\n\tat com.ibm.msg.client.jakarta.wmq.common.internal.Reason.reasonToException(Reason.java:489)\n\tat com.ibm.msg.client.jakarta.wmq.common.internal.Reason.createException(Reason.java:215)\n\tat com.ibm.msg.client.jakarta.wmq.internal.WMQConnection.<init>(WMQConnection.java:482)\n\tat com.ibm.msg.client.jakarta.wmq.factories.WMQConnectionFactory.createV7ProviderConnection(WMQConnectionFactory.java:9009)\n\tat com.ibm.msg.client.jakarta.wmq.factories.WMQConnectionFactory.createProviderConnection(WMQConnectionFactory.java:8349)\n\tat com.ibm.msg.client.jakarta.jms.admin.JmsConnectionFactoryImpl._createConnection(JmsConnectionFactoryImpl.java:322)\n\tat com.ibm.msg.client.jakarta.jms.admin.JmsConnectionFactoryImpl.createConnection(JmsConnectionFactoryImpl.java:242)\n\tat com.ibm.mq.jakarta.jms.MQConnectionFactory.createCommonConnection(MQConnectionFactory.java:6193)\n\tat com.ibm.mq.jakarta.jms.MQConnectionFactory.createConnection(MQConnectionFactory.java:6222)\n\tat org.springframework.jms.connection.SingleConnectionFactory.doCreateConnection(SingleConnectionFactory.java:452)\n\tat org.springframework.jms.connection.SingleConnectionFactory.initConnection(SingleConnectionFactory.java:414)\n\tat org.springframework.jms.connection.SingleConnectionFactory.getConnection(SingleConnectionFactory.java:328)\n\tat org.springframework.jms.connection.SingleConnectionFactory.createConnection(SingleConnectionFactory.java:243)\n\tat org.springframework.jms.support.JmsAccessor.createConnection(JmsAccessor.java:211)\n\tat org.springframework.jms.listener.AbstractJmsListeningContainer.createSharedConnection(AbstractJmsListeningContainer.java:405)\n\tat org.springframework.jms.listener.AbstractJmsListeningContainer.refreshSharedConnection(AbstractJmsListeningContainer.java:390)\n\tat org.springframework.jms.listener.DefaultMessageListenerContainer.refreshConnectionUntilSuccessful(DefaultMessageListenerContainer.java:1004)\n\tat org.springframework.jms.listener.DefaultMessageListenerContainer.recoverAfterListenerSetupFailure(DefaultMessageListenerContainer.java:978)\n\tat org.springframework.jms.listener.DefaultMessageListenerContainer$AsyncMessageListenerInvoker.run(DefaultMessageListenerContainer.java:1166)\n\tat java.base/java.lang.Thread.run(Unknown Source)\nCaused by: com.ibm.mq.MQException: JMSCMQ0001: IBM MQ call failed with compcode '2' ('MQCC_FAILED') reason '2538' ('MQRC_HOST_NOT_AVAILABLE').\n\tat com.ibm.msg.client.jakarta.wmq.common.internal.Reason.createException(Reason.java:203)\n\t... 18 common frames omitted\nCaused by: com.ibm.mq.jmqi.JmqiException: CC=2;RC=2538;AMQ9204: Connection to host 'ibm-mq.recon-platform.svc.cluster.local(1414)' rejected. [1=com.ibm.mq.jmqi.JmqiException[CC=2;RC=2538;AMQ9204: Connection to host 'ibm-mq.recon-platform.svc.cluster.local/10.100.195.132:1414' rejected. [1=java.net.ConnectException[Connection refused],3=ibm-mq.recon-platform.svc.cluster.local/10.100.195.132:1414,4=TCP,5=Socket.connect]],3=ibm-mq.recon-platform.svc.cluster.local(1414),4=,5=RemoteTCPConnection.bindAndConnectSocket]\n\tat com.ibm.mq.jmqi.remote.api.RemoteFAP$Connector.jmqiConnect(RemoteFAP.java:13687)\n\tat com.ibm.mq.jmqi.remote.api.RemoteFAP$Connector.access$100(RemoteFAP.java:13202)\n\tat com.ibm.mq.jmqi.remote.api.RemoteFAP.jmqiConnect(RemoteFAP.java:1451)\n\tat com.ibm.mq.jmqi.remote.api.RemoteFAP.jmqiConnect(RemoteFAP.java:1392)\n\tat com.ibm.mq.ese.jmqi.InterceptedJmqiImpl.jmqiConnect(InterceptedJmqiImpl.java:377)\n\tat com.ibm.mq.ese.jmqi.ESEJMQI.jmqiConnect(ESEJMQI.java:562)\n\tat com.ibm.msg.client.jakarta.wmq.internal.WMQConnection.<init>(WMQConnection.java:415)\n\t... 17 common frames omitted\nCaused by: com.ibm.mq.jmqi.JmqiException: CC=2;RC=2538;AMQ9204: Connection to host 'ibm-mq.recon-platform.svc.cluster.local/10.100.195.132:1414' rejected. [1=java.net.ConnectException[Connection refused],3=ibm-mq.recon-platform.svc.cluster.local/10.100.195.132:1414,4=TCP,5=Socket.connect]\n\tat com.ibm.mq.jmqi.remote.impl.RemoteTCPConnection.bindAndConnectSocket(RemoteTCPConnection.java:937)\n\tat com.ibm.mq.jmqi.remote.impl.RemoteTCPConnection.protocolConnect(RemoteTCPConnection.java:1511)\n\tat com.ibm.mq.jmqi.remote.impl.RemoteConnection.connect(RemoteConnection.java:1014)\n\tat com.ibm.mq.jmqi.remote.impl.RemoteConnectionSpecification.getNewConnection(RemoteConnectionSpecification.java:691)\n\tat com.ibm.mq.jmqi.remote.impl.RemoteConnectionSpecification.getSessionFromNewConnection(RemoteConnectionSpecification.java:283)\n\tat com.ibm.mq.jmqi.remote.impl.RemoteConnectionSpecification.getSession(RemoteConnectionSpecification.java:170)\n\tat com.ibm.mq.jmqi.remote.impl.RemoteConnectionPool.getSession(RemoteConnectionPool.java:128)\n\tat com.ibm.mq.jmqi.remote.api.RemoteFAP$Connector.jmqiConnect(RemoteFAP.java:13411)\n\t... 23 common frames omitted\nCaused by: java.net.ConnectException: Connection refused\n\tat java.base/sun.nio.ch.Net.connect0(Native Method)\n\tat java.base/sun.nio.ch.Net.connect(Unknown Source)\n\tat java.base/sun.nio.ch.Net.connect(Unknown Source)\n\tat java.base/sun.nio.ch.NioSocketImpl.connect(Unknown Source)\n\tat java.base/java.net.SocksSocketImpl.connect(Unknown Source)\n\tat java.base/java.net.Socket.connect(Unknown Source)\n\tat java.base/java.net.Socket.connect(Unknown Source)\n\tat com.ibm.mq.jmqi.remote.impl.RemoteTCPConnection$4.run(RemoteTCPConnection.java:1111)\n\tat com.ibm.mq.jmqi.remote.impl.RemoteTCPConnection$4.run(RemoteTCPConnection.java:1103)\n\tat java.base/java.security.AccessController.doPrivileged(Unknown Source)\n\tat com.ibm.mq.jmqi.remote.impl.RemoteTCPConnection.connectSocket(RemoteTCPConnection.java:1103)\n\tat com.ibm.mq.jmqi.remote.impl.RemoteTCPConnection.bindAndConnectSocket(RemoteTCPConnection.java:843)\n\t... 30 common frames omitted\n","appName":"recon-consumer-app","application":"recon-consumer-app"}
{"@timestamp":"2026-05-10T09:27:17.305057419Z","@version":"1","message":"Could not refresh JMS Connection for destination 'SYSTEM.DEAD.LETTER.QUEUE' - retrying using FixedBackOff{interval=5000, currentAttempts=22, maxAttempts=unlimited}. Cause: JMSWMQ0018: Failed to connect to queue manager 'QM1' with connection mode 'Client' and host name 'ibm-mq.recon-platform.svc.cluster.local(1414)'.; nested exception is com.ibm.mq.MQException: JMSCMQ0001: IBM MQ call failed with compcode '2' ('MQCC_FAILED') reason '2538' ('MQRC_HOST_NOT_AVAILABLE').","logger_name":"org.springframework.jms.listener.DefaultMessageListenerContainer","thread_name":"org.springframework.jms.JmsListenerEndpointContainer#0-1","level":"ERROR","level_value":40000,"stack_trace":"com.ibm.msg.client.jakarta.jms.DetailedIllegalStateException: JMSWMQ0018: Failed to connect to queue manager 'QM1' with connection mode 'Client' and host name 'ibm-mq.recon-platform.svc.cluster.local(1414)'.\n\tat com.ibm.msg.client.jakarta.wmq.common.internal.Reason.reasonToException(Reason.java:489)\n\tat com.ibm.msg.client.jakarta.wmq.common.internal.Reason.createException(Reason.java:215)\n\tat com.ibm.msg.client.jakarta.wmq.internal.WMQConnection.<init>(WMQConnection.java:482)\n\tat com.ibm.msg.client.jakarta.wmq.factories.WMQConnectionFactory.createV7ProviderConnection(WMQConnectionFactory.java:9009)\n\tat com.ibm.msg.client.jakarta.wmq.factories.WMQConnectionFactory.createProviderConnection(WMQConnectionFactory.java:8349)\n\tat com.ibm.msg.client.jakarta.jms.admin.JmsConnectionFactoryImpl._createConnection(JmsConnectionFactoryImpl.java:322)\n\tat com.ibm.msg.client.jakarta.jms.admin.JmsConnectionFactoryImpl.createConnection(JmsConnectionFactoryImpl.java:242)\n\tat com.ibm.mq.jakarta.jms.MQConnectionFactory.createCommonConnection(MQConnectionFactory.java:6193)\n\tat com.ibm.mq.jakarta.jms.MQConnectionFactory.createConnection(MQConnectionFactory.java:6222)\n\tat org.springframework.jms.connection.SingleConnectionFactory.doCreateConnection(SingleConnectionFactory.java:452)\n\tat org.springframework.jms.connection.SingleConnectionFactory.initConnection(SingleConnectionFactory.java:414)\n\tat org.springframework.jms.connection.SingleConnectionFactory.getConnection(SingleConnectionFactory.java:328)\n\tat org.springframework.jms.connection.SingleConnectionFactory.createConnection(SingleConnectionFactory.java:243)\n\tat org.springframework.jms.support.JmsAccessor.createConnection(JmsAccessor.java:211)\n\tat org.springframework.jms.listener.AbstractJmsListeningContainer.createSharedConnection(AbstractJmsListeningContainer.java:405)\n\tat org.springframework.jms.listener.AbstractJmsListeningContainer.refreshSharedConnection(AbstractJmsListeningContainer.java:390)\n\tat org.springframework.jms.listener.DefaultMessageListenerContainer.refreshConnectionUntilSuccessful(DefaultMessageListenerContainer.java:1004)\n\tat org.springframework.jms.listener.DefaultMessageListenerContainer.recoverAfterListenerSetupFailure(DefaultMessageListenerContainer.java:978)\n\tat org.springframework.jms.listener.DefaultMessageListenerContainer$AsyncMessageListenerInvoker.run(DefaultMessageListenerContainer.java:1166)\n\tat java.base/java.lang.Thread.run(Unknown Source)\nCaused by: com.ibm.mq.MQException: JMSCMQ0001: IBM MQ call failed with compcode '2' ('MQCC_FAILED') reason '2538' ('MQRC_HOST_NOT_AVAILABLE').\n\tat com.ibm.msg.client.jakarta.wmq.common.internal.Reason.createException(Reason.java:203)\n\t... 18 common frames omitted\nCaused by: com.ibm.mq.jmqi.JmqiException: CC=2;RC=2538;AMQ9204: Connection to host 'ibm-mq.recon-platform.svc.cluster.local(1414)' rejected. [1=com.ibm.mq.jmqi.JmqiException[CC=2;RC=2538;AMQ9204: Connection to host 'ibm-mq.recon-platform.svc.cluster.local/10.100.195.132:1414' rejected. [1=java.net.ConnectException[Connection refused],3=ibm-mq.recon-platform.svc.cluster.local/10.100.195.132:1414,4=TCP,5=Socket.connect]],3=ibm-mq.recon-platform.svc.cluster.local(1414),4=,5=RemoteTCPConnection.bindAndConnectSocket]\n\tat com.ibm.mq.jmqi.remote.api.RemoteFAP$Connector.jmqiConnect(RemoteFAP.java:13687)\n\tat com.ibm.mq.jmqi.remote.api.RemoteFAP$Connector.access$100(RemoteFAP.java:13202)\n\tat com.ibm.mq.jmqi.remote.api.RemoteFAP.jmqiConnect(RemoteFAP.java:1451)\n\tat com.ibm.mq.jmqi.remote.api.RemoteFAP.jmqiConnect(RemoteFAP.java:1392)\n\tat com.ibm.mq.ese.jmqi.InterceptedJmqiImpl.jmqiConnect(InterceptedJmqiImpl.java:377)\n\tat com.ibm.mq.ese.jmqi.ESEJMQI.jmqiConnect(ESEJMQI.java:562)\n\tat com.ibm.msg.client.jakarta.wmq.internal.WMQConnection.<init>(WMQConnection.java:415)\n\t... 17 common frames omitted\nCaused by: com.ibm.mq.jmqi.JmqiException: CC=2;RC=2538;AMQ9204: Connection to host 'ibm-mq.recon-platform.svc.cluster.local/10.100.195.132:1414' rejected. [1=java.net.ConnectException[Connection refused],3=ibm-mq.recon-platform.svc.cluster.local/10.100.195.132:1414,4=TCP,5=Socket.connect]\n\tat com.ibm.mq.jmqi.remote.impl.RemoteTCPConnection.bindAndConnectSocket(RemoteTCPConnection.java:937)\n\tat com.ibm.mq.jmqi.remote.impl.RemoteTCPConnection.protocolConnect(RemoteTCPConnection.java:1511)\n\tat com.ibm.mq.jmqi.remote.impl.RemoteConnection.connect(RemoteConnection.java:1014)\n\tat com.ibm.mq.jmqi.remote.impl.RemoteConnectionSpecification.getNewConnection(RemoteConnectionSpecification.java:691)\n\tat com.ibm.mq.jmqi.remote.impl.RemoteConnectionSpecification.getSessionFromNewConnection(RemoteConnectionSpecification.java:283)\n\tat com.ibm.mq.jmqi.remote.impl.RemoteConnectionSpecification.getSession(RemoteConnectionSpecification.java:170)\n\tat com.ibm.mq.jmqi.remote.impl.RemoteConnectionPool.getSession(RemoteConnectionPool.java:128)\n\tat com.ibm.mq.jmqi.remote.api.RemoteFAP$Connector.jmqiConnect(RemoteFAP.java:13411)\n\t... 23 common frames omitted\nCaused by: java.net.ConnectException: Connection refused\n\tat java.base/sun.nio.ch.Net.connect0(Native Method)\n\tat java.base/sun.nio.ch.Net.connect(Unknown Source)\n\tat java.base/sun.nio.ch.Net.connect(Unknown Source)\n\tat java.base/sun.nio.ch.NioSocketImpl.connect(Unknown Source)\n\tat java.base/java.net.SocksSocketImpl.connect(Unknown Source)\n\tat java.base/java.net.Socket.connect(Unknown Source)\n\tat java.base/java.net.Socket.connect(Unknown Source)\n\tat com.ibm.mq.jmqi.remote.impl.RemoteTCPConnection$4.run(RemoteTCPConnection.java:1111)\n\tat com.ibm.mq.jmqi.remote.impl.RemoteTCPConnection$4.run(RemoteTCPConnection.java:1103)\n\tat java.base/java.security.AccessController.doPrivileged(Unknown Source)\n\tat com.ibm.mq.jmqi.remote.impl.RemoteTCPConnection.connectSocket(RemoteTCPConnection.java:1103)\n\tat com.ibm.mq.jmqi.remote.impl.RemoteTCPConnection.bindAndConnectSocket(RemoteTCPConnection.java:843)\n\t... 30 common frames omitted\n","appName":"recon-consumer-app","application":"recon-consumer-app"}
{"@timestamp":"2026-05-10T09:27:18.345047998Z","@version":"1","message":"Could not refresh JMS Connection for destination 'RECON.IN' - retrying using FixedBackOff{interval=5000, currentAttempts=22, maxAttempts=unlimited}. Cause: JMSWMQ0018: Failed to connect to queue manager 'QM1' with connection mode 'Client' and host name 'ibm-mq.recon-platform.svc.cluster.local(1414)'.; nested exception is com.ibm.mq.MQException: JMSCMQ0001: IBM MQ call failed with compcode '2' ('MQCC_FAILED') reason '2538' ('MQRC_HOST_NOT_AVAILABLE').","logger_name":"org.springframework.jms.listener.DefaultMessageListenerContainer","thread_name":"org.springframework.jms.JmsListenerEndpointContainer#1-8","level":"ERROR","level_value":40000,"stack_trace":"com.ibm.msg.client.jakarta.jms.DetailedIllegalStateException: JMSWMQ0018: Failed to connect to queue manager 'QM1' with connection mode 'Client' and host name 'ibm-mq.recon-platform.svc.cluster.local(1414)'.\n\tat com.ibm.msg.client.jakarta.wmq.common.internal.Reason.reasonToException(Reason.java:489)\n\tat com.ibm.msg.client.jakarta.wmq.common.internal.Reason.createException(Reason.java:215)\n\tat com.ibm.msg.client.jakarta.wmq.internal.WMQConnection.<init>(WMQConnection.java:482)\n\tat com.ibm.msg.client.jakarta.wmq.factories.WMQConnectionFactory.createV7ProviderConnection(WMQConnectionFactory.java:9009)\n\tat com.ibm.msg.client.jakarta.wmq.factories.WMQConnectionFactory.createProviderConnection(WMQConnectionFactory.java:8349)\n\tat com.ibm.msg.client.jakarta.jms.admin.JmsConnectionFactoryImpl._createConnection(JmsConnectionFactoryImpl.java:322)\n\tat com.ibm.msg.client.jakarta.jms.admin.JmsConnectionFactoryImpl.createConnection(JmsConnectionFactoryImpl.java:242)\n\tat com.ibm.mq.jakarta.jms.MQConnectionFactory.createCommonConnection(MQConnectionFactory.java:6193)\n\tat com.ibm.mq.jakarta.jms.MQConnectionFactory.createConnection(MQConnectionFactory.java:6222)\n\tat org.springframework.jms.connection.SingleConnectionFactory.doCreateConnection(SingleConnectionFactory.java:452)\n\tat org.springframework.jms.connection.SingleConnectionFactory.initConnection(SingleConnectionFactory.java:414)\n\tat org.springframework.jms.connection.SingleConnectionFactory.getConnection(SingleConnectionFactory.java:328)\n\tat org.springframework.jms.connection.SingleConnectionFactory.createConnection(SingleConnectionFactory.java:243)\n\tat org.springframework.jms.support.JmsAccessor.createConnection(JmsAccessor.java:211)\n\tat org.springframework.jms.listener.AbstractJmsListeningContainer.createSharedConnection(AbstractJmsListeningContainer.java:405)\n\tat org.springframework.jms.listener.AbstractJmsListeningContainer.refreshSharedConnection(AbstractJmsListeningContainer.java:390)\n\tat org.springframework.jms.listener.DefaultMessageListenerContainer.refreshConnectionUntilSuccessful(DefaultMessageListenerContainer.java:1004)\n\tat org.springframework.jms.listener.DefaultMessageListenerContainer.recoverAfterListenerSetupFailure(DefaultMessageListenerContainer.java:978)\n\tat org.springframework.jms.listener.DefaultMessageListenerContainer$AsyncMessageListenerInvoker.run(DefaultMessageListenerContainer.java:1166)\n\tat java.base/java.lang.Thread.run(Unknown Source)\nCaused by: com.ibm.mq.MQException: JMSCMQ0001: IBM MQ call failed with compcode '2' ('MQCC_FAILED') reason '2538' ('MQRC_HOST_NOT_AVAILABLE').\n\tat com.ibm.msg.client.jakarta.wmq.common.internal.Reason.createException(Reason.java:203)\n\t... 18 common frames omitted\nCaused by: com.ibm.mq.jmqi.JmqiException: CC=2;RC=2538;AMQ9204: Connection to host 'ibm-mq.recon-platform.svc.cluster.local(1414)' rejected. [1=com.ibm.mq.jmqi.JmqiException[CC=2;RC=2538;AMQ9204: Connection to host 'ibm-mq.recon-platform.svc.cluster.local/10.100.195.132:1414' rejected. [1=java.net.ConnectException[Connection refused],3=ibm-mq.recon-platform.svc.cluster.local/10.100.195.132:1414,4=TCP,5=Socket.connect]],3=ibm-mq.recon-platform.svc.cluster.local(1414),4=,5=RemoteTCPConnection.bindAndConnectSocket]\n\tat com.ibm.mq.jmqi.remote.api.RemoteFAP$Connector.jmqiConnect(RemoteFAP.java:13687)\n\tat com.ibm.mq.jmqi.remote.api.RemoteFAP$Connector.access$100(RemoteFAP.java:13202)\n\tat com.ibm.mq.jmqi.remote.api.RemoteFAP.jmqiConnect(RemoteFAP.java:1451)\n\tat com.ibm.mq.jmqi.remote.api.RemoteFAP.jmqiConnect(RemoteFAP.java:1392)\n\tat com.ibm.mq.ese.jmqi.InterceptedJmqiImpl.jmqiConnect(InterceptedJmqiImpl.java:377)\n\tat com.ibm.mq.ese.jmqi.ESEJMQI.jmqiConnect(ESEJMQI.java:562)\n\tat com.ibm.msg.client.jakarta.wmq.internal.WMQConnection.<init>(WMQConnection.java:415)\n\t... 17 common frames omitted\nCaused by: com.ibm.mq.jmqi.JmqiException: CC=2;RC=2538;AMQ9204: Connection to host 'ibm-mq.recon-platform.svc.cluster.local/10.100.195.132:1414' rejected. [1=java.net.ConnectException[Connection refused],3=ibm-mq.recon-platform.svc.cluster.local/10.100.195.132:1414,4=TCP,5=Socket.connect]\n\tat com.ibm.mq.jmqi.remote.impl.RemoteTCPConnection.bindAndConnectSocket(RemoteTCPConnection.java:937)\n\tat com.ibm.mq.jmqi.remote.impl.RemoteTCPConnection.protocolConnect(RemoteTCPConnection.java:1511)\n\tat com.ibm.mq.jmqi.remote.impl.RemoteConnection.connect(RemoteConnection.java:1014)\n\tat com.ibm.mq.jmqi.remote.impl.RemoteConnectionSpecification.getNewConnection(RemoteConnectionSpecification.java:691)\n\tat com.ibm.mq.jmqi.remote.impl.RemoteConnectionSpecification.getSessionFromNewConnection(RemoteConnectionSpecification.java:283)\n\tat com.ibm.mq.jmqi.remote.impl.RemoteConnectionSpecification.getSession(RemoteConnectionSpecification.java:170)\n\tat com.ibm.mq.jmqi.remote.impl.RemoteConnectionPool.getSession(RemoteConnectionPool.java:128)\n\tat com.ibm.mq.jmqi.remote.api.RemoteFAP$Connector.jmqiConnect(RemoteFAP.java:13411)\n\t... 23 common frames omitted\nCaused by: java.net.ConnectException: Connection refused\n\tat java.base/sun.nio.ch.Net.connect0(Native Method)\n\tat java.base/sun.nio.ch.Net.connect(Unknown Source)\n\tat java.base/sun.nio.ch.Net.connect(Unknown Source)\n\tat java.base/sun.nio.ch.NioSocketImpl.connect(Unknown Source)\n\tat java.base/java.net.SocksSocketImpl.connect(Unknown Source)\n\tat java.base/java.net.Socket.connect(Unknown Source)\n\tat java.base/java.net.Socket.connect(Unknown Source)\n\tat com.ibm.mq.jmqi.remote.impl.RemoteTCPConnection$4.run(RemoteTCPConnection.java:1111)\n\tat com.ibm.mq.jmqi.remote.impl.RemoteTCPConnection$4.run(RemoteTCPConnection.java:1103)\n\tat java.base/java.security.AccessController.doPrivileged(Unknown Source)\n\tat com.ibm.mq.jmqi.remote.impl.RemoteTCPConnection.connectSocket(RemoteTCPConnection.java:1103)\n\tat com.ibm.mq.jmqi.remote.impl.RemoteTCPConnection.bindAndConnectSocket(RemoteTCPConnection.java:843)\n\t... 30 common frames omitted\n","appName":"recon-consumer-app","application":"recon-consumer-app"}
{"@timestamp":"2026-05-10T09:27:22.355094596Z","@version":"1","message":"Could not refresh JMS Connection for destination 'RECON.RETRY' - retrying using FixedBackOff{interval=5000, currentAttempts=23, maxAttempts=unlimited}. Cause: JMSWMQ0018: Failed to connect to queue manager 'QM1' with connection mode 'Client' and host name 'ibm-mq.recon-platform.svc.cluster.local(1414)'.; nested exception is com.ibm.mq.MQException: JMSCMQ0001: IBM MQ call failed with compcode '2' ('MQCC_FAILED') reason '2538' ('MQRC_HOST_NOT_AVAILABLE').","logger_name":"org.springframework.jms.listener.DefaultMessageListenerContainer","thread_name":"org.springframework.jms.JmsListenerEndpointContainer#2-2","level":"ERROR","level_value":40000,"stack_trace":"com.ibm.msg.client.jakarta.jms.DetailedIllegalStateException: JMSWMQ0018: Failed to connect to queue manager 'QM1' with connection mode 'Client' and host name 'ibm-mq.recon-platform.svc.cluster.local(1414)'.\n\tat com.ibm.msg.client.jakarta.wmq.common.internal.Reason.reasonToException(Reason.java:489)\n\tat com.ibm.msg.client.jakarta.wmq.common.internal.Reason.createException(Reason.java:215)\n\tat com.ibm.msg.client.jakarta.wmq.internal.WMQConnection.<init>(WMQConnection.java:482)\n\tat com.ibm.msg.client.jakarta.wmq.factories.WMQConnectionFactory.createV7ProviderConnection(WMQConnectionFactory.java:9009)\n\tat com.ibm.msg.client.jakarta.wmq.factories.WMQConnectionFactory.createProviderConnection(WMQConnectionFactory.java:8349)\n\tat com.ibm.msg.client.jakarta.jms.admin.JmsConnectionFactoryImpl._createConnection(JmsConnectionFactoryImpl.java:322)\n\tat com.ibm.msg.client.jakarta.jms.admin.JmsConnectionFactoryImpl.createConnection(JmsConnectionFactoryImpl.java:242)\n\tat com.ibm.mq.jakarta.jms.MQConnectionFactory.createCommonConnection(MQConnectionFactory.java:6193)\n\tat com.ibm.mq.jakarta.jms.MQConnectionFactory.createConnection(MQConnectionFactory.java:6222)\n\tat org.springframework.jms.connection.SingleConnectionFactory.doCreateConnection(SingleConnectionFactory.java:452)\n\tat org.springframework.jms.connection.SingleConnectionFactory.initConnection(SingleConnectionFactory.java:414)\n\tat org.springframework.jms.connection.SingleConnectionFactory.getConnection(SingleConnectionFactory.java:328)\n\tat org.springframework.jms.connection.SingleConnectionFactory.createConnection(SingleConnectionFactory.java:243)\n\tat org.springframework.jms.support.JmsAccessor.createConnection(JmsAccessor.java:211)\n\tat org.springframework.jms.listener.AbstractJmsListeningContainer.createSharedConnection(AbstractJmsListeningContainer.java:405)\n\tat org.springframework.jms.listener.AbstractJmsListeningContainer.refreshSharedConnection(AbstractJmsListeningContainer.java:390)\n\tat org.springframework.jms.listener.DefaultMessageListenerContainer.refreshConnectionUntilSuccessful(DefaultMessageListenerContainer.java:1004)\n\tat org.springframework.jms.listener.DefaultMessageListenerContainer.recoverAfterListenerSetupFailure(DefaultMessageListenerContainer.java:978)\n\tat org.springframework.jms.listener.DefaultMessageListenerContainer$AsyncMessageListenerInvoker.run(DefaultMessageListenerContainer.java:1166)\n\tat java.base/java.lang.Thread.run(Unknown Source)\nCaused by: com.ibm.mq.MQException: JMSCMQ0001: IBM MQ call failed with compcode '2' ('MQCC_FAILED') reason '2538' ('MQRC_HOST_NOT_AVAILABLE').\n\tat com.ibm.msg.client.jakarta.wmq.common.internal.Reason.createException(Reason.java:203)\n\t... 18 common frames omitted\nCaused by: com.ibm.mq.jmqi.JmqiException: CC=2;RC=2538;AMQ9204: Connection to host 'ibm-mq.recon-platform.svc.cluster.local(1414)' rejected. [1=com.ibm.mq.jmqi.JmqiException[CC=2;RC=2538;AMQ9204: Connection to host 'ibm-mq.recon-platform.svc.cluster.local/10.100.195.132:1414' rejected. [1=java.net.ConnectException[Connection refused],3=ibm-mq.recon-platform.svc.cluster.local/10.100.195.132:1414,4=TCP,5=Socket.connect]],3=ibm-mq.recon-platform.svc.cluster.local(1414),4=,5=RemoteTCPConnection.bindAndConnectSocket]\n\tat com.ibm.mq.jmqi.remote.api.RemoteFAP$Connector.jmqiConnect(RemoteFAP.java:13687)\n\tat com.ibm.mq.jmqi.remote.api.RemoteFAP$Connector.access$100(RemoteFAP.java:13202)\n\tat com.ibm.mq.jmqi.remote.api.RemoteFAP.jmqiConnect(RemoteFAP.java:1451)\n\tat com.ibm.mq.jmqi.remote.api.RemoteFAP.jmqiConnect(RemoteFAP.java:1392)\n\tat com.ibm.mq.ese.jmqi.InterceptedJmqiImpl.jmqiConnect(InterceptedJmqiImpl.java:377)\n\tat com.ibm.mq.ese.jmqi.ESEJMQI.jmqiConnect(ESEJMQI.java:562)\n\tat com.ibm.msg.client.jakarta.wmq.internal.WMQConnection.<init>(WMQConnection.java:415)\n\t... 17 common frames omitted\nCaused by: com.ibm.mq.jmqi.JmqiException: CC=2;RC=2538;AMQ9204: Connection to host 'ibm-mq.recon-platform.svc.cluster.local/10.100.195.132:1414' rejected. [1=java.net.ConnectException[Connection refused],3=ibm-mq.recon-platform.svc.cluster.local/10.100.195.132:1414,4=TCP,5=Socket.connect]\n\tat com.ibm.mq.jmqi.remote.impl.RemoteTCPConnection.bindAndConnectSocket(RemoteTCPConnection.java:937)\n\tat com.ibm.mq.jmqi.remote.impl.RemoteTCPConnection.protocolConnect(RemoteTCPConnection.java:1511)\n\tat com.ibm.mq.jmqi.remote.impl.RemoteConnection.connect(RemoteConnection.java:1014)\n\tat com.ibm.mq.jmqi.remote.impl.RemoteConnectionSpecification.getNewConnection(RemoteConnectionSpecification.java:691)\n\tat com.ibm.mq.jmqi.remote.impl.RemoteConnectionSpecification.getSessionFromNewConnection(RemoteConnectionSpecification.java:283)\n\tat com.ibm.mq.jmqi.remote.impl.RemoteConnectionSpecification.getSession(RemoteConnectionSpecification.java:170)\n\tat com.ibm.mq.jmqi.remote.impl.RemoteConnectionPool.getSession(RemoteConnectionPool.java:128)\n\tat com.ibm.mq.jmqi.remote.api.RemoteFAP$Connector.jmqiConnect(RemoteFAP.java:13411)\n\t... 23 common frames omitted\nCaused by: java.net.ConnectException: Connection refused\n\tat java.base/sun.nio.ch.Net.connect0(Native Method)\n\tat java.base/sun.nio.ch.Net.connect(Unknown Source)\n\tat java.base/sun.nio.ch.Net.connect(Unknown Source)\n\tat java.base/sun.nio.ch.NioSocketImpl.connect(Unknown Source)\n\tat java.base/java.net.SocksSocketImpl.connect(Unknown Source)\n\tat java.base/java.net.Socket.connect(Unknown Source)\n\tat java.base/java.net.Socket.connect(Unknown Source)\n\tat com.ibm.mq.jmqi.remote.impl.RemoteTCPConnection$4.run(RemoteTCPConnection.java:1111)\n\tat com.ibm.mq.jmqi.remote.impl.RemoteTCPConnection$4.run(RemoteTCPConnection.java:1103)\n\tat java.base/java.security.AccessController.doPrivileged(Unknown Source)\n\tat com.ibm.mq.jmqi.remote.impl.RemoteTCPConnection.connectSocket(RemoteTCPConnection.java:1103)\n\tat com.ibm.mq.jmqi.remote.impl.RemoteTCPConnection.bindAndConnectSocket(RemoteTCPConnection.java:843)\n\t... 30 common frames omitted\n","appName":"recon-consumer-app","application":"recon-consumer-app"}
{"@timestamp":"2026-05-10T09:27:23.385130777Z","@version":"1","message":"Could not refresh JMS Connection for destination 'SYSTEM.DEAD.LETTER.QUEUE' - retrying using FixedBackOff{interval=5000, currentAttempts=23, maxAttempts=unlimited}. Cause: JMSWMQ0018: Failed to connect to queue manager 'QM1' with connection mode 'Client' and host name 'ibm-mq.recon-platform.svc.cluster.local(1414)'.; nested exception is com.ibm.mq.MQException: JMSCMQ0001: IBM MQ call failed with compcode '2' ('MQCC_FAILED') reason '2538' ('MQRC_HOST_NOT_AVAILABLE').","logger_name":"org.springframework.jms.listener.DefaultMessageListenerContainer","thread_name":"org.springframework.jms.JmsListenerEndpointContainer#0-1","level":"ERROR","level_value":40000,"stack_trace":"com.ibm.msg.client.jakarta.jms.DetailedIllegalStateException: JMSWMQ0018: Failed to connect to queue manager 'QM1' with connection mode 'Client' and host name 'ibm-mq.recon-platform.svc.cluster.local(1414)'.\n\tat com.ibm.msg.client.jakarta.wmq.common.internal.Reason.reasonToException(Reason.java:489)\n\tat com.ibm.msg.client.jakarta.wmq.common.internal.Reason.createException(Reason.java:215)\n\tat com.ibm.msg.client.jakarta.wmq.internal.WMQConnection.<init>(WMQConnection.java:482)\n\tat com.ibm.msg.client.jakarta.wmq.factories.WMQConnectionFactory.createV7ProviderConnection(WMQConnectionFactory.java:9009)\n\tat com.ibm.msg.client.jakarta.wmq.factories.WMQConnectionFactory.createProviderConnection(WMQConnectionFactory.java:8349)\n\tat com.ibm.msg.client.jakarta.jms.admin.JmsConnectionFactoryImpl._createConnection(JmsConnectionFactoryImpl.java:322)\n\tat com.ibm.msg.client.jakarta.jms.admin.JmsConnectionFactoryImpl.createConnection(JmsConnectionFactoryImpl.java:242)\n\tat com.ibm.mq.jakarta.jms.MQConnectionFactory.createCommonConnection(MQConnectionFactory.java:6193)\n\tat com.ibm.mq.jakarta.jms.MQConnectionFactory.createConnection(MQConnectionFactory.java:6222)\n\tat org.springframework.jms.connection.SingleConnectionFactory.doCreateConnection(SingleConnectionFactory.java:452)\n\tat org.springframework.jms.connection.SingleConnectionFactory.initConnection(SingleConnectionFactory.java:414)\n\tat org.springframework.jms.connection.SingleConnectionFactory.getConnection(SingleConnectionFactory.java:328)\n\tat org.springframework.jms.connection.SingleConnectionFactory.createConnection(SingleConnectionFactory.java:243)\n\tat org.springframework.jms.support.JmsAccessor.createConnection(JmsAccessor.java:211)\n\tat org.springframework.jms.listener.AbstractJmsListeningContainer.createSharedConnection(AbstractJmsListeningContainer.java:405)\n\tat org.springframework.jms.listener.AbstractJmsListeningContainer.refreshSharedConnection(AbstractJmsListeningContainer.java:390)\n\tat org.springframework.jms.listener.DefaultMessageListenerContainer.refreshConnectionUntilSuccessful(DefaultMessageListenerContainer.java:1004)\n\tat org.springframework.jms.listener.DefaultMessageListenerContainer.recoverAfterListenerSetupFailure(DefaultMessageListenerContainer.java:978)\n\tat org.springframework.jms.listener.DefaultMessageListenerContainer$AsyncMessageListenerInvoker.run(DefaultMessageListenerContainer.java:1166)\n\tat java.base/java.lang.Thread.run(Unknown Source)\nCaused by: com.ibm.mq.MQException: JMSCMQ0001: IBM MQ call failed with compcode '2' ('MQCC_FAILED') reason '2538' ('MQRC_HOST_NOT_AVAILABLE').\n\tat com.ibm.msg.client.jakarta.wmq.common.internal.Reason.createException(Reason.java:203)\n\t... 18 common frames omitted\nCaused by: com.ibm.mq.jmqi.JmqiException: CC=2;RC=2538;AMQ9204: Connection to host 'ibm-mq.recon-platform.svc.cluster.local(1414)' rejected. [1=com.ibm.mq.jmqi.JmqiException[CC=2;RC=2538;AMQ9204: Connection to host 'ibm-mq.recon-platform.svc.cluster.local/10.100.195.132:1414' rejected. [1=java.net.ConnectException[Connection refused],3=ibm-mq.recon-platform.svc.cluster.local/10.100.195.132:1414,4=TCP,5=Socket.connect]],3=ibm-mq.recon-platform.svc.cluster.local(1414),4=,5=RemoteTCPConnection.bindAndConnectSocket]\n\tat com.ibm.mq.jmqi.remote.api.RemoteFAP$Connector.jmqiConnect(RemoteFAP.java:13687)\n\tat com.ibm.mq.jmqi.remote.api.RemoteFAP$Connector.access$100(RemoteFAP.java:13202)\n\tat com.ibm.mq.jmqi.remote.api.RemoteFAP.jmqiConnect(RemoteFAP.java:1451)\n\tat com.ibm.mq.jmqi.remote.api.RemoteFAP.jmqiConnect(RemoteFAP.java:1392)\n\tat com.ibm.mq.ese.jmqi.InterceptedJmqiImpl.jmqiConnect(InterceptedJmqiImpl.java:377)\n\tat com.ibm.mq.ese.jmqi.ESEJMQI.jmqiConnect(ESEJMQI.java:562)\n\tat com.ibm.msg.client.jakarta.wmq.internal.WMQConnection.<init>(WMQConnection.java:415)\n\t... 17 common frames omitted\nCaused by: com.ibm.mq.jmqi.JmqiException: CC=2;RC=2538;AMQ9204: Connection to host 'ibm-mq.recon-platform.svc.cluster.local/10.100.195.132:1414' rejected. [1=java.net.ConnectException[Connection refused],3=ibm-mq.recon-platform.svc.cluster.local/10.100.195.132:1414,4=TCP,5=Socket.connect]\n\tat com.ibm.mq.jmqi.remote.impl.RemoteTCPConnection.bindAndConnectSocket(RemoteTCPConnection.java:937)\n\tat com.ibm.mq.jmqi.remote.impl.RemoteTCPConnection.protocolConnect(RemoteTCPConnection.java:1511)\n\tat com.ibm.mq.jmqi.remote.impl.RemoteConnection.connect(RemoteConnection.java:1014)\n\tat com.ibm.mq.jmqi.remote.impl.RemoteConnectionSpecification.getNewConnection(RemoteConnectionSpecification.java:691)\n\tat com.ibm.mq.jmqi.remote.impl.RemoteConnectionSpecification.getSessionFromNewConnection(RemoteConnectionSpecification.java:283)\n\tat com.ibm.mq.jmqi.remote.impl.RemoteConnectionSpecification.getSession(RemoteConnectionSpecification.java:170)\n\tat com.ibm.mq.jmqi.remote.impl.RemoteConnectionPool.getSession(RemoteConnectionPool.java:128)\n\tat com.ibm.mq.jmqi.remote.api.RemoteFAP$Connector.jmqiConnect(RemoteFAP.java:13411)\n\t... 23 common frames omitted\nCaused by: java.net.ConnectException: Connection refused\n\tat java.base/sun.nio.ch.Net.connect0(Native Method)\n\tat java.base/sun.nio.ch.Net.connect(Unknown Source)\n\tat java.base/sun.nio.ch.Net.connect(Unknown Source)\n\tat java.base/sun.nio.ch.NioSocketImpl.connect(Unknown Source)\n\tat java.base/java.net.SocksSocketImpl.connect(Unknown Source)\n\tat java.base/java.net.Socket.connect(Unknown Source)\n\tat java.base/java.net.Socket.connect(Unknown Source)\n\tat com.ibm.mq.jmqi.remote.impl.RemoteTCPConnection$4.run(RemoteTCPConnection.java:1111)\n\tat com.ibm.mq.jmqi.remote.impl.RemoteTCPConnection$4.run(RemoteTCPConnection.java:1103)\n\tat java.base/java.security.AccessController.doPrivileged(Unknown Source)\n\tat com.ibm.mq.jmqi.remote.impl.RemoteTCPConnection.connectSocket(RemoteTCPConnection.java:1103)\n\tat com.ibm.mq.jmqi.remote.impl.RemoteTCPConnection.bindAndConnectSocket(RemoteTCPConnection.java:843)\n\t... 30 common frames omitted\n","appName":"recon-consumer-app","application":"recon-consumer-app"}
{"@timestamp":"2026-05-10T09:27:24.425370713Z","@version":"1","message":"Could not refresh JMS Connection for destination 'RECON.IN' - retrying using FixedBackOff{interval=5000, currentAttempts=23, maxAttempts=unlimited}. Cause: JMSWMQ0018: Failed to connect to queue manager 'QM1' with connection mode 'Client' and host name 'ibm-mq.recon-platform.svc.cluster.local(1414)'.; nested exception is com.ibm.mq.MQException: JMSCMQ0001: IBM MQ call failed with compcode '2' ('MQCC_FAILED') reason '2538' ('MQRC_HOST_NOT_AVAILABLE').","logger_name":"org.springframework.jms.listener.DefaultMessageListenerContainer","thread_name":"org.springframework.jms.JmsListenerEndpointContainer#1-8","level":"ERROR","level_value":40000,"stack_trace":"com.ibm.msg.client.jakarta.jms.DetailedIllegalStateException: JMSWMQ0018: Failed to connect to queue manager 'QM1' with connection mode 'Client' and host name 'ibm-mq.recon-platform.svc.cluster.local(1414)'.\n\tat com.ibm.msg.client.jakarta.wmq.common.internal.Reason.reasonToException(Reason.java:489)\n\tat com.ibm.msg.client.jakarta.wmq.common.internal.Reason.createException(Reason.java:215)\n\tat com.ibm.msg.client.jakarta.wmq.internal.WMQConnection.<init>(WMQConnection.java:482)\n\tat com.ibm.msg.client.jakarta.wmq.factories.WMQConnectionFactory.createV7ProviderConnection(WMQConnectionFactory.java:9009)\n\tat com.ibm.msg.client.jakarta.wmq.factories.WMQConnectionFactory.createProviderConnection(WMQConnectionFactory.java:8349)\n\tat com.ibm.msg.client.jakarta.jms.admin.JmsConnectionFactoryImpl._createConnection(JmsConnectionFactoryImpl.java:322)\n\tat com.ibm.msg.client.jakarta.jms.admin.JmsConnectionFactoryImpl.createConnection(JmsConnectionFactoryImpl.java:242)\n\tat com.ibm.mq.jakarta.jms.MQConnectionFactory.createCommonConnection(MQConnectionFactory.java:6193)\n\tat com.ibm.mq.jakarta.jms.MQConnectionFactory.createConnection(MQConnectionFactory.java:6222)\n\tat org.springframework.jms.connection.SingleConnectionFactory.doCreateConnection(SingleConnectionFactory.java:452)\n\tat org.springframework.jms.connection.SingleConnectionFactory.initConnection(SingleConnectionFactory.java:414)\n\tat org.springframework.jms.connection.SingleConnectionFactory.getConnection(SingleConnectionFactory.java:328)\n\tat org.springframework.jms.connection.SingleConnectionFactory.createConnection(SingleConnectionFactory.java:243)\n\tat org.springframework.jms.support.JmsAccessor.createConnection(JmsAccessor.java:211)\n\tat org.springframework.jms.listener.AbstractJmsListeningContainer.createSharedConnection(AbstractJmsListeningContainer.java:405)\n\tat org.springframework.jms.listener.AbstractJmsListeningContainer.refreshSharedConnection(AbstractJmsListeningContainer.java:390)\n\tat org.springframework.jms.listener.DefaultMessageListenerContainer.refreshConnectionUntilSuccessful(DefaultMessageListenerContainer.java:1004)\n\tat org.springframework.jms.listener.DefaultMessageListenerContainer.recoverAfterListenerSetupFailure(DefaultMessageListenerContainer.java:978)\n\tat org.springframework.jms.listener.DefaultMessageListenerContainer$AsyncMessageListenerInvoker.run(DefaultMessageListenerContainer.java:1166)\n\tat java.base/java.lang.Thread.run(Unknown Source)\nCaused by: com.ibm.mq.MQException: JMSCMQ0001: IBM MQ call failed with compcode '2' ('MQCC_FAILED') reason '2538' ('MQRC_HOST_NOT_AVAILABLE').\n\tat com.ibm.msg.client.jakarta.wmq.common.internal.Reason.createException(Reason.java:203)\n\t... 18 common frames omitted\nCaused by: com.ibm.mq.jmqi.JmqiException: CC=2;RC=2538;AMQ9204: Connection to host 'ibm-mq.recon-platform.svc.cluster.local(1414)' rejected. [1=com.ibm.mq.jmqi.JmqiException[CC=2;RC=2538;AMQ9204: Connection to host 'ibm-mq.recon-platform.svc.cluster.local/10.100.195.132:1414' rejected. [1=java.net.ConnectException[Connection refused],3=ibm-mq.recon-platform.svc.cluster.local/10.100.195.132:1414,4=TCP,5=Socket.connect]],3=ibm-mq.recon-platform.svc.cluster.local(1414),4=,5=RemoteTCPConnection.bindAndConnectSocket]\n\tat com.ibm.mq.jmqi.remote.api.RemoteFAP$Connector.jmqiConnect(RemoteFAP.java:13687)\n\tat com.ibm.mq.jmqi.remote.api.RemoteFAP$Connector.access$100(RemoteFAP.java:13202)\n\tat com.ibm.mq.jmqi.remote.api.RemoteFAP.jmqiConnect(RemoteFAP.java:1451)\n\tat com.ibm.mq.jmqi.remote.api.RemoteFAP.jmqiConnect(RemoteFAP.java:1392)\n\tat com.ibm.mq.ese.jmqi.InterceptedJmqiImpl.jmqiConnect(InterceptedJmqiImpl.java:377)\n\tat com.ibm.mq.ese.jmqi.ESEJMQI.jmqiConnect(ESEJMQI.java:562)\n\tat com.ibm.msg.client.jakarta.wmq.internal.WMQConnection.<init>(WMQConnection.java:415)\n\t... 17 common frames omitted\nCaused by: com.ibm.mq.jmqi.JmqiException: CC=2;RC=2538;AMQ9204: Connection to host 'ibm-mq.recon-platform.svc.cluster.local/10.100.195.132:1414' rejected. [1=java.net.ConnectException[Connection refused],3=ibm-mq.recon-platform.svc.cluster.local/10.100.195.132:1414,4=TCP,5=Socket.connect]\n\tat com.ibm.mq.jmqi.remote.impl.RemoteTCPConnection.bindAndConnectSocket(RemoteTCPConnection.java:937)\n\tat com.ibm.mq.jmqi.remote.impl.RemoteTCPConnection.protocolConnect(RemoteTCPConnection.java:1511)\n\tat com.ibm.mq.jmqi.remote.impl.RemoteConnection.connect(RemoteConnection.java:1014)\n\tat com.ibm.mq.jmqi.remote.impl.RemoteConnectionSpecification.getNewConnection(RemoteConnectionSpecification.java:691)\n\tat com.ibm.mq.jmqi.remote.impl.RemoteConnectionSpecification.getSessionFromNewConnection(RemoteConnectionSpecification.java:283)\n\tat com.ibm.mq.jmqi.remote.impl.RemoteConnectionSpecification.getSession(RemoteConnectionSpecification.java:170)\n\tat com.ibm.mq.jmqi.remote.impl.RemoteConnectionPool.getSession(RemoteConnectionPool.java:128)\n\tat com.ibm.mq.jmqi.remote.api.RemoteFAP$Connector.jmqiConnect(RemoteFAP.java:13411)\n\t... 23 common frames omitted\nCaused by: java.net.ConnectException: Connection refused\n\tat java.base/sun.nio.ch.Net.connect0(Native Method)\n\tat java.base/sun.nio.ch.Net.connect(Unknown Source)\n\tat java.base/sun.nio.ch.Net.connect(Unknown Source)\n\tat java.base/sun.nio.ch.NioSocketImpl.connect(Unknown Source)\n\tat java.base/java.net.SocksSocketImpl.connect(Unknown Source)\n\tat java.base/java.net.Socket.connect(Unknown Source)\n\tat java.base/java.net.Socket.connect(Unknown Source)\n\tat com.ibm.mq.jmqi.remote.impl.RemoteTCPConnection$4.run(RemoteTCPConnection.java:1111)\n\tat com.ibm.mq.jmqi.remote.impl.RemoteTCPConnection$4.run(RemoteTCPConnection.java:1103)\n\tat java.base/java.security.AccessController.doPrivileged(Unknown Source)\n\tat com.ibm.mq.jmqi.remote.impl.RemoteTCPConnection.connectSocket(RemoteTCPConnection.java:1103)\n\tat com.ibm.mq.jmqi.remote.impl.RemoteTCPConnection.bindAndConnectSocket(RemoteTCPConnection.java:843)\n\t... 30 common frames omitted\n","appName":"recon-consumer-app","application":"recon-consumer-app"}
{"@timestamp":"2026-05-10T09:27:28.425165728Z","@version":"1","message":"Could not refresh JMS Connection for destination 'RECON.RETRY' - retrying using FixedBackOff{interval=5000, currentAttempts=24, maxAttempts=unlimited}. Cause: JMSWMQ0018: Failed to connect to queue manager 'QM1' with connection mode 'Client' and host name 'ibm-mq.recon-platform.svc.cluster.local(1414)'.; nested exception is com.ibm.mq.MQException: JMSCMQ0001: IBM MQ call failed with compcode '2' ('MQCC_FAILED') reason '2538' ('MQRC_HOST_NOT_AVAILABLE').","logger_name":"org.springframework.jms.listener.DefaultMessageListenerContainer","thread_name":"org.springframework.jms.JmsListenerEndpointContainer#2-2","level":"ERROR","level_value":40000,"stack_trace":"com.ibm.msg.client.jakarta.jms.DetailedIllegalStateException: JMSWMQ0018: Failed to connect to queue manager 'QM1' with connection mode 'Client' and host name 'ibm-mq.recon-platform.svc.cluster.local(1414)'.\n\tat com.ibm.msg.client.jakarta.wmq.common.internal.Reason.reasonToException(Reason.java:489)\n\tat com.ibm.msg.client.jakarta.wmq.common.internal.Reason.createException(Reason.java:215)\n\tat com.ibm.msg.client.jakarta.wmq.internal.WMQConnection.<init>(WMQConnection.java:482)\n\tat com.ibm.msg.client.jakarta.wmq.factories.WMQConnectionFactory.createV7ProviderConnection(WMQConnectionFactory.java:9009)\n\tat com.ibm.msg.client.jakarta.wmq.factories.WMQConnectionFactory.createProviderConnection(WMQConnectionFactory.java:8349)\n\tat com.ibm.msg.client.jakarta.jms.admin.JmsConnectionFactoryImpl._createConnection(JmsConnectionFactoryImpl.java:322)\n\tat com.ibm.msg.client.jakarta.jms.admin.JmsConnectionFactoryImpl.createConnection(JmsConnectionFactoryImpl.java:242)\n\tat com.ibm.mq.jakarta.jms.MQConnectionFactory.createCommonConnection(MQConnectionFactory.java:6193)\n\tat com.ibm.mq.jakarta.jms.MQConnectionFactory.createConnection(MQConnectionFactory.java:6222)\n\tat org.springframework.jms.connection.SingleConnectionFactory.doCreateConnection(SingleConnectionFactory.java:452)\n\tat org.springframework.jms.connection.SingleConnectionFactory.initConnection(SingleConnectionFactory.java:414)\n\tat org.springframework.jms.connection.SingleConnectionFactory.getConnection(SingleConnectionFactory.java:328)\n\tat org.springframework.jms.connection.SingleConnectionFactory.createConnection(SingleConnectionFactory.java:243)\n\tat org.springframework.jms.support.JmsAccessor.createConnection(JmsAccessor.java:211)\n\tat org.springframework.jms.listener.AbstractJmsListeningContainer.createSharedConnection(AbstractJmsListeningContainer.java:405)\n\tat org.springframework.jms.listener.AbstractJmsListeningContainer.refreshSharedConnection(AbstractJmsListeningContainer.java:390)\n\tat org.springframework.jms.listener.DefaultMessageListenerContainer.refreshConnectionUntilSuccessful(DefaultMessageListenerContainer.java:1004)\n\tat org.springframework.jms.listener.DefaultMessageListenerContainer.recoverAfterListenerSetupFailure(DefaultMessageListenerContainer.java:978)\n\tat org.springframework.jms.listener.DefaultMessageListenerContainer$AsyncMessageListenerInvoker.run(DefaultMessageListenerContainer.java:1166)\n\tat java.base/java.lang.Thread.run(Unknown Source)\nCaused by: com.ibm.mq.MQException: JMSCMQ0001: IBM MQ call failed with compcode '2' ('MQCC_FAILED') reason '2538' ('MQRC_HOST_NOT_AVAILABLE').\n\tat com.ibm.msg.client.jakarta.wmq.common.internal.Reason.createException(Reason.java:203)\n\t... 18 common frames omitted\nCaused by: com.ibm.mq.jmqi.JmqiException: CC=2;RC=2538;AMQ9204: Connection to host 'ibm-mq.recon-platform.svc.cluster.local(1414)' rejected. [1=com.ibm.mq.jmqi.JmqiException[CC=2;RC=2538;AMQ9204: Connection to host 'ibm-mq.recon-platform.svc.cluster.local/10.100.195.132:1414' rejected. [1=java.net.ConnectException[Connection refused],3=ibm-mq.recon-platform.svc.cluster.local/10.100.195.132:1414,4=TCP,5=Socket.connect]],3=ibm-mq.recon-platform.svc.cluster.local(1414),4=,5=RemoteTCPConnection.bindAndConnectSocket]\n\tat com.ibm.mq.jmqi.remote.api.RemoteFAP$Connector.jmqiConnect(RemoteFAP.java:13687)\n\tat com.ibm.mq.jmqi.remote.api.RemoteFAP$Connector.access$100(RemoteFAP.java:13202)\n\tat com.ibm.mq.jmqi.remote.api.RemoteFAP.jmqiConnect(RemoteFAP.java:1451)\n\tat com.ibm.mq.jmqi.remote.api.RemoteFAP.jmqiConnect(RemoteFAP.java:1392)\n\tat com.ibm.mq.ese.jmqi.InterceptedJmqiImpl.jmqiConnect(InterceptedJmqiImpl.java:377)\n\tat com.ibm.mq.ese.jmqi.ESEJMQI.jmqiConnect(ESEJMQI.java:562)\n\tat com.ibm.msg.client.jakarta.wmq.internal.WMQConnection.<init>(WMQConnection.java:415)\n\t... 17 common frames omitted\nCaused by: com.ibm.mq.jmqi.JmqiException: CC=2;RC=2538;AMQ9204: Connection to host 'ibm-mq.recon-platform.svc.cluster.local/10.100.195.132:1414' rejected. [1=java.net.ConnectException[Connection refused],3=ibm-mq.recon-platform.svc.cluster.local/10.100.195.132:1414,4=TCP,5=Socket.connect]\n\tat com.ibm.mq.jmqi.remote.impl.RemoteTCPConnection.bindAndConnectSocket(RemoteTCPConnection.java:937)\n\tat com.ibm.mq.jmqi.remote.impl.RemoteTCPConnection.protocolConnect(RemoteTCPConnection.java:1511)\n\tat com.ibm.mq.jmqi.remote.impl.RemoteConnection.connect(RemoteConnection.java:1014)\n\tat com.ibm.mq.jmqi.remote.impl.RemoteConnectionSpecification.getNewConnection(RemoteConnectionSpecification.java:691)\n\tat com.ibm.mq.jmqi.remote.impl.RemoteConnectionSpecification.getSessionFromNewConnection(RemoteConnectionSpecification.java:283)\n\tat com.ibm.mq.jmqi.remote.impl.RemoteConnectionSpecification.getSession(RemoteConnectionSpecification.java:170)\n\tat com.ibm.mq.jmqi.remote.impl.RemoteConnectionPool.getSession(RemoteConnectionPool.java:128)\n\tat com.ibm.mq.jmqi.remote.api.RemoteFAP$Connector.jmqiConnect(RemoteFAP.java:13411)\n\t... 23 common frames omitted\nCaused by: java.net.ConnectException: Connection refused\n\tat java.base/sun.nio.ch.Net.connect0(Native Method)\n\tat java.base/sun.nio.ch.Net.connect(Unknown Source)\n\tat java.base/sun.nio.ch.Net.connect(Unknown Source)\n\tat java.base/sun.nio.ch.NioSocketImpl.connect(Unknown Source)\n\tat java.base/java.net.SocksSocketImpl.connect(Unknown Source)\n\tat java.base/java.net.Socket.connect(Unknown Source)\n\tat java.base/java.net.Socket.connect(Unknown Source)\n\tat com.ibm.mq.jmqi.remote.impl.RemoteTCPConnection$4.run(RemoteTCPConnection.java:1111)\n\tat com.ibm.mq.jmqi.remote.impl.RemoteTCPConnection$4.run(RemoteTCPConnection.java:1103)\n\tat java.base/java.security.AccessController.doPrivileged(Unknown Source)\n\tat com.ibm.mq.jmqi.remote.impl.RemoteTCPConnection.connectSocket(RemoteTCPConnection.java:1103)\n\tat com.ibm.mq.jmqi.remote.impl.RemoteTCPConnection.bindAndConnectSocket(RemoteTCPConnection.java:843)\n\t... 30 common frames omitted\n","appName":"recon-consumer-app","application":"recon-consumer-app"}
{"@timestamp":"2026-05-10T09:27:29.465099737Z","@version":"1","message":"Could not refresh JMS Connection for destination 'SYSTEM.DEAD.LETTER.QUEUE' - retrying using FixedBackOff{interval=5000, currentAttempts=24, maxAttempts=unlimited}. Cause: JMSWMQ0018: Failed to connect to queue manager 'QM1' with connection mode 'Client' and host name 'ibm-mq.recon-platform.svc.cluster.local(1414)'.; nested exception is com.ibm.mq.MQException: JMSCMQ0001: IBM MQ call failed with compcode '2' ('MQCC_FAILED') reason '2538' ('MQRC_HOST_NOT_AVAILABLE').","logger_name":"org.springframework.jms.listener.DefaultMessageListenerContainer","thread_name":"org.springframework.jms.JmsListenerEndpointContainer#0-1","level":"ERROR","level_value":40000,"stack_trace":"com.ibm.msg.client.jakarta.jms.DetailedIllegalStateException: JMSWMQ0018: Failed to connect to queue manager 'QM1' with connection mode 'Client' and host name 'ibm-mq.recon-platform.svc.cluster.local(1414)'.\n\tat com.ibm.msg.client.jakarta.wmq.common.internal.Reason.reasonToException(Reason.java:489)\n\tat com.ibm.msg.client.jakarta.wmq.common.internal.Reason.createException(Reason.java:215)\n\tat com.ibm.msg.client.jakarta.wmq.internal.WMQConnection.<init>(WMQConnection.java:482)\n\tat com.ibm.msg.client.jakarta.wmq.factories.WMQConnectionFactory.createV7ProviderConnection(WMQConnectionFactory.java:9009)\n\tat com.ibm.msg.client.jakarta.wmq.factories.WMQConnectionFactory.createProviderConnection(WMQConnectionFactory.java:8349)\n\tat com.ibm.msg.client.jakarta.jms.admin.JmsConnectionFactoryImpl._createConnection(JmsConnectionFactoryImpl.java:322)\n\tat com.ibm.msg.client.jakarta.jms.admin.JmsConnectionFactoryImpl.createConnection(JmsConnectionFactoryImpl.java:242)\n\tat com.ibm.mq.jakarta.jms.MQConnectionFactory.createCommonConnection(MQConnectionFactory.java:6193)\n\tat com.ibm.mq.jakarta.jms.MQConnectionFactory.createConnection(MQConnectionFactory.java:6222)\n\tat org.springframework.jms.connection.SingleConnectionFactory.doCreateConnection(SingleConnectionFactory.java:452)\n\tat org.springframework.jms.connection.SingleConnectionFactory.initConnection(SingleConnectionFactory.java:414)\n\tat org.springframework.jms.connection.SingleConnectionFactory.getConnection(SingleConnectionFactory.java:328)\n\tat org.springframework.jms.connection.SingleConnectionFactory.createConnection(SingleConnectionFactory.java:243)\n\tat org.springframework.jms.support.JmsAccessor.createConnection(JmsAccessor.java:211)\n\tat org.springframework.jms.listener.AbstractJmsListeningContainer.createSharedConnection(AbstractJmsListeningContainer.java:405)\n\tat org.springframework.jms.listener.AbstractJmsListeningContainer.refreshSharedConnection(AbstractJmsListeningContainer.java:390)\n\tat org.springframework.jms.listener.DefaultMessageListenerContainer.refreshConnectionUntilSuccessful(DefaultMessageListenerContainer.java:1004)\n\tat org.springframework.jms.listener.DefaultMessageListenerContainer.recoverAfterListenerSetupFailure(DefaultMessageListenerContainer.java:978)\n\tat org.springframework.jms.listener.DefaultMessageListenerContainer$AsyncMessageListenerInvoker.run(DefaultMessageListenerContainer.java:1166)\n\tat java.base/java.lang.Thread.run(Unknown Source)\nCaused by: com.ibm.mq.MQException: JMSCMQ0001: IBM MQ call failed with compcode '2' ('MQCC_FAILED') reason '2538' ('MQRC_HOST_NOT_AVAILABLE').\n\tat com.ibm.msg.client.jakarta.wmq.common.internal.Reason.createException(Reason.java:203)\n\t... 18 common frames omitted\nCaused by: com.ibm.mq.jmqi.JmqiException: CC=2;RC=2538;AMQ9204: Connection to host 'ibm-mq.recon-platform.svc.cluster.local(1414)' rejected. [1=com.ibm.mq.jmqi.JmqiException[CC=2;RC=2538;AMQ9204: Connection to host 'ibm-mq.recon-platform.svc.cluster.local/10.100.195.132:1414' rejected. [1=java.net.ConnectException[Connection refused],3=ibm-mq.recon-platform.svc.cluster.local/10.100.195.132:1414,4=TCP,5=Socket.connect]],3=ibm-mq.recon-platform.svc.cluster.local(1414),4=,5=RemoteTCPConnection.bindAndConnectSocket]\n\tat com.ibm.mq.jmqi.remote.api.RemoteFAP$Connector.jmqiConnect(RemoteFAP.java:13687)\n\tat com.ibm.mq.jmqi.remote.api.RemoteFAP$Connector.access$100(RemoteFAP.java:13202)\n\tat com.ibm.mq.jmqi.remote.api.RemoteFAP.jmqiConnect(RemoteFAP.java:1451)\n\tat com.ibm.mq.jmqi.remote.api.RemoteFAP.jmqiConnect(RemoteFAP.java:1392)\n\tat com.ibm.mq.ese.jmqi.InterceptedJmqiImpl.jmqiConnect(InterceptedJmqiImpl.java:377)\n\tat com.ibm.mq.ese.jmqi.ESEJMQI.jmqiConnect(ESEJMQI.java:562)\n\tat com.ibm.msg.client.jakarta.wmq.internal.WMQConnection.<init>(WMQConnection.java:415)\n\t... 17 common frames omitted\nCaused by: com.ibm.mq.jmqi.JmqiException: CC=2;RC=2538;AMQ9204: Connection to host 'ibm-mq.recon-platform.svc.cluster.local/10.100.195.132:1414' rejected. [1=java.net.ConnectException[Connection refused],3=ibm-mq.recon-platform.svc.cluster.local/10.100.195.132:1414,4=TCP,5=Socket.connect]\n\tat com.ibm.mq.jmqi.remote.impl.RemoteTCPConnection.bindAndConnectSocket(RemoteTCPConnection.java:937)\n\tat com.ibm.mq.jmqi.remote.impl.RemoteTCPConnection.protocolConnect(RemoteTCPConnection.java:1511)\n\tat com.ibm.mq.jmqi.remote.impl.RemoteConnection.connect(RemoteConnection.java:1014)\n\tat com.ibm.mq.jmqi.remote.impl.RemoteConnectionSpecification.getNewConnection(RemoteConnectionSpecification.java:691)\n\tat com.ibm.mq.jmqi.remote.impl.RemoteConnectionSpecification.getSessionFromNewConnection(RemoteConnectionSpecification.java:283)\n\tat com.ibm.mq.jmqi.remote.impl.RemoteConnectionSpecification.getSession(RemoteConnectionSpecification.java:170)\n\tat com.ibm.mq.jmqi.remote.impl.RemoteConnectionPool.getSession(RemoteConnectionPool.java:128)\n\tat com.ibm.mq.jmqi.remote.api.RemoteFAP$Connector.jmqiConnect(RemoteFAP.java:13411)\n\t... 23 common frames omitted\nCaused by: java.net.ConnectException: Connection refused\n\tat java.base/sun.nio.ch.Net.connect0(Native Method)\n\tat java.base/sun.nio.ch.Net.connect(Unknown Source)\n\tat java.base/sun.nio.ch.Net.connect(Unknown Source)\n\tat java.base/sun.nio.ch.NioSocketImpl.connect(Unknown Source)\n\tat java.base/java.net.SocksSocketImpl.connect(Unknown Source)\n\tat java.base/java.net.Socket.connect(Unknown Source)\n\tat java.base/java.net.Socket.connect(Unknown Source)\n\tat com.ibm.mq.jmqi.remote.impl.RemoteTCPConnection$4.run(RemoteTCPConnection.java:1111)\n\tat com.ibm.mq.jmqi.remote.impl.RemoteTCPConnection$4.run(RemoteTCPConnection.java:1103)\n\tat java.base/java.security.AccessController.doPrivileged(Unknown Source)\n\tat com.ibm.mq.jmqi.remote.impl.RemoteTCPConnection.connectSocket(RemoteTCPConnection.java:1103)\n\tat com.ibm.mq.jmqi.remote.impl.RemoteTCPConnection.bindAndConnectSocket(RemoteTCPConnection.java:843)\n\t... 30 common frames omitted\n","appName":"recon-consumer-app","application":"recon-consumer-app"}
{"@timestamp":"2026-05-10T09:27:30.505334043Z","@version":"1","message":"Could not refresh JMS Connection for destination 'RECON.IN' - retrying using FixedBackOff{interval=5000, currentAttempts=24, maxAttempts=unlimited}. Cause: JMSWMQ0018: Failed to connect to queue manager 'QM1' with connection mode 'Client' and host name 'ibm-mq.recon-platform.svc.cluster.local(1414)'.; nested exception is com.ibm.mq.MQException: JMSCMQ0001: IBM MQ call failed with compcode '2' ('MQCC_FAILED') reason '2538' ('MQRC_HOST_NOT_AVAILABLE').","logger_name":"org.springframework.jms.listener.DefaultMessageListenerContainer","thread_name":"org.springframework.jms.JmsListenerEndpointContainer#1-8","level":"ERROR","level_value":40000,"stack_trace":"com.ibm.msg.client.jakarta.jms.DetailedIllegalStateException: JMSWMQ0018: Failed to connect to queue manager 'QM1' with connection mode 'Client' and host name 'ibm-mq.recon-platform.svc.cluster.local(1414)'.\n\tat com.ibm.msg.client.jakarta.wmq.common.internal.Reason.reasonToException(Reason.java:489)\n\tat com.ibm.msg.client.jakarta.wmq.common.internal.Reason.createException(Reason.java:215)\n\tat com.ibm.msg.client.jakarta.wmq.internal.WMQConnection.<init>(WMQConnection.java:482)\n\tat com.ibm.msg.client.jakarta.wmq.factories.WMQConnectionFactory.createV7ProviderConnection(WMQConnectionFactory.java:9009)\n\tat com.ibm.msg.client.jakarta.wmq.factories.WMQConnectionFactory.createProviderConnection(WMQConnectionFactory.java:8349)\n\tat com.ibm.msg.client.jakarta.jms.admin.JmsConnectionFactoryImpl._createConnection(JmsConnectionFactoryImpl.java:322)\n\tat com.ibm.msg.client.jakarta.jms.admin.JmsConnectionFactoryImpl.createConnection(JmsConnectionFactoryImpl.java:242)\n\tat com.ibm.mq.jakarta.jms.MQConnectionFactory.createCommonConnection(MQConnectionFactory.java:6193)\n\tat com.ibm.mq.jakarta.jms.MQConnectionFactory.createConnection(MQConnectionFactory.java:6222)\n\tat org.springframework.jms.connection.SingleConnectionFactory.doCreateConnection(SingleConnectionFactory.java:452)\n\tat org.springframework.jms.connection.SingleConnectionFactory.initConnection(SingleConnectionFactory.java:414)\n\tat org.springframework.jms.connection.SingleConnectionFactory.getConnection(SingleConnectionFactory.java:328)\n\tat org.springframework.jms.connection.SingleConnectionFactory.createConnection(SingleConnectionFactory.java:243)\n\tat org.springframework.jms.support.JmsAccessor.createConnection(JmsAccessor.java:211)\n\tat org.springframework.jms.listener.AbstractJmsListeningContainer.createSharedConnection(AbstractJmsListeningContainer.java:405)\n\tat org.springframework.jms.listener.AbstractJmsListeningContainer.refreshSharedConnection(AbstractJmsListeningContainer.java:390)\n\tat org.springframework.jms.listener.DefaultMessageListenerContainer.refreshConnectionUntilSuccessful(DefaultMessageListenerContainer.java:1004)\n\tat org.springframework.jms.listener.DefaultMessageListenerContainer.recoverAfterListenerSetupFailure(DefaultMessageListenerContainer.java:978)\n\tat org.springframework.jms.listener.DefaultMessageListenerContainer$AsyncMessageListenerInvoker.run(DefaultMessageListenerContainer.java:1166)\n\tat java.base/java.lang.Thread.run(Unknown Source)\nCaused by: com.ibm.mq.MQException: JMSCMQ0001: IBM MQ call failed with compcode '2' ('MQCC_FAILED') reason '2538' ('MQRC_HOST_NOT_AVAILABLE').\n\tat com.ibm.msg.client.jakarta.wmq.common.internal.Reason.createException(Reason.java:203)\n\t... 18 common frames omitted\nCaused by: com.ibm.mq.jmqi.JmqiException: CC=2;RC=2538;AMQ9204: Connection to host 'ibm-mq.recon-platform.svc.cluster.local(1414)' rejected. [1=com.ibm.mq.jmqi.JmqiException[CC=2;RC=2538;AMQ9204: Connection to host 'ibm-mq.recon-platform.svc.cluster.local/10.100.195.132:1414' rejected. [1=java.net.ConnectException[Connection refused],3=ibm-mq.recon-platform.svc.cluster.local/10.100.195.132:1414,4=TCP,5=Socket.connect]],3=ibm-mq.recon-platform.svc.cluster.local(1414),4=,5=RemoteTCPConnection.bindAndConnectSocket]\n\tat com.ibm.mq.jmqi.remote.api.RemoteFAP$Connector.jmqiConnect(RemoteFAP.java:13687)\n\tat com.ibm.mq.jmqi.remote.api.RemoteFAP$Connector.access$100(RemoteFAP.java:13202)\n\tat com.ibm.mq.jmqi.remote.api.RemoteFAP.jmqiConnect(RemoteFAP.java:1451)\n\tat com.ibm.mq.jmqi.remote.api.RemoteFAP.jmqiConnect(RemoteFAP.java:1392)\n\tat com.ibm.mq.ese.jmqi.InterceptedJmqiImpl.jmqiConnect(InterceptedJmqiImpl.java:377)\n\tat com.ibm.mq.ese.jmqi.ESEJMQI.jmqiConnect(ESEJMQI.java:562)\n\tat com.ibm.msg.client.jakarta.wmq.internal.WMQConnection.<init>(WMQConnection.java:415)\n\t... 17 common frames omitted\nCaused by: com.ibm.mq.jmqi.JmqiException: CC=2;RC=2538;AMQ9204: Connection to host 'ibm-mq.recon-platform.svc.cluster.local/10.100.195.132:1414' rejected. [1=java.net.ConnectException[Connection refused],3=ibm-mq.recon-platform.svc.cluster.local/10.100.195.132:1414,4=TCP,5=Socket.connect]\n\tat com.ibm.mq.jmqi.remote.impl.RemoteTCPConnection.bindAndConnectSocket(RemoteTCPConnection.java:937)\n\tat com.ibm.mq.jmqi.remote.impl.RemoteTCPConnection.protocolConnect(RemoteTCPConnection.java:1511)\n\tat com.ibm.mq.jmqi.remote.impl.RemoteConnection.connect(RemoteConnection.java:1014)\n\tat com.ibm.mq.jmqi.remote.impl.RemoteConnectionSpecification.getNewConnection(RemoteConnectionSpecification.java:691)\n\tat com.ibm.mq.jmqi.remote.impl.RemoteConnectionSpecification.getSessionFromNewConnection(RemoteConnectionSpecification.java:283)\n\tat com.ibm.mq.jmqi.remote.impl.RemoteConnectionSpecification.getSession(RemoteConnectionSpecification.java:170)\n\tat com.ibm.mq.jmqi.remote.impl.RemoteConnectionPool.getSession(RemoteConnectionPool.java:128)\n\tat com.ibm.mq.jmqi.remote.api.RemoteFAP$Connector.jmqiConnect(RemoteFAP.java:13411)\n\t... 23 common frames omitted\nCaused by: java.net.ConnectException: Connection refused\n\tat java.base/sun.nio.ch.Net.connect0(Native Method)\n\tat java.base/sun.nio.ch.Net.connect(Unknown Source)\n\tat java.base/sun.nio.ch.Net.connect(Unknown Source)\n\tat java.base/sun.nio.ch.NioSocketImpl.connect(Unknown Source)\n\tat java.base/java.net.SocksSocketImpl.connect(Unknown Source)\n\tat java.base/java.net.Socket.connect(Unknown Source)\n\tat java.base/java.net.Socket.connect(Unknown Source)\n\tat com.ibm.mq.jmqi.remote.impl.RemoteTCPConnection$4.run(RemoteTCPConnection.java:1111)\n\tat com.ibm.mq.jmqi.remote.impl.RemoteTCPConnection$4.run(RemoteTCPConnection.java:1103)\n\tat java.base/java.security.AccessController.doPrivileged(Unknown Source)\n\tat com.ibm.mq.jmqi.remote.impl.RemoteTCPConnection.connectSocket(RemoteTCPConnection.java:1103)\n\tat com.ibm.mq.jmqi.remote.impl.RemoteTCPConnection.bindAndConnectSocket(RemoteTCPConnection.java:843)\n\t... 30 common frames omitted\n","appName":"recon-consumer-app","application":"recon-consumer-app"}
{"@timestamp":"2026-05-10T09:27:34.505401923Z","@version":"1","message":"Could not refresh JMS Connection for destination 'RECON.RETRY' - retrying using FixedBackOff{interval=5000, currentAttempts=25, maxAttempts=unlimited}. Cause: JMSWMQ0018: Failed to connect to queue manager 'QM1' with connection mode 'Client' and host name 'ibm-mq.recon-platform.svc.cluster.local(1414)'.; nested exception is com.ibm.mq.MQException: JMSCMQ0001: IBM MQ call failed with compcode '2' ('MQCC_FAILED') reason '2538' ('MQRC_HOST_NOT_AVAILABLE').","logger_name":"org.springframework.jms.listener.DefaultMessageListenerContainer","thread_name":"org.springframework.jms.JmsListenerEndpointContainer#2-2","level":"ERROR","level_value":40000,"stack_trace":"com.ibm.msg.client.jakarta.jms.DetailedIllegalStateException: JMSWMQ0018: Failed to connect to queue manager 'QM1' with connection mode 'Client' and host name 'ibm-mq.recon-platform.svc.cluster.local(1414)'.\n\tat com.ibm.msg.client.jakarta.wmq.common.internal.Reason.reasonToException(Reason.java:489)\n\tat com.ibm.msg.client.jakarta.wmq.common.internal.Reason.createException(Reason.java:215)\n\tat com.ibm.msg.client.jakarta.wmq.internal.WMQConnection.<init>(WMQConnection.java:482)\n\tat com.ibm.msg.client.jakarta.wmq.factories.WMQConnectionFactory.createV7ProviderConnection(WMQConnectionFactory.java:9009)\n\tat com.ibm.msg.client.jakarta.wmq.factories.WMQConnectionFactory.createProviderConnection(WMQConnectionFactory.java:8349)\n\tat com.ibm.msg.client.jakarta.jms.admin.JmsConnectionFactoryImpl._createConnection(JmsConnectionFactoryImpl.java:322)\n\tat com.ibm.msg.client.jakarta.jms.admin.JmsConnectionFactoryImpl.createConnection(JmsConnectionFactoryImpl.java:242)\n\tat com.ibm.mq.jakarta.jms.MQConnectionFactory.createCommonConnection(MQConnectionFactory.java:6193)\n\tat com.ibm.mq.jakarta.jms.MQConnectionFactory.createConnection(MQConnectionFactory.java:6222)\n\tat org.springframework.jms.connection.SingleConnectionFactory.doCreateConnection(SingleConnectionFactory.java:452)\n\tat org.springframework.jms.connection.SingleConnectionFactory.initConnection(SingleConnectionFactory.java:414)\n\tat org.springframework.jms.connection.SingleConnectionFactory.getConnection(SingleConnectionFactory.java:328)\n\tat org.springframework.jms.connection.SingleConnectionFactory.createConnection(SingleConnectionFactory.java:243)\n\tat org.springframework.jms.support.JmsAccessor.createConnection(JmsAccessor.java:211)\n\tat org.springframework.jms.listener.AbstractJmsListeningContainer.createSharedConnection(AbstractJmsListeningContainer.java:405)\n\tat org.springframework.jms.listener.AbstractJmsListeningContainer.refreshSharedConnection(AbstractJmsListeningContainer.java:390)\n\tat org.springframework.jms.listener.DefaultMessageListenerContainer.refreshConnectionUntilSuccessful(DefaultMessageListenerContainer.java:1004)\n\tat org.springframework.jms.listener.DefaultMessageListenerContainer.recoverAfterListenerSetupFailure(DefaultMessageListenerContainer.java:978)\n\tat org.springframework.jms.listener.DefaultMessageListenerContainer$AsyncMessageListenerInvoker.run(DefaultMessageListenerContainer.java:1166)\n\tat java.base/java.lang.Thread.run(Unknown Source)\nCaused by: com.ibm.mq.MQException: JMSCMQ0001: IBM MQ call failed with compcode '2' ('MQCC_FAILED') reason '2538' ('MQRC_HOST_NOT_AVAILABLE').\n\tat com.ibm.msg.client.jakarta.wmq.common.internal.Reason.createException(Reason.java:203)\n\t... 18 common frames omitted\nCaused by: com.ibm.mq.jmqi.JmqiException: CC=2;RC=2538;AMQ9204: Connection to host 'ibm-mq.recon-platform.svc.cluster.local(1414)' rejected. [1=com.ibm.mq.jmqi.JmqiException[CC=2;RC=2538;AMQ9204: Connection to host 'ibm-mq.recon-platform.svc.cluster.local/10.100.195.132:1414' rejected. [1=java.net.ConnectException[Connection refused],3=ibm-mq.recon-platform.svc.cluster.local/10.100.195.132:1414,4=TCP,5=Socket.connect]],3=ibm-mq.recon-platform.svc.cluster.local(1414),4=,5=RemoteTCPConnection.bindAndConnectSocket]\n\tat com.ibm.mq.jmqi.remote.api.RemoteFAP$Connector.jmqiConnect(RemoteFAP.java:13687)\n\tat com.ibm.mq.jmqi.remote.api.RemoteFAP$Connector.access$100(RemoteFAP.java:13202)\n\tat com.ibm.mq.jmqi.remote.api.RemoteFAP.jmqiConnect(RemoteFAP.java:1451)\n\tat com.ibm.mq.jmqi.remote.api.RemoteFAP.jmqiConnect(RemoteFAP.java:1392)\n\tat com.ibm.mq.ese.jmqi.InterceptedJmqiImpl.jmqiConnect(InterceptedJmqiImpl.java:377)\n\tat com.ibm.mq.ese.jmqi.ESEJMQI.jmqiConnect(ESEJMQI.java:562)\n\tat com.ibm.msg.client.jakarta.wmq.internal.WMQConnection.<init>(WMQConnection.java:415)\n\t... 17 common frames omitted\nCaused by: com.ibm.mq.jmqi.JmqiException: CC=2;RC=2538;AMQ9204: Connection to host 'ibm-mq.recon-platform.svc.cluster.local/10.100.195.132:1414' rejected. [1=java.net.ConnectException[Connection refused],3=ibm-mq.recon-platform.svc.cluster.local/10.100.195.132:1414,4=TCP,5=Socket.connect]\n\tat com.ibm.mq.jmqi.remote.impl.RemoteTCPConnection.bindAndConnectSocket(RemoteTCPConnection.java:937)\n\tat com.ibm.mq.jmqi.remote.impl.RemoteTCPConnection.protocolConnect(RemoteTCPConnection.java:1511)\n\tat com.ibm.mq.jmqi.remote.impl.RemoteConnection.connect(RemoteConnection.java:1014)\n\tat com.ibm.mq.jmqi.remote.impl.RemoteConnectionSpecification.getNewConnection(RemoteConnectionSpecification.java:691)\n\tat com.ibm.mq.jmqi.remote.impl.RemoteConnectionSpecification.getSessionFromNewConnection(RemoteConnectionSpecification.java:283)\n\tat com.ibm.mq.jmqi.remote.impl.RemoteConnectionSpecification.getSession(RemoteConnectionSpecification.java:170)\n\tat com.ibm.mq.jmqi.remote.impl.RemoteConnectionPool.getSession(RemoteConnectionPool.java:128)\n\tat com.ibm.mq.jmqi.remote.api.RemoteFAP$Connector.jmqiConnect(RemoteFAP.java:13411)\n\t... 23 common frames omitted\nCaused by: java.net.ConnectException: Connection refused\n\tat java.base/sun.nio.ch.Net.connect0(Native Method)\n\tat java.base/sun.nio.ch.Net.connect(Unknown Source)\n\tat java.base/sun.nio.ch.Net.connect(Unknown Source)\n\tat java.base/sun.nio.ch.NioSocketImpl.connect(Unknown Source)\n\tat java.base/java.net.SocksSocketImpl.connect(Unknown Source)\n\tat java.base/java.net.Socket.connect(Unknown Source)\n\tat java.base/java.net.Socket.connect(Unknown Source)\n\tat com.ibm.mq.jmqi.remote.impl.RemoteTCPConnection$4.run(RemoteTCPConnection.java:1111)\n\tat com.ibm.mq.jmqi.remote.impl.RemoteTCPConnection$4.run(RemoteTCPConnection.java:1103)\n\tat java.base/java.security.AccessController.doPrivileged(Unknown Source)\n\tat com.ibm.mq.jmqi.remote.impl.RemoteTCPConnection.connectSocket(RemoteTCPConnection.java:1103)\n\tat com.ibm.mq.jmqi.remote.impl.RemoteTCPConnection.bindAndConnectSocket(RemoteTCPConnection.java:843)\n\t... 30 common frames omitted\n","appName":"recon-consumer-app","application":"recon-consumer-app"}
{"@timestamp":"2026-05-10T09:27:35.545178421Z","@version":"1","message":"Could not refresh JMS Connection for destination 'SYSTEM.DEAD.LETTER.QUEUE' - retrying using FixedBackOff{interval=5000, currentAttempts=25, maxAttempts=unlimited}. Cause: JMSWMQ0018: Failed to connect to queue manager 'QM1' with connection mode 'Client' and host name 'ibm-mq.recon-platform.svc.cluster.local(1414)'.; nested exception is com.ibm.mq.MQException: JMSCMQ0001: IBM MQ call failed with compcode '2' ('MQCC_FAILED') reason '2538' ('MQRC_HOST_NOT_AVAILABLE').","logger_name":"org.springframework.jms.listener.DefaultMessageListenerContainer","thread_name":"org.springframework.jms.JmsListenerEndpointContainer#0-1","level":"ERROR","level_value":40000,"stack_trace":"com.ibm.msg.client.jakarta.jms.DetailedIllegalStateException: JMSWMQ0018: Failed to connect to queue manager 'QM1' with connection mode 'Client' and host name 'ibm-mq.recon-platform.svc.cluster.local(1414)'.\n\tat com.ibm.msg.client.jakarta.wmq.common.internal.Reason.reasonToException(Reason.java:489)\n\tat com.ibm.msg.client.jakarta.wmq.common.internal.Reason.createException(Reason.java:215)\n\tat com.ibm.msg.client.jakarta.wmq.internal.WMQConnection.<init>(WMQConnection.java:482)\n\tat com.ibm.msg.client.jakarta.wmq.factories.WMQConnectionFactory.createV7ProviderConnection(WMQConnectionFactory.java:9009)\n\tat com.ibm.msg.client.jakarta.wmq.factories.WMQConnectionFactory.createProviderConnection(WMQConnectionFactory.java:8349)\n\tat com.ibm.msg.client.jakarta.jms.admin.JmsConnectionFactoryImpl._createConnection(JmsConnectionFactoryImpl.java:322)\n\tat com.ibm.msg.client.jakarta.jms.admin.JmsConnectionFactoryImpl.createConnection(JmsConnectionFactoryImpl.java:242)\n\tat com.ibm.mq.jakarta.jms.MQConnectionFactory.createCommonConnection(MQConnectionFactory.java:6193)\n\tat com.ibm.mq.jakarta.jms.MQConnectionFactory.createConnection(MQConnectionFactory.java:6222)\n\tat org.springframework.jms.connection.SingleConnectionFactory.doCreateConnection(SingleConnectionFactory.java:452)\n\tat org.springframework.jms.connection.SingleConnectionFactory.initConnection(SingleConnectionFactory.java:414)\n\tat org.springframework.jms.connection.SingleConnectionFactory.getConnection(SingleConnectionFactory.java:328)\n\tat org.springframework.jms.connection.SingleConnectionFactory.createConnection(SingleConnectionFactory.java:243)\n\tat org.springframework.jms.support.JmsAccessor.createConnection(JmsAccessor.java:211)\n\tat org.springframework.jms.listener.AbstractJmsListeningContainer.createSharedConnection(AbstractJmsListeningContainer.java:405)\n\tat org.springframework.jms.listener.AbstractJmsListeningContainer.refreshSharedConnection(AbstractJmsListeningContainer.java:390)\n\tat org.springframework.jms.listener.DefaultMessageListenerContainer.refreshConnectionUntilSuccessful(DefaultMessageListenerContainer.java:1004)\n\tat org.springframework.jms.listener.DefaultMessageListenerContainer.recoverAfterListenerSetupFailure(DefaultMessageListenerContainer.java:978)\n\tat org.springframework.jms.listener.DefaultMessageListenerContainer$AsyncMessageListenerInvoker.run(DefaultMessageListenerContainer.java:1166)\n\tat java.base/java.lang.Thread.run(Unknown Source)\nCaused by: com.ibm.mq.MQException: JMSCMQ0001: IBM MQ call failed with compcode '2' ('MQCC_FAILED') reason '2538' ('MQRC_HOST_NOT_AVAILABLE').\n\tat com.ibm.msg.client.jakarta.wmq.common.internal.Reason.createException(Reason.java:203)\n\t... 18 common frames omitted\nCaused by: com.ibm.mq.jmqi.JmqiException: CC=2;RC=2538;AMQ9204: Connection to host 'ibm-mq.recon-platform.svc.cluster.local(1414)' rejected. [1=com.ibm.mq.jmqi.JmqiException[CC=2;RC=2538;AMQ9204: Connection to host 'ibm-mq.recon-platform.svc.cluster.local/10.100.195.132:1414' rejected. [1=java.net.ConnectException[Connection refused],3=ibm-mq.recon-platform.svc.cluster.local/10.100.195.132:1414,4=TCP,5=Socket.connect]],3=ibm-mq.recon-platform.svc.cluster.local(1414),4=,5=RemoteTCPConnection.bindAndConnectSocket]\n\tat com.ibm.mq.jmqi.remote.api.RemoteFAP$Connector.jmqiConnect(RemoteFAP.java:13687)\n\tat com.ibm.mq.jmqi.remote.api.RemoteFAP$Connector.access$100(RemoteFAP.java:13202)\n\tat com.ibm.mq.jmqi.remote.api.RemoteFAP.jmqiConnect(RemoteFAP.java:1451)\n\tat com.ibm.mq.jmqi.remote.api.RemoteFAP.jmqiConnect(RemoteFAP.java:1392)\n\tat com.ibm.mq.ese.jmqi.InterceptedJmqiImpl.jmqiConnect(InterceptedJmqiImpl.java:377)\n\tat com.ibm.mq.ese.jmqi.ESEJMQI.jmqiConnect(ESEJMQI.java:562)\n\tat com.ibm.msg.client.jakarta.wmq.internal.WMQConnection.<init>(WMQConnection.java:415)\n\t... 17 common frames omitted\nCaused by: com.ibm.mq.jmqi.JmqiException: CC=2;RC=2538;AMQ9204: Connection to host 'ibm-mq.recon-platform.svc.cluster.local/10.100.195.132:1414' rejected. [1=java.net.ConnectException[Connection refused],3=ibm-mq.recon-platform.svc.cluster.local/10.100.195.132:1414,4=TCP,5=Socket.connect]\n\tat com.ibm.mq.jmqi.remote.impl.RemoteTCPConnection.bindAndConnectSocket(RemoteTCPConnection.java:937)\n\tat com.ibm.mq.jmqi.remote.impl.RemoteTCPConnection.protocolConnect(RemoteTCPConnection.java:1511)\n\tat com.ibm.mq.jmqi.remote.impl.RemoteConnection.connect(RemoteConnection.java:1014)\n\tat com.ibm.mq.jmqi.remote.impl.RemoteConnectionSpecification.getNewConnection(RemoteConnectionSpecification.java:691)\n\tat com.ibm.mq.jmqi.remote.impl.RemoteConnectionSpecification.getSessionFromNewConnection(RemoteConnectionSpecification.java:283)\n\tat com.ibm.mq.jmqi.remote.impl.RemoteConnectionSpecification.getSession(RemoteConnectionSpecification.java:170)\n\tat com.ibm.mq.jmqi.remote.impl.RemoteConnectionPool.getSession(RemoteConnectionPool.java:128)\n\tat com.ibm.mq.jmqi.remote.api.RemoteFAP$Connector.jmqiConnect(RemoteFAP.java:13411)\n\t... 23 common frames omitted\nCaused by: java.net.ConnectException: Connection refused\n\tat java.base/sun.nio.ch.Net.connect0(Native Method)\n\tat java.base/sun.nio.ch.Net.connect(Unknown Source)\n\tat java.base/sun.nio.ch.Net.connect(Unknown Source)\n\tat java.base/sun.nio.ch.NioSocketImpl.connect(Unknown Source)\n\tat java.base/java.net.SocksSocketImpl.connect(Unknown Source)\n\tat java.base/java.net.Socket.connect(Unknown Source)\n\tat java.base/java.net.Socket.connect(Unknown Source)\n\tat com.ibm.mq.jmqi.remote.impl.RemoteTCPConnection$4.run(RemoteTCPConnection.java:1111)\n\tat com.ibm.mq.jmqi.remote.impl.RemoteTCPConnection$4.run(RemoteTCPConnection.java:1103)\n\tat java.base/java.security.AccessController.doPrivileged(Unknown Source)\n\tat com.ibm.mq.jmqi.remote.impl.RemoteTCPConnection.connectSocket(RemoteTCPConnection.java:1103)\n\tat com.ibm.mq.jmqi.remote.impl.RemoteTCPConnection.bindAndConnectSocket(RemoteTCPConnection.java:843)\n\t... 30 common frames omitted\n","appName":"recon-consumer-app","application":"recon-consumer-app"}
{"@timestamp":"2026-05-10T09:27:36.585020105Z","@version":"1","message":"Could not refresh JMS Connection for destination 'RECON.IN' - retrying using FixedBackOff{interval=5000, currentAttempts=25, maxAttempts=unlimited}. Cause: JMSWMQ0018: Failed to connect to queue manager 'QM1' with connection mode 'Client' and host name 'ibm-mq.recon-platform.svc.cluster.local(1414)'.; nested exception is com.ibm.mq.MQException: JMSCMQ0001: IBM MQ call failed with compcode '2' ('MQCC_FAILED') reason '2538' ('MQRC_HOST_NOT_AVAILABLE').","logger_name":"org.springframework.jms.listener.DefaultMessageListenerContainer","thread_name":"org.springframework.jms.JmsListenerEndpointContainer#1-8","level":"ERROR","level_value":40000,"stack_trace":"com.ibm.msg.client.jakarta.jms.DetailedIllegalStateException: JMSWMQ0018: Failed to connect to queue manager 'QM1' with connection mode 'Client' and host name 'ibm-mq.recon-platform.svc.cluster.local(1414)'.\n\tat com.ibm.msg.client.jakarta.wmq.common.internal.Reason.reasonToException(Reason.java:489)\n\tat com.ibm.msg.client.jakarta.wmq.common.internal.Reason.createException(Reason.java:215)\n\tat com.ibm.msg.client.jakarta.wmq.internal.WMQConnection.<init>(WMQConnection.java:482)\n\tat com.ibm.msg.client.jakarta.wmq.factories.WMQConnectionFactory.createV7ProviderConnection(WMQConnectionFactory.java:9009)\n\tat com.ibm.msg.client.jakarta.wmq.factories.WMQConnectionFactory.createProviderConnection(WMQConnectionFactory.java:8349)\n\tat com.ibm.msg.client.jakarta.jms.admin.JmsConnectionFactoryImpl._createConnection(JmsConnectionFactoryImpl.java:322)\n\tat com.ibm.msg.client.jakarta.jms.admin.JmsConnectionFactoryImpl.createConnection(JmsConnectionFactoryImpl.java:242)\n\tat com.ibm.mq.jakarta.jms.MQConnectionFactory.createCommonConnection(MQConnectionFactory.java:6193)\n\tat com.ibm.mq.jakarta.jms.MQConnectionFactory.createConnection(MQConnectionFactory.java:6222)\n\tat org.springframework.jms.connection.SingleConnectionFactory.doCreateConnection(SingleConnectionFactory.java:452)\n\tat org.springframework.jms.connection.SingleConnectionFactory.initConnection(SingleConnectionFactory.java:414)\n\tat org.springframework.jms.connection.SingleConnectionFactory.getConnection(SingleConnectionFactory.java:328)\n\tat org.springframework.jms.connection.SingleConnectionFactory.createConnection(SingleConnectionFactory.java:243)\n\tat org.springframework.jms.support.JmsAccessor.createConnection(JmsAccessor.java:211)\n\tat org.springframework.jms.listener.AbstractJmsListeningContainer.createSharedConnection(AbstractJmsListeningContainer.java:405)\n\tat org.springframework.jms.listener.AbstractJmsListeningContainer.refreshSharedConnection(AbstractJmsListeningContainer.java:390)\n\tat org.springframework.jms.listener.DefaultMessageListenerContainer.refreshConnectionUntilSuccessful(DefaultMessageListenerContainer.java:1004)\n\tat org.springframework.jms.listener.DefaultMessageListenerContainer.recoverAfterListenerSetupFailure(DefaultMessageListenerContainer.java:978)\n\tat org.springframework.jms.listener.DefaultMessageListenerContainer$AsyncMessageListenerInvoker.run(DefaultMessageListenerContainer.java:1166)\n\tat java.base/java.lang.Thread.run(Unknown Source)\nCaused by: com.ibm.mq.MQException: JMSCMQ0001: IBM MQ call failed with compcode '2' ('MQCC_FAILED') reason '2538' ('MQRC_HOST_NOT_AVAILABLE').\n\tat com.ibm.msg.client.jakarta.wmq.common.internal.Reason.createException(Reason.java:203)\n\t... 18 common frames omitted\nCaused by: com.ibm.mq.jmqi.JmqiException: CC=2;RC=2538;AMQ9204: Connection to host 'ibm-mq.recon-platform.svc.cluster.local(1414)' rejected. [1=com.ibm.mq.jmqi.JmqiException[CC=2;RC=2538;AMQ9204: Connection to host 'ibm-mq.recon-platform.svc.cluster.local/10.100.195.132:1414' rejected. [1=java.net.ConnectException[Connection refused],3=ibm-mq.recon-platform.svc.cluster.local/10.100.195.132:1414,4=TCP,5=Socket.connect]],3=ibm-mq.recon-platform.svc.cluster.local(1414),4=,5=RemoteTCPConnection.bindAndConnectSocket]\n\tat com.ibm.mq.jmqi.remote.api.RemoteFAP$Connector.jmqiConnect(RemoteFAP.java:13687)\n\tat com.ibm.mq.jmqi.remote.api.RemoteFAP$Connector.access$100(RemoteFAP.java:13202)\n\tat com.ibm.mq.jmqi.remote.api.RemoteFAP.jmqiConnect(RemoteFAP.java:1451)\n\tat com.ibm.mq.jmqi.remote.api.RemoteFAP.jmqiConnect(RemoteFAP.java:1392)\n\tat com.ibm.mq.ese.jmqi.InterceptedJmqiImpl.jmqiConnect(InterceptedJmqiImpl.java:377)\n\tat com.ibm.mq.ese.jmqi.ESEJMQI.jmqiConnect(ESEJMQI.java:562)\n\tat com.ibm.msg.client.jakarta.wmq.internal.WMQConnection.<init>(WMQConnection.java:415)\n\t... 17 common frames omitted\nCaused by: com.ibm.mq.jmqi.JmqiException: CC=2;RC=2538;AMQ9204: Connection to host 'ibm-mq.recon-platform.svc.cluster.local/10.100.195.132:1414' rejected. [1=java.net.ConnectException[Connection refused],3=ibm-mq.recon-platform.svc.cluster.local/10.100.195.132:1414,4=TCP,5=Socket.connect]\n\tat com.ibm.mq.jmqi.remote.impl.RemoteTCPConnection.bindAndConnectSocket(RemoteTCPConnection.java:937)\n\tat com.ibm.mq.jmqi.remote.impl.RemoteTCPConnection.protocolConnect(RemoteTCPConnection.java:1511)\n\tat com.ibm.mq.jmqi.remote.impl.RemoteConnection.connect(RemoteConnection.java:1014)\n\tat com.ibm.mq.jmqi.remote.impl.RemoteConnectionSpecification.getNewConnection(RemoteConnectionSpecification.java:691)\n\tat com.ibm.mq.jmqi.remote.impl.RemoteConnectionSpecification.getSessionFromNewConnection(RemoteConnectionSpecification.java:283)\n\tat com.ibm.mq.jmqi.remote.impl.RemoteConnectionSpecification.getSession(RemoteConnectionSpecification.java:170)\n\tat com.ibm.mq.jmqi.remote.impl.RemoteConnectionPool.getSession(RemoteConnectionPool.java:128)\n\tat com.ibm.mq.jmqi.remote.api.RemoteFAP$Connector.jmqiConnect(RemoteFAP.java:13411)\n\t... 23 common frames omitted\nCaused by: java.net.ConnectException: Connection refused\n\tat java.base/sun.nio.ch.Net.connect0(Native Method)\n\tat java.base/sun.nio.ch.Net.connect(Unknown Source)\n\tat java.base/sun.nio.ch.Net.connect(Unknown Source)\n\tat java.base/sun.nio.ch.NioSocketImpl.connect(Unknown Source)\n\tat java.base/java.net.SocksSocketImpl.connect(Unknown Source)\n\tat java.base/java.net.Socket.connect(Unknown Source)\n\tat java.base/java.net.Socket.connect(Unknown Source)\n\tat com.ibm.mq.jmqi.remote.impl.RemoteTCPConnection$4.run(RemoteTCPConnection.java:1111)\n\tat com.ibm.mq.jmqi.remote.impl.RemoteTCPConnection$4.run(RemoteTCPConnection.java:1103)\n\tat java.base/java.security.AccessController.doPrivileged(Unknown Source)\n\tat com.ibm.mq.jmqi.remote.impl.RemoteTCPConnection.connectSocket(RemoteTCPConnection.java:1103)\n\tat com.ibm.mq.jmqi.remote.impl.RemoteTCPConnection.bindAndConnectSocket(RemoteTCPConnection.java:843)\n\t... 30 common frames omitted\n","appName":"recon-consumer-app","application":"recon-consumer-app"}
{"@timestamp":"2026-05-10T09:27:40.585076792Z","@version":"1","message":"Could not refresh JMS Connection for destination 'RECON.RETRY' - retrying using FixedBackOff{interval=5000, currentAttempts=26, maxAttempts=unlimited}. Cause: JMSWMQ0018: Failed to connect to queue manager 'QM1' with connection mode 'Client' and host name 'ibm-mq.recon-platform.svc.cluster.local(1414)'.; nested exception is com.ibm.mq.MQException: JMSCMQ0001: IBM MQ call failed with compcode '2' ('MQCC_FAILED') reason '2538' ('MQRC_HOST_NOT_AVAILABLE').","logger_name":"org.springframework.jms.listener.DefaultMessageListenerContainer","thread_name":"org.springframework.jms.JmsListenerEndpointContainer#2-2","level":"ERROR","level_value":40000,"stack_trace":"com.ibm.msg.client.jakarta.jms.DetailedIllegalStateException: JMSWMQ0018: Failed to connect to queue manager 'QM1' with connection mode 'Client' and host name 'ibm-mq.recon-platform.svc.cluster.local(1414)'.\n\tat com.ibm.msg.client.jakarta.wmq.common.internal.Reason.reasonToException(Reason.java:489)\n\tat com.ibm.msg.client.jakarta.wmq.common.internal.Reason.createException(Reason.java:215)\n\tat com.ibm.msg.client.jakarta.wmq.internal.WMQConnection.<init>(WMQConnection.java:482)\n\tat com.ibm.msg.client.jakarta.wmq.factories.WMQConnectionFactory.createV7ProviderConnection(WMQConnectionFactory.java:9009)\n\tat com.ibm.msg.client.jakarta.wmq.factories.WMQConnectionFactory.createProviderConnection(WMQConnectionFactory.java:8349)\n\tat com.ibm.msg.client.jakarta.jms.admin.JmsConnectionFactoryImpl._createConnection(JmsConnectionFactoryImpl.java:322)\n\tat com.ibm.msg.client.jakarta.jms.admin.JmsConnectionFactoryImpl.createConnection(JmsConnectionFactoryImpl.java:242)\n\tat com.ibm.mq.jakarta.jms.MQConnectionFactory.createCommonConnection(MQConnectionFactory.java:6193)\n\tat com.ibm.mq.jakarta.jms.MQConnectionFactory.createConnection(MQConnectionFactory.java:6222)\n\tat org.springframework.jms.connection.SingleConnectionFactory.doCreateConnection(SingleConnectionFactory.java:452)\n\tat org.springframework.jms.connection.SingleConnectionFactory.initConnection(SingleConnectionFactory.java:414)\n\tat org.springframework.jms.connection.SingleConnectionFactory.getConnection(SingleConnectionFactory.java:328)\n\tat org.springframework.jms.connection.SingleConnectionFactory.createConnection(SingleConnectionFactory.java:243)\n\tat org.springframework.jms.support.JmsAccessor.createConnection(JmsAccessor.java:211)\n\tat org.springframework.jms.listener.AbstractJmsListeningContainer.createSharedConnection(AbstractJmsListeningContainer.java:405)\n\tat org.springframework.jms.listener.AbstractJmsListeningContainer.refreshSharedConnection(AbstractJmsListeningContainer.java:390)\n\tat org.springframework.jms.listener.DefaultMessageListenerContainer.refreshConnectionUntilSuccessful(DefaultMessageListenerContainer.java:1004)\n\tat org.springframework.jms.listener.DefaultMessageListenerContainer.recoverAfterListenerSetupFailure(DefaultMessageListenerContainer.java:978)\n\tat org.springframework.jms.listener.DefaultMessageListenerContainer$AsyncMessageListenerInvoker.run(DefaultMessageListenerContainer.java:1166)\n\tat java.base/java.lang.Thread.run(Unknown Source)\nCaused by: com.ibm.mq.MQException: JMSCMQ0001: IBM MQ call failed with compcode '2' ('MQCC_FAILED') reason '2538' ('MQRC_HOST_NOT_AVAILABLE').\n\tat com.ibm.msg.client.jakarta.wmq.common.internal.Reason.createException(Reason.java:203)\n\t... 18 common frames omitted\nCaused by: com.ibm.mq.jmqi.JmqiException: CC=2;RC=2538;AMQ9204: Connection to host 'ibm-mq.recon-platform.svc.cluster.local(1414)' rejected. [1=com.ibm.mq.jmqi.JmqiException[CC=2;RC=2538;AMQ9204: Connection to host 'ibm-mq.recon-platform.svc.cluster.local/10.100.195.132:1414' rejected. [1=java.net.ConnectException[Connection refused],3=ibm-mq.recon-platform.svc.cluster.local/10.100.195.132:1414,4=TCP,5=Socket.connect]],3=ibm-mq.recon-platform.svc.cluster.local(1414),4=,5=RemoteTCPConnection.bindAndConnectSocket]\n\tat com.ibm.mq.jmqi.remote.api.RemoteFAP$Connector.jmqiConnect(RemoteFAP.java:13687)\n\tat com.ibm.mq.jmqi.remote.api.RemoteFAP$Connector.access$100(RemoteFAP.java:13202)\n\tat com.ibm.mq.jmqi.remote.api.RemoteFAP.jmqiConnect(RemoteFAP.java:1451)\n\tat com.ibm.mq.jmqi.remote.api.RemoteFAP.jmqiConnect(RemoteFAP.java:1392)\n\tat com.ibm.mq.ese.jmqi.InterceptedJmqiImpl.jmqiConnect(InterceptedJmqiImpl.java:377)\n\tat com.ibm.mq.ese.jmqi.ESEJMQI.jmqiConnect(ESEJMQI.java:562)\n\tat com.ibm.msg.client.jakarta.wmq.internal.WMQConnection.<init>(WMQConnection.java:415)\n\t... 17 common frames omitted\nCaused by: com.ibm.mq.jmqi.JmqiException: CC=2;RC=2538;AMQ9204: Connection to host 'ibm-mq.recon-platform.svc.cluster.local/10.100.195.132:1414' rejected. [1=java.net.ConnectException[Connection refused],3=ibm-mq.recon-platform.svc.cluster.local/10.100.195.132:1414,4=TCP,5=Socket.connect]\n\tat com.ibm.mq.jmqi.remote.impl.RemoteTCPConnection.bindAndConnectSocket(RemoteTCPConnection.java:937)\n\tat com.ibm.mq.jmqi.remote.impl.RemoteTCPConnection.protocolConnect(RemoteTCPConnection.java:1511)\n\tat com.ibm.mq.jmqi.remote.impl.RemoteConnection.connect(RemoteConnection.java:1014)\n\tat com.ibm.mq.jmqi.remote.impl.RemoteConnectionSpecification.getNewConnection(RemoteConnectionSpecification.java:691)\n\tat com.ibm.mq.jmqi.remote.impl.RemoteConnectionSpecification.getSessionFromNewConnection(RemoteConnectionSpecification.java:283)\n\tat com.ibm.mq.jmqi.remote.impl.RemoteConnectionSpecification.getSession(RemoteConnectionSpecification.java:170)\n\tat com.ibm.mq.jmqi.remote.impl.RemoteConnectionPool.getSession(RemoteConnectionPool.java:128)\n\tat com.ibm.mq.jmqi.remote.api.RemoteFAP$Connector.jmqiConnect(RemoteFAP.java:13411)\n\t... 23 common frames omitted\nCaused by: java.net.ConnectException: Connection refused\n\tat java.base/sun.nio.ch.Net.connect0(Native Method)\n\tat java.base/sun.nio.ch.Net.connect(Unknown Source)\n\tat java.base/sun.nio.ch.Net.connect(Unknown Source)\n\tat java.base/sun.nio.ch.NioSocketImpl.connect(Unknown Source)\n\tat java.base/java.net.SocksSocketImpl.connect(Unknown Source)\n\tat java.base/java.net.Socket.connect(Unknown Source)\n\tat java.base/java.net.Socket.connect(Unknown Source)\n\tat com.ibm.mq.jmqi.remote.impl.RemoteTCPConnection$4.run(RemoteTCPConnection.java:1111)\n\tat com.ibm.mq.jmqi.remote.impl.RemoteTCPConnection$4.run(RemoteTCPConnection.java:1103)\n\tat java.base/java.security.AccessController.doPrivileged(Unknown Source)\n\tat com.ibm.mq.jmqi.remote.impl.RemoteTCPConnection.connectSocket(RemoteTCPConnection.java:1103)\n\tat com.ibm.mq.jmqi.remote.impl.RemoteTCPConnection.bindAndConnectSocket(RemoteTCPConnection.java:843)\n\t... 30 common frames omitted\n","appName":"recon-consumer-app","application":"recon-consumer-app"}
{"@timestamp":"2026-05-10T09:27:41.625170664Z","@version":"1","message":"Could not refresh JMS Connection for destination 'SYSTEM.DEAD.LETTER.QUEUE' - retrying using FixedBackOff{interval=5000, currentAttempts=26, maxAttempts=unlimited}. Cause: JMSWMQ0018: Failed to connect to queue manager 'QM1' with connection mode 'Client' and host name 'ibm-mq.recon-platform.svc.cluster.local(1414)'.; nested exception is com.ibm.mq.MQException: JMSCMQ0001: IBM MQ call failed with compcode '2' ('MQCC_FAILED') reason '2538' ('MQRC_HOST_NOT_AVAILABLE').","logger_name":"org.springframework.jms.listener.DefaultMessageListenerContainer","thread_name":"org.springframework.jms.JmsListenerEndpointContainer#0-1","level":"ERROR","level_value":40000,"stack_trace":"com.ibm.msg.client.jakarta.jms.DetailedIllegalStateException: JMSWMQ0018: Failed to connect to queue manager 'QM1' with connection mode 'Client' and host name 'ibm-mq.recon-platform.svc.cluster.local(1414)'.\n\tat com.ibm.msg.client.jakarta.wmq.common.internal.Reason.reasonToException(Reason.java:489)\n\tat com.ibm.msg.client.jakarta.wmq.common.internal.Reason.createException(Reason.java:215)\n\tat com.ibm.msg.client.jakarta.wmq.internal.WMQConnection.<init>(WMQConnection.java:482)\n\tat com.ibm.msg.client.jakarta.wmq.factories.WMQConnectionFactory.createV7ProviderConnection(WMQConnectionFactory.java:9009)\n\tat com.ibm.msg.client.jakarta.wmq.factories.WMQConnectionFactory.createProviderConnection(WMQConnectionFactory.java:8349)\n\tat com.ibm.msg.client.jakarta.jms.admin.JmsConnectionFactoryImpl._createConnection(JmsConnectionFactoryImpl.java:322)\n\tat com.ibm.msg.client.jakarta.jms.admin.JmsConnectionFactoryImpl.createConnection(JmsConnectionFactoryImpl.java:242)\n\tat com.ibm.mq.jakarta.jms.MQConnectionFactory.createCommonConnection(MQConnectionFactory.java:6193)\n\tat com.ibm.mq.jakarta.jms.MQConnectionFactory.createConnection(MQConnectionFactory.java:6222)\n\tat org.springframework.jms.connection.SingleConnectionFactory.doCreateConnection(SingleConnectionFactory.java:452)\n\tat org.springframework.jms.connection.SingleConnectionFactory.initConnection(SingleConnectionFactory.java:414)\n\tat org.springframework.jms.connection.SingleConnectionFactory.getConnection(SingleConnectionFactory.java:328)\n\tat org.springframework.jms.connection.SingleConnectionFactory.createConnection(SingleConnectionFactory.java:243)\n\tat org.springframework.jms.support.JmsAccessor.createConnection(JmsAccessor.java:211)\n\tat org.springframework.jms.listener.AbstractJmsListeningContainer.createSharedConnection(AbstractJmsListeningContainer.java:405)\n\tat org.springframework.jms.listener.AbstractJmsListeningContainer.refreshSharedConnection(AbstractJmsListeningContainer.java:390)\n\tat org.springframework.jms.listener.DefaultMessageListenerContainer.refreshConnectionUntilSuccessful(DefaultMessageListenerContainer.java:1004)\n\tat org.springframework.jms.listener.DefaultMessageListenerContainer.recoverAfterListenerSetupFailure(DefaultMessageListenerContainer.java:978)\n\tat org.springframework.jms.listener.DefaultMessageListenerContainer$AsyncMessageListenerInvoker.run(DefaultMessageListenerContainer.java:1166)\n\tat java.base/java.lang.Thread.run(Unknown Source)\nCaused by: com.ibm.mq.MQException: JMSCMQ0001: IBM MQ call failed with compcode '2' ('MQCC_FAILED') reason '2538' ('MQRC_HOST_NOT_AVAILABLE').\n\tat com.ibm.msg.client.jakarta.wmq.common.internal.Reason.createException(Reason.java:203)\n\t... 18 common frames omitted\nCaused by: com.ibm.mq.jmqi.JmqiException: CC=2;RC=2538;AMQ9204: Connection to host 'ibm-mq.recon-platform.svc.cluster.local(1414)' rejected. [1=com.ibm.mq.jmqi.JmqiException[CC=2;RC=2538;AMQ9204: Connection to host 'ibm-mq.recon-platform.svc.cluster.local/10.100.195.132:1414' rejected. [1=java.net.ConnectException[Connection refused],3=ibm-mq.recon-platform.svc.cluster.local/10.100.195.132:1414,4=TCP,5=Socket.connect]],3=ibm-mq.recon-platform.svc.cluster.local(1414),4=,5=RemoteTCPConnection.bindAndConnectSocket]\n\tat com.ibm.mq.jmqi.remote.api.RemoteFAP$Connector.jmqiConnect(RemoteFAP.java:13687)\n\tat com.ibm.mq.jmqi.remote.api.RemoteFAP$Connector.access$100(RemoteFAP.java:13202)\n\tat com.ibm.mq.jmqi.remote.api.RemoteFAP.jmqiConnect(RemoteFAP.java:1451)\n\tat com.ibm.mq.jmqi.remote.api.RemoteFAP.jmqiConnect(RemoteFAP.java:1392)\n\tat com.ibm.mq.ese.jmqi.InterceptedJmqiImpl.jmqiConnect(InterceptedJmqiImpl.java:377)\n\tat com.ibm.mq.ese.jmqi.ESEJMQI.jmqiConnect(ESEJMQI.java:562)\n\tat com.ibm.msg.client.jakarta.wmq.internal.WMQConnection.<init>(WMQConnection.java:415)\n\t... 17 common frames omitted\nCaused by: com.ibm.mq.jmqi.JmqiException: CC=2;RC=2538;AMQ9204: Connection to host 'ibm-mq.recon-platform.svc.cluster.local/10.100.195.132:1414' rejected. [1=java.net.ConnectException[Connection refused],3=ibm-mq.recon-platform.svc.cluster.local/10.100.195.132:1414,4=TCP,5=Socket.connect]\n\tat com.ibm.mq.jmqi.remote.impl.RemoteTCPConnection.bindAndConnectSocket(RemoteTCPConnection.java:937)\n\tat com.ibm.mq.jmqi.remote.impl.RemoteTCPConnection.protocolConnect(RemoteTCPConnection.java:1511)\n\tat com.ibm.mq.jmqi.remote.impl.RemoteConnection.connect(RemoteConnection.java:1014)\n\tat com.ibm.mq.jmqi.remote.impl.RemoteConnectionSpecification.getNewConnection(RemoteConnectionSpecification.java:691)\n\tat com.ibm.mq.jmqi.remote.impl.RemoteConnectionSpecification.getSessionFromNewConnection(RemoteConnectionSpecification.java:283)\n\tat com.ibm.mq.jmqi.remote.impl.RemoteConnectionSpecification.getSession(RemoteConnectionSpecification.java:170)\n\tat com.ibm.mq.jmqi.remote.impl.RemoteConnectionPool.getSession(RemoteConnectionPool.java:128)\n\tat com.ibm.mq.jmqi.remote.api.RemoteFAP$Connector.jmqiConnect(RemoteFAP.java:13411)\n\t... 23 common frames omitted\nCaused by: java.net.ConnectException: Connection refused\n\tat java.base/sun.nio.ch.Net.connect0(Native Method)\n\tat java.base/sun.nio.ch.Net.connect(Unknown Source)\n\tat java.base/sun.nio.ch.Net.connect(Unknown Source)\n\tat java.base/sun.nio.ch.NioSocketImpl.connect(Unknown Source)\n\tat java.base/java.net.SocksSocketImpl.connect(Unknown Source)\n\tat java.base/java.net.Socket.connect(Unknown Source)\n\tat java.base/java.net.Socket.connect(Unknown Source)\n\tat com.ibm.mq.jmqi.remote.impl.RemoteTCPConnection$4.run(RemoteTCPConnection.java:1111)\n\tat com.ibm.mq.jmqi.remote.impl.RemoteTCPConnection$4.run(RemoteTCPConnection.java:1103)\n\tat java.base/java.security.AccessController.doPrivileged(Unknown Source)\n\tat com.ibm.mq.jmqi.remote.impl.RemoteTCPConnection.connectSocket(RemoteTCPConnection.java:1103)\n\tat com.ibm.mq.jmqi.remote.impl.RemoteTCPConnection.bindAndConnectSocket(RemoteTCPConnection.java:843)\n\t... 30 common frames omitted\n","appName":"recon-consumer-app","application":"recon-consumer-app"}
{"@timestamp":"2026-05-10T09:27:42.665012306Z","@version":"1","message":"Could not refresh JMS Connection for destination 'RECON.IN' - retrying using FixedBackOff{interval=5000, currentAttempts=26, maxAttempts=unlimited}. Cause: JMSWMQ0018: Failed to connect to queue manager 'QM1' with connection mode 'Client' and host name 'ibm-mq.recon-platform.svc.cluster.local(1414)'.; nested exception is com.ibm.mq.MQException: JMSCMQ0001: IBM MQ call failed with compcode '2' ('MQCC_FAILED') reason '2538' ('MQRC_HOST_NOT_AVAILABLE').","logger_name":"org.springframework.jms.listener.DefaultMessageListenerContainer","thread_name":"org.springframework.jms.JmsListenerEndpointContainer#1-8","level":"ERROR","level_value":40000,"stack_trace":"com.ibm.msg.client.jakarta.jms.DetailedIllegalStateException: JMSWMQ0018: Failed to connect to queue manager 'QM1' with connection mode 'Client' and host name 'ibm-mq.recon-platform.svc.cluster.local(1414)'.\n\tat com.ibm.msg.client.jakarta.wmq.common.internal.Reason.reasonToException(Reason.java:489)\n\tat com.ibm.msg.client.jakarta.wmq.common.internal.Reason.createException(Reason.java:215)\n\tat com.ibm.msg.client.jakarta.wmq.internal.WMQConnection.<init>(WMQConnection.java:482)\n\tat com.ibm.msg.client.jakarta.wmq.factories.WMQConnectionFactory.createV7ProviderConnection(WMQConnectionFactory.java:9009)\n\tat com.ibm.msg.client.jakarta.wmq.factories.WMQConnectionFactory.createProviderConnection(WMQConnectionFactory.java:8349)\n\tat com.ibm.msg.client.jakarta.jms.admin.JmsConnectionFactoryImpl._createConnection(JmsConnectionFactoryImpl.java:322)\n\tat com.ibm.msg.client.jakarta.jms.admin.JmsConnectionFactoryImpl.createConnection(JmsConnectionFactoryImpl.java:242)\n\tat com.ibm.mq.jakarta.jms.MQConnectionFactory.createCommonConnection(MQConnectionFactory.java:6193)\n\tat com.ibm.mq.jakarta.jms.MQConnectionFactory.createConnection(MQConnectionFactory.java:6222)\n\tat org.springframework.jms.connection.SingleConnectionFactory.doCreateConnection(SingleConnectionFactory.java:452)\n\tat org.springframework.jms.connection.SingleConnectionFactory.initConnection(SingleConnectionFactory.java:414)\n\tat org.springframework.jms.connection.SingleConnectionFactory.getConnection(SingleConnectionFactory.java:328)\n\tat org.springframework.jms.connection.SingleConnectionFactory.createConnection(SingleConnectionFactory.java:243)\n\tat org.springframework.jms.support.JmsAccessor.createConnection(JmsAccessor.java:211)\n\tat org.springframework.jms.listener.AbstractJmsListeningContainer.createSharedConnection(AbstractJmsListeningContainer.java:405)\n\tat org.springframework.jms.listener.AbstractJmsListeningContainer.refreshSharedConnection(AbstractJmsListeningContainer.java:390)\n\tat org.springframework.jms.listener.DefaultMessageListenerContainer.refreshConnectionUntilSuccessful(DefaultMessageListenerContainer.java:1004)\n\tat org.springframework.jms.listener.DefaultMessageListenerContainer.recoverAfterListenerSetupFailure(DefaultMessageListenerContainer.java:978)\n\tat org.springframework.jms.listener.DefaultMessageListenerContainer$AsyncMessageListenerInvoker.run(DefaultMessageListenerContainer.java:1166)\n\tat java.base/java.lang.Thread.run(Unknown Source)\nCaused by: com.ibm.mq.MQException: JMSCMQ0001: IBM MQ call failed with compcode '2' ('MQCC_FAILED') reason '2538' ('MQRC_HOST_NOT_AVAILABLE').\n\tat com.ibm.msg.client.jakarta.wmq.common.internal.Reason.createException(Reason.java:203)\n\t... 18 common frames omitted\nCaused by: com.ibm.mq.jmqi.JmqiException: CC=2;RC=2538;AMQ9204: Connection to host 'ibm-mq.recon-platform.svc.cluster.local(1414)' rejected. [1=com.ibm.mq.jmqi.JmqiException[CC=2;RC=2538;AMQ9204: Connection to host 'ibm-mq.recon-platform.svc.cluster.local/10.100.195.132:1414' rejected. [1=java.net.ConnectException[Connection refused],3=ibm-mq.recon-platform.svc.cluster.local/10.100.195.132:1414,4=TCP,5=Socket.connect]],3=ibm-mq.recon-platform.svc.cluster.local(1414),4=,5=RemoteTCPConnection.bindAndConnectSocket]\n\tat com.ibm.mq.jmqi.remote.api.RemoteFAP$Connector.jmqiConnect(RemoteFAP.java:13687)\n\tat com.ibm.mq.jmqi.remote.api.RemoteFAP$Connector.access$100(RemoteFAP.java:13202)\n\tat com.ibm.mq.jmqi.remote.api.RemoteFAP.jmqiConnect(RemoteFAP.java:1451)\n\tat com.ibm.mq.jmqi.remote.api.RemoteFAP.jmqiConnect(RemoteFAP.java:1392)\n\tat com.ibm.mq.ese.jmqi.InterceptedJmqiImpl.jmqiConnect(InterceptedJmqiImpl.java:377)\n\tat com.ibm.mq.ese.jmqi.ESEJMQI.jmqiConnect(ESEJMQI.java:562)\n\tat com.ibm.msg.client.jakarta.wmq.internal.WMQConnection.<init>(WMQConnection.java:415)\n\t... 17 common frames omitted\nCaused by: com.ibm.mq.jmqi.JmqiException: CC=2;RC=2538;AMQ9204: Connection to host 'ibm-mq.recon-platform.svc.cluster.local/10.100.195.132:1414' rejected. [1=java.net.ConnectException[Connection refused],3=ibm-mq.recon-platform.svc.cluster.local/10.100.195.132:1414,4=TCP,5=Socket.connect]\n\tat com.ibm.mq.jmqi.remote.impl.RemoteTCPConnection.bindAndConnectSocket(RemoteTCPConnection.java:937)\n\tat com.ibm.mq.jmqi.remote.impl.RemoteTCPConnection.protocolConnect(RemoteTCPConnection.java:1511)\n\tat com.ibm.mq.jmqi.remote.impl.RemoteConnection.connect(RemoteConnection.java:1014)\n\tat com.ibm.mq.jmqi.remote.impl.RemoteConnectionSpecification.getNewConnection(RemoteConnectionSpecification.java:691)\n\tat com.ibm.mq.jmqi.remote.impl.RemoteConnectionSpecification.getSessionFromNewConnection(RemoteConnectionSpecification.java:283)\n\tat com.ibm.mq.jmqi.remote.impl.RemoteConnectionSpecification.getSession(RemoteConnectionSpecification.java:170)\n\tat com.ibm.mq.jmqi.remote.impl.RemoteConnectionPool.getSession(RemoteConnectionPool.java:128)\n\tat com.ibm.mq.jmqi.remote.api.RemoteFAP$Connector.jmqiConnect(RemoteFAP.java:13411)\n\t... 23 common frames omitted\nCaused by: java.net.ConnectException: Connection refused\n\tat java.base/sun.nio.ch.Net.connect0(Native Method)\n\tat java.base/sun.nio.ch.Net.connect(Unknown Source)\n\tat java.base/sun.nio.ch.Net.connect(Unknown Source)\n\tat java.base/sun.nio.ch.NioSocketImpl.connect(Unknown Source)\n\tat java.base/java.net.SocksSocketImpl.connect(Unknown Source)\n\tat java.base/java.net.Socket.connect(Unknown Source)\n\tat java.base/java.net.Socket.connect(Unknown Source)\n\tat com.ibm.mq.jmqi.remote.impl.RemoteTCPConnection$4.run(RemoteTCPConnection.java:1111)\n\tat com.ibm.mq.jmqi.remote.impl.RemoteTCPConnection$4.run(RemoteTCPConnection.java:1103)\n\tat java.base/java.security.AccessController.doPrivileged(Unknown Source)\n\tat com.ibm.mq.jmqi.remote.impl.RemoteTCPConnection.connectSocket(RemoteTCPConnection.java:1103)\n\tat com.ibm.mq.jmqi.remote.impl.RemoteTCPConnection.bindAndConnectSocket(RemoteTCPConnection.java:843)\n\t... 30 common frames omitted\n","appName":"recon-consumer-app","application":"recon-consumer-app"}
{"@timestamp":"2026-05-10T09:27:46.66505694Z","@version":"1","message":"Could not refresh JMS Connection for destination 'RECON.RETRY' - retrying using FixedBackOff{interval=5000, currentAttempts=27, maxAttempts=unlimited}. Cause: JMSWMQ0018: Failed to connect to queue manager 'QM1' with connection mode 'Client' and host name 'ibm-mq.recon-platform.svc.cluster.local(1414)'.; nested exception is com.ibm.mq.MQException: JMSCMQ0001: IBM MQ call failed with compcode '2' ('MQCC_FAILED') reason '2538' ('MQRC_HOST_NOT_AVAILABLE').","logger_name":"org.springframework.jms.listener.DefaultMessageListenerContainer","thread_name":"org.springframework.jms.JmsListenerEndpointContainer#2-2","level":"ERROR","level_value":40000,"stack_trace":"com.ibm.msg.client.jakarta.jms.DetailedIllegalStateException: JMSWMQ0018: Failed to connect to queue manager 'QM1' with connection mode 'Client' and host name 'ibm-mq.recon-platform.svc.cluster.local(1414)'.\n\tat com.ibm.msg.client.jakarta.wmq.common.internal.Reason.reasonToException(Reason.java:489)\n\tat com.ibm.msg.client.jakarta.wmq.common.internal.Reason.createException(Reason.java:215)\n\tat com.ibm.msg.client.jakarta.wmq.internal.WMQConnection.<init>(WMQConnection.java:482)\n\tat com.ibm.msg.client.jakarta.wmq.factories.WMQConnectionFactory.createV7ProviderConnection(WMQConnectionFactory.java:9009)\n\tat com.ibm.msg.client.jakarta.wmq.factories.WMQConnectionFactory.createProviderConnection(WMQConnectionFactory.java:8349)\n\tat com.ibm.msg.client.jakarta.jms.admin.JmsConnectionFactoryImpl._createConnection(JmsConnectionFactoryImpl.java:322)\n\tat com.ibm.msg.client.jakarta.jms.admin.JmsConnectionFactoryImpl.createConnection(JmsConnectionFactoryImpl.java:242)\n\tat com.ibm.mq.jakarta.jms.MQConnectionFactory.createCommonConnection(MQConnectionFactory.java:6193)\n\tat com.ibm.mq.jakarta.jms.MQConnectionFactory.createConnection(MQConnectionFactory.java:6222)\n\tat org.springframework.jms.connection.SingleConnectionFactory.doCreateConnection(SingleConnectionFactory.java:452)\n\tat org.springframework.jms.connection.SingleConnectionFactory.initConnection(SingleConnectionFactory.java:414)\n\tat org.springframework.jms.connection.SingleConnectionFactory.getConnection(SingleConnectionFactory.java:328)\n\tat org.springframework.jms.connection.SingleConnectionFactory.createConnection(SingleConnectionFactory.java:243)\n\tat org.springframework.jms.support.JmsAccessor.createConnection(JmsAccessor.java:211)\n\tat org.springframework.jms.listener.AbstractJmsListeningContainer.createSharedConnection(AbstractJmsListeningContainer.java:405)\n\tat org.springframework.jms.listener.AbstractJmsListeningContainer.refreshSharedConnection(AbstractJmsListeningContainer.java:390)\n\tat org.springframework.jms.listener.DefaultMessageListenerContainer.refreshConnectionUntilSuccessful(DefaultMessageListenerContainer.java:1004)\n\tat org.springframework.jms.listener.DefaultMessageListenerContainer.recoverAfterListenerSetupFailure(DefaultMessageListenerContainer.java:978)\n\tat org.springframework.jms.listener.DefaultMessageListenerContainer$AsyncMessageListenerInvoker.run(DefaultMessageListenerContainer.java:1166)\n\tat java.base/java.lang.Thread.run(Unknown Source)\nCaused by: com.ibm.mq.MQException: JMSCMQ0001: IBM MQ call failed with compcode '2' ('MQCC_FAILED') reason '2538' ('MQRC_HOST_NOT_AVAILABLE').\n\tat com.ibm.msg.client.jakarta.wmq.common.internal.Reason.createException(Reason.java:203)\n\t... 18 common frames omitted\nCaused by: com.ibm.mq.jmqi.JmqiException: CC=2;RC=2538;AMQ9204: Connection to host 'ibm-mq.recon-platform.svc.cluster.local(1414)' rejected. [1=com.ibm.mq.jmqi.JmqiException[CC=2;RC=2538;AMQ9204: Connection to host 'ibm-mq.recon-platform.svc.cluster.local/10.100.195.132:1414' rejected. [1=java.net.ConnectException[Connection refused],3=ibm-mq.recon-platform.svc.cluster.local/10.100.195.132:1414,4=TCP,5=Socket.connect]],3=ibm-mq.recon-platform.svc.cluster.local(1414),4=,5=RemoteTCPConnection.bindAndConnectSocket]\n\tat com.ibm.mq.jmqi.remote.api.RemoteFAP$Connector.jmqiConnect(RemoteFAP.java:13687)\n\tat com.ibm.mq.jmqi.remote.api.RemoteFAP$Connector.access$100(RemoteFAP.java:13202)\n\tat com.ibm.mq.jmqi.remote.api.RemoteFAP.jmqiConnect(RemoteFAP.java:1451)\n\tat com.ibm.mq.jmqi.remote.api.RemoteFAP.jmqiConnect(RemoteFAP.java:1392)\n\tat com.ibm.mq.ese.jmqi.InterceptedJmqiImpl.jmqiConnect(InterceptedJmqiImpl.java:377)\n\tat com.ibm.mq.ese.jmqi.ESEJMQI.jmqiConnect(ESEJMQI.java:562)\n\tat com.ibm.msg.client.jakarta.wmq.internal.WMQConnection.<init>(WMQConnection.java:415)\n\t... 17 common frames omitted\nCaused by: com.ibm.mq.jmqi.JmqiException: CC=2;RC=2538;AMQ9204: Connection to host 'ibm-mq.recon-platform.svc.cluster.local/10.100.195.132:1414' rejected. [1=java.net.ConnectException[Connection refused],3=ibm-mq.recon-platform.svc.cluster.local/10.100.195.132:1414,4=TCP,5=Socket.connect]\n\tat com.ibm.mq.jmqi.remote.impl.RemoteTCPConnection.bindAndConnectSocket(RemoteTCPConnection.java:937)\n\tat com.ibm.mq.jmqi.remote.impl.RemoteTCPConnection.protocolConnect(RemoteTCPConnection.java:1511)\n\tat com.ibm.mq.jmqi.remote.impl.RemoteConnection.connect(RemoteConnection.java:1014)\n\tat com.ibm.mq.jmqi.remote.impl.RemoteConnectionSpecification.getNewConnection(RemoteConnectionSpecification.java:691)\n\tat com.ibm.mq.jmqi.remote.impl.RemoteConnectionSpecification.getSessionFromNewConnection(RemoteConnectionSpecification.java:283)\n\tat com.ibm.mq.jmqi.remote.impl.RemoteConnectionSpecification.getSession(RemoteConnectionSpecification.java:170)\n\tat com.ibm.mq.jmqi.remote.impl.RemoteConnectionPool.getSession(RemoteConnectionPool.java:128)\n\tat com.ibm.mq.jmqi.remote.api.RemoteFAP$Connector.jmqiConnect(RemoteFAP.java:13411)\n\t... 23 common frames omitted\nCaused by: java.net.ConnectException: Connection refused\n\tat java.base/sun.nio.ch.Net.connect0(Native Method)\n\tat java.base/sun.nio.ch.Net.connect(Unknown Source)\n\tat java.base/sun.nio.ch.Net.connect(Unknown Source)\n\tat java.base/sun.nio.ch.NioSocketImpl.connect(Unknown Source)\n\tat java.base/java.net.SocksSocketImpl.connect(Unknown Source)\n\tat java.base/java.net.Socket.connect(Unknown Source)\n\tat java.base/java.net.Socket.connect(Unknown Source)\n\tat com.ibm.mq.jmqi.remote.impl.RemoteTCPConnection$4.run(RemoteTCPConnection.java:1111)\n\tat com.ibm.mq.jmqi.remote.impl.RemoteTCPConnection$4.run(RemoteTCPConnection.java:1103)\n\tat java.base/java.security.AccessController.doPrivileged(Unknown Source)\n\tat com.ibm.mq.jmqi.remote.impl.RemoteTCPConnection.connectSocket(RemoteTCPConnection.java:1103)\n\tat com.ibm.mq.jmqi.remote.impl.RemoteTCPConnection.bindAndConnectSocket(RemoteTCPConnection.java:843)\n\t... 30 common frames omitted\n","appName":"recon-consumer-app","application":"recon-consumer-app"}
{"@timestamp":"2026-05-10T09:27:47.705095468Z","@version":"1","message":"Could not refresh JMS Connection for destination 'SYSTEM.DEAD.LETTER.QUEUE' - retrying using FixedBackOff{interval=5000, currentAttempts=27, maxAttempts=unlimited}. Cause: JMSWMQ0018: Failed to connect to queue manager 'QM1' with connection mode 'Client' and host name 'ibm-mq.recon-platform.svc.cluster.local(1414)'.; nested exception is com.ibm.mq.MQException: JMSCMQ0001: IBM MQ call failed with compcode '2' ('MQCC_FAILED') reason '2538' ('MQRC_HOST_NOT_AVAILABLE').","logger_name":"org.springframework.jms.listener.DefaultMessageListenerContainer","thread_name":"org.springframework.jms.JmsListenerEndpointContainer#0-1","level":"ERROR","level_value":40000,"stack_trace":"com.ibm.msg.client.jakarta.jms.DetailedIllegalStateException: JMSWMQ0018: Failed to connect to queue manager 'QM1' with connection mode 'Client' and host name 'ibm-mq.recon-platform.svc.cluster.local(1414)'.\n\tat com.ibm.msg.client.jakarta.wmq.common.internal.Reason.reasonToException(Reason.java:489)\n\tat com.ibm.msg.client.jakarta.wmq.common.internal.Reason.createException(Reason.java:215)\n\tat com.ibm.msg.client.jakarta.wmq.internal.WMQConnection.<init>(WMQConnection.java:482)\n\tat com.ibm.msg.client.jakarta.wmq.factories.WMQConnectionFactory.createV7ProviderConnection(WMQConnectionFactory.java:9009)\n\tat com.ibm.msg.client.jakarta.wmq.factories.WMQConnectionFactory.createProviderConnection(WMQConnectionFactory.java:8349)\n\tat com.ibm.msg.client.jakarta.jms.admin.JmsConnectionFactoryImpl._createConnection(JmsConnectionFactoryImpl.java:322)\n\tat com.ibm.msg.client.jakarta.jms.admin.JmsConnectionFactoryImpl.createConnection(JmsConnectionFactoryImpl.java:242)\n\tat com.ibm.mq.jakarta.jms.MQConnectionFactory.createCommonConnection(MQConnectionFactory.java:6193)\n\tat com.ibm.mq.jakarta.jms.MQConnectionFactory.createConnection(MQConnectionFactory.java:6222)\n\tat org.springframework.jms.connection.SingleConnectionFactory.doCreateConnection(SingleConnectionFactory.java:452)\n\tat org.springframework.jms.connection.SingleConnectionFactory.initConnection(SingleConnectionFactory.java:414)\n\tat org.springframework.jms.connection.SingleConnectionFactory.getConnection(SingleConnectionFactory.java:328)\n\tat org.springframework.jms.connection.SingleConnectionFactory.createConnection(SingleConnectionFactory.java:243)\n\tat org.springframework.jms.support.JmsAccessor.createConnection(JmsAccessor.java:211)\n\tat org.springframework.jms.listener.AbstractJmsListeningContainer.createSharedConnection(AbstractJmsListeningContainer.java:405)\n\tat org.springframework.jms.listener.AbstractJmsListeningContainer.refreshSharedConnection(AbstractJmsListeningContainer.java:390)\n\tat org.springframework.jms.listener.DefaultMessageListenerContainer.refreshConnectionUntilSuccessful(DefaultMessageListenerContainer.java:1004)\n\tat org.springframework.jms.listener.DefaultMessageListenerContainer.recoverAfterListenerSetupFailure(DefaultMessageListenerContainer.java:978)\n\tat org.springframework.jms.listener.DefaultMessageListenerContainer$AsyncMessageListenerInvoker.run(DefaultMessageListenerContainer.java:1166)\n\tat java.base/java.lang.Thread.run(Unknown Source)\nCaused by: com.ibm.mq.MQException: JMSCMQ0001: IBM MQ call failed with compcode '2' ('MQCC_FAILED') reason '2538' ('MQRC_HOST_NOT_AVAILABLE').\n\tat com.ibm.msg.client.jakarta.wmq.common.internal.Reason.createException(Reason.java:203)\n\t... 18 common frames omitted\nCaused by: com.ibm.mq.jmqi.JmqiException: CC=2;RC=2538;AMQ9204: Connection to host 'ibm-mq.recon-platform.svc.cluster.local(1414)' rejected. [1=com.ibm.mq.jmqi.JmqiException[CC=2;RC=2538;AMQ9204: Connection to host 'ibm-mq.recon-platform.svc.cluster.local/10.100.195.132:1414' rejected. [1=java.net.ConnectException[Connection refused],3=ibm-mq.recon-platform.svc.cluster.local/10.100.195.132:1414,4=TCP,5=Socket.connect]],3=ibm-mq.recon-platform.svc.cluster.local(1414),4=,5=RemoteTCPConnection.bindAndConnectSocket]\n\tat com.ibm.mq.jmqi.remote.api.RemoteFAP$Connector.jmqiConnect(RemoteFAP.java:13687)\n\tat com.ibm.mq.jmqi.remote.api.RemoteFAP$Connector.access$100(RemoteFAP.java:13202)\n\tat com.ibm.mq.jmqi.remote.api.RemoteFAP.jmqiConnect(RemoteFAP.java:1451)\n\tat com.ibm.mq.jmqi.remote.api.RemoteFAP.jmqiConnect(RemoteFAP.java:1392)\n\tat com.ibm.mq.ese.jmqi.InterceptedJmqiImpl.jmqiConnect(InterceptedJmqiImpl.java:377)\n\tat com.ibm.mq.ese.jmqi.ESEJMQI.jmqiConnect(ESEJMQI.java:562)\n\tat com.ibm.msg.client.jakarta.wmq.internal.WMQConnection.<init>(WMQConnection.java:415)\n\t... 17 common frames omitted\nCaused by: com.ibm.mq.jmqi.JmqiException: CC=2;RC=2538;AMQ9204: Connection to host 'ibm-mq.recon-platform.svc.cluster.local/10.100.195.132:1414' rejected. [1=java.net.ConnectException[Connection refused],3=ibm-mq.recon-platform.svc.cluster.local/10.100.195.132:1414,4=TCP,5=Socket.connect]\n\tat com.ibm.mq.jmqi.remote.impl.RemoteTCPConnection.bindAndConnectSocket(RemoteTCPConnection.java:937)\n\tat com.ibm.mq.jmqi.remote.impl.RemoteTCPConnection.protocolConnect(RemoteTCPConnection.java:1511)\n\tat com.ibm.mq.jmqi.remote.impl.RemoteConnection.connect(RemoteConnection.java:1014)\n\tat com.ibm.mq.jmqi.remote.impl.RemoteConnectionSpecification.getNewConnection(RemoteConnectionSpecification.java:691)\n\tat com.ibm.mq.jmqi.remote.impl.RemoteConnectionSpecification.getSessionFromNewConnection(RemoteConnectionSpecification.java:283)\n\tat com.ibm.mq.jmqi.remote.impl.RemoteConnectionSpecification.getSession(RemoteConnectionSpecification.java:170)\n\tat com.ibm.mq.jmqi.remote.impl.RemoteConnectionPool.getSession(RemoteConnectionPool.java:128)\n\tat com.ibm.mq.jmqi.remote.api.RemoteFAP$Connector.jmqiConnect(RemoteFAP.java:13411)\n\t... 23 common frames omitted\nCaused by: java.net.ConnectException: Connection refused\n\tat java.base/sun.nio.ch.Net.connect0(Native Method)\n\tat java.base/sun.nio.ch.Net.connect(Unknown Source)\n\tat java.base/sun.nio.ch.Net.connect(Unknown Source)\n\tat java.base/sun.nio.ch.NioSocketImpl.connect(Unknown Source)\n\tat java.base/java.net.SocksSocketImpl.connect(Unknown Source)\n\tat java.base/java.net.Socket.connect(Unknown Source)\n\tat java.base/java.net.Socket.connect(Unknown Source)\n\tat com.ibm.mq.jmqi.remote.impl.RemoteTCPConnection$4.run(RemoteTCPConnection.java:1111)\n\tat com.ibm.mq.jmqi.remote.impl.RemoteTCPConnection$4.run(RemoteTCPConnection.java:1103)\n\tat java.base/java.security.AccessController.doPrivileged(Unknown Source)\n\tat com.ibm.mq.jmqi.remote.impl.RemoteTCPConnection.connectSocket(RemoteTCPConnection.java:1103)\n\tat com.ibm.mq.jmqi.remote.impl.RemoteTCPConnection.bindAndConnectSocket(RemoteTCPConnection.java:843)\n\t... 30 common frames omitted\n","appName":"recon-consumer-app","application":"recon-consumer-app"}
{"@timestamp":"2026-05-10T09:27:48.745322726Z","@version":"1","message":"Could not refresh JMS Connection for destination 'RECON.IN' - retrying using FixedBackOff{interval=5000, currentAttempts=27, maxAttempts=unlimited}. Cause: JMSWMQ0018: Failed to connect to queue manager 'QM1' with connection mode 'Client' and host name 'ibm-mq.recon-platform.svc.cluster.local(1414)'.; nested exception is com.ibm.mq.MQException: JMSCMQ0001: IBM MQ call failed with compcode '2' ('MQCC_FAILED') reason '2538' ('MQRC_HOST_NOT_AVAILABLE').","logger_name":"org.springframework.jms.listener.DefaultMessageListenerContainer","thread_name":"org.springframework.jms.JmsListenerEndpointContainer#1-8","level":"ERROR","level_value":40000,"stack_trace":"com.ibm.msg.client.jakarta.jms.DetailedIllegalStateException: JMSWMQ0018: Failed to connect to queue manager 'QM1' with connection mode 'Client' and host name 'ibm-mq.recon-platform.svc.cluster.local(1414)'.\n\tat com.ibm.msg.client.jakarta.wmq.common.internal.Reason.reasonToException(Reason.java:489)\n\tat com.ibm.msg.client.jakarta.wmq.common.internal.Reason.createException(Reason.java:215)\n\tat com.ibm.msg.client.jakarta.wmq.internal.WMQConnection.<init>(WMQConnection.java:482)\n\tat com.ibm.msg.client.jakarta.wmq.factories.WMQConnectionFactory.createV7ProviderConnection(WMQConnectionFactory.java:9009)\n\tat com.ibm.msg.client.jakarta.wmq.factories.WMQConnectionFactory.createProviderConnection(WMQConnectionFactory.java:8349)\n\tat com.ibm.msg.client.jakarta.jms.admin.JmsConnectionFactoryImpl._createConnection(JmsConnectionFactoryImpl.java:322)\n\tat com.ibm.msg.client.jakarta.jms.admin.JmsConnectionFactoryImpl.createConnection(JmsConnectionFactoryImpl.java:242)\n\tat com.ibm.mq.jakarta.jms.MQConnectionFactory.createCommonConnection(MQConnectionFactory.java:6193)\n\tat com.ibm.mq.jakarta.jms.MQConnectionFactory.createConnection(MQConnectionFactory.java:6222)\n\tat org.springframework.jms.connection.SingleConnectionFactory.doCreateConnection(SingleConnectionFactory.java:452)\n\tat org.springframework.jms.connection.SingleConnectionFactory.initConnection(SingleConnectionFactory.java:414)\n\tat org.springframework.jms.connection.SingleConnectionFactory.getConnection(SingleConnectionFactory.java:328)\n\tat org.springframework.jms.connection.SingleConnectionFactory.createConnection(SingleConnectionFactory.java:243)\n\tat org.springframework.jms.support.JmsAccessor.createConnection(JmsAccessor.java:211)\n\tat org.springframework.jms.listener.AbstractJmsListeningContainer.createSharedConnection(AbstractJmsListeningContainer.java:405)\n\tat org.springframework.jms.listener.AbstractJmsListeningContainer.refreshSharedConnection(AbstractJmsListeningContainer.java:390)\n\tat org.springframework.jms.listener.DefaultMessageListenerContainer.refreshConnectionUntilSuccessful(DefaultMessageListenerContainer.java:1004)\n\tat org.springframework.jms.listener.DefaultMessageListenerContainer.recoverAfterListenerSetupFailure(DefaultMessageListenerContainer.java:978)\n\tat org.springframework.jms.listener.DefaultMessageListenerContainer$AsyncMessageListenerInvoker.run(DefaultMessageListenerContainer.java:1166)\n\tat java.base/java.lang.Thread.run(Unknown Source)\nCaused by: com.ibm.mq.MQException: JMSCMQ0001: IBM MQ call failed with compcode '2' ('MQCC_FAILED') reason '2538' ('MQRC_HOST_NOT_AVAILABLE').\n\tat com.ibm.msg.client.jakarta.wmq.common.internal.Reason.createException(Reason.java:203)\n\t... 18 common frames omitted\nCaused by: com.ibm.mq.jmqi.JmqiException: CC=2;RC=2538;AMQ9204: Connection to host 'ibm-mq.recon-platform.svc.cluster.local(1414)' rejected. [1=com.ibm.mq.jmqi.JmqiException[CC=2;RC=2538;AMQ9204: Connection to host 'ibm-mq.recon-platform.svc.cluster.local/10.100.195.132:1414' rejected. [1=java.net.ConnectException[Connection refused],3=ibm-mq.recon-platform.svc.cluster.local/10.100.195.132:1414,4=TCP,5=Socket.connect]],3=ibm-mq.recon-platform.svc.cluster.local(1414),4=,5=RemoteTCPConnection.bindAndConnectSocket]\n\tat com.ibm.mq.jmqi.remote.api.RemoteFAP$Connector.jmqiConnect(RemoteFAP.java:13687)\n\tat com.ibm.mq.jmqi.remote.api.RemoteFAP$Connector.access$100(RemoteFAP.java:13202)\n\tat com.ibm.mq.jmqi.remote.api.RemoteFAP.jmqiConnect(RemoteFAP.java:1451)\n\tat com.ibm.mq.jmqi.remote.api.RemoteFAP.jmqiConnect(RemoteFAP.java:1392)\n\tat com.ibm.mq.ese.jmqi.InterceptedJmqiImpl.jmqiConnect(InterceptedJmqiImpl.java:377)\n\tat com.ibm.mq.ese.jmqi.ESEJMQI.jmqiConnect(ESEJMQI.java:562)\n\tat com.ibm.msg.client.jakarta.wmq.internal.WMQConnection.<init>(WMQConnection.java:415)\n\t... 17 common frames omitted\nCaused by: com.ibm.mq.jmqi.JmqiException: CC=2;RC=2538;AMQ9204: Connection to host 'ibm-mq.recon-platform.svc.cluster.local/10.100.195.132:1414' rejected. [1=java.net.ConnectException[Connection refused],3=ibm-mq.recon-platform.svc.cluster.local/10.100.195.132:1414,4=TCP,5=Socket.connect]\n\tat com.ibm.mq.jmqi.remote.impl.RemoteTCPConnection.bindAndConnectSocket(RemoteTCPConnection.java:937)\n\tat com.ibm.mq.jmqi.remote.impl.RemoteTCPConnection.protocolConnect(RemoteTCPConnection.java:1511)\n\tat com.ibm.mq.jmqi.remote.impl.RemoteConnection.connect(RemoteConnection.java:1014)\n\tat com.ibm.mq.jmqi.remote.impl.RemoteConnectionSpecification.getNewConnection(RemoteConnectionSpecification.java:691)\n\tat com.ibm.mq.jmqi.remote.impl.RemoteConnectionSpecification.getSessionFromNewConnection(RemoteConnectionSpecification.java:283)\n\tat com.ibm.mq.jmqi.remote.impl.RemoteConnectionSpecification.getSession(RemoteConnectionSpecification.java:170)\n\tat com.ibm.mq.jmqi.remote.impl.RemoteConnectionPool.getSession(RemoteConnectionPool.java:128)\n\tat com.ibm.mq.jmqi.remote.api.RemoteFAP$Connector.jmqiConnect(RemoteFAP.java:13411)\n\t... 23 common frames omitted\nCaused by: java.net.ConnectException: Connection refused\n\tat java.base/sun.nio.ch.Net.connect0(Native Method)\n\tat java.base/sun.nio.ch.Net.connect(Unknown Source)\n\tat java.base/sun.nio.ch.Net.connect(Unknown Source)\n\tat java.base/sun.nio.ch.NioSocketImpl.connect(Unknown Source)\n\tat java.base/java.net.SocksSocketImpl.connect(Unknown Source)\n\tat java.base/java.net.Socket.connect(Unknown Source)\n\tat java.base/java.net.Socket.connect(Unknown Source)\n\tat com.ibm.mq.jmqi.remote.impl.RemoteTCPConnection$4.run(RemoteTCPConnection.java:1111)\n\tat com.ibm.mq.jmqi.remote.impl.RemoteTCPConnection$4.run(RemoteTCPConnection.java:1103)\n\tat java.base/java.security.AccessController.doPrivileged(Unknown Source)\n\tat com.ibm.mq.jmqi.remote.impl.RemoteTCPConnection.connectSocket(RemoteTCPConnection.java:1103)\n\tat com.ibm.mq.jmqi.remote.impl.RemoteTCPConnection.bindAndConnectSocket(RemoteTCPConnection.java:843)\n\t... 30 common frames omitted\n","appName":"recon-consumer-app","application":"recon-consumer-app"}
{"@timestamp":"2026-05-10T09:27:51.685424201Z","@version":"1","message":"Established shared JMS Connection: {\"ConnectionId\":\"414D5143514D31202020202020202020674F006A002B0040\",\"ObjectId\":\"com.ibm.msg.client.jakarta.wmq.internal.WMQConnection@524dcff0\",\"Channel\":\"DEV.APP.SVRCONN\",\"Port\":\"1414\",\"ConnectionMode\":\"WMQ_CM_CLIENT\",\"Host\":\"ibm-mq.recon-platform.svc.cluster.local/10.100.195.132\",\"ResolvedQueueManager\":\"QM1\",\"QueueManager\":\"QM1\"}","logger_name":"org.springframework.jms.connection.CachingConnectionFactory","thread_name":"org.springframework.jms.JmsListenerEndpointContainer#2-2","level":"DEBUG","level_value":10000,"appName":"recon-consumer-app","application":"recon-consumer-app"}
{"@timestamp":"2026-05-10T09:27:51.685529744Z","@version":"1","message":"Successfully refreshed JMS Connection","logger_name":"org.springframework.jms.listener.DefaultMessageListenerContainer","thread_name":"org.springframework.jms.JmsListenerEndpointContainer#2-2","level":"DEBUG","level_value":10000,"appName":"recon-consumer-app","application":"recon-consumer-app"}
{"@timestamp":"2026-05-10T09:27:51.686795936Z","@version":"1","message":"Setup of JMS message listener invoker failed - already recovered by other invoker","logger_name":"org.springframework.jms.listener.DefaultMessageListenerContainer","thread_name":"org.springframework.jms.JmsListenerEndpointContainer#2-6","level":"DEBUG","level_value":10000,"stack_trace":"com.ibm.msg.client.jakarta.jms.DetailedJMSException: JMSWMQ2002: Failed to get a message from destination 'RECON.RETRY'.\n\tat com.ibm.msg.client.jakarta.wmq.common.internal.Reason.reasonToException(Reason.java:595)\n\tat com.ibm.msg.client.jakarta.wmq.common.internal.Reason.createException(Reason.java:215)\n\tat com.ibm.msg.client.jakarta.wmq.internal.WMQMessageConsumer.checkJmqiCallSuccess(WMQMessageConsumer.java:222)\n\tat com.ibm.msg.client.jakarta.wmq.internal.WMQMessageConsumer.checkJmqiCallSuccess(WMQMessageConsumer.java:156)\n\tat com.ibm.msg.client.jakarta.wmq.internal.WMQConsumerShadow.getMsg(WMQConsumerShadow.java:1859)\n\tat com.ibm.msg.client.jakarta.wmq.internal.WMQSyncConsumerShadow.receiveInternal(WMQSyncConsumerShadow.java:233)\n\tat com.ibm.msg.client.jakarta.wmq.internal.WMQConsumerShadow.receive(WMQConsumerShadow.java:1462)\n\tat com.ibm.msg.client.jakarta.wmq.internal.WMQMessageConsumer.receive(WMQMessageConsumer.java:674)\n\tat com.ibm.msg.client.jakarta.jms.internal.JmsMessageConsumerImpl.receiveInboundMessage(JmsMessageConsumerImpl.java:1083)\n\tat com.ibm.msg.client.jakarta.jms.internal.JmsMessageConsumerImpl.receive(JmsMessageConsumerImpl.java:685)\n\tat com.ibm.mq.jakarta.jms.MQMessageConsumer.receive(MQMessageConsumer.java:249)\n\tat org.springframework.jms.support.destination.JmsDestinationAccessor.receiveFromConsumer(JmsDestinationAccessor.java:132)\n\tat org.springframework.jms.listener.AbstractPollingMessageListenerContainer.receiveMessage(AbstractPollingMessageListenerContainer.java:441)\n\tat org.springframework.jms.listener.AbstractPollingMessageListenerContainer.doReceiveAndExecute(AbstractPollingMessageListenerContainer.java:316)\n\tat org.springframework.jms.listener.AbstractPollingMessageListenerContainer.receiveAndExecute(AbstractPollingMessageListenerContainer.java:270)\n\tat org.springframework.jms.listener.DefaultMessageListenerContainer$AsyncMessageListenerInvoker.invokeListener(DefaultMessageListenerContainer.java:1257)\n\tat org.springframework.jms.listener.DefaultMessageListenerContainer$AsyncMessageListenerInvoker.executeOngoingLoop(DefaultMessageListenerContainer.java:1247)\n\tat org.springframework.jms.listener.DefaultMessageListenerContainer$AsyncMessageListenerInvoker.run(DefaultMessageListenerContainer.java:1140)\n\tat java.base/java.lang.Thread.run(Unknown Source)\nCaused by: com.ibm.mq.MQException: JMSCMQ0001: IBM MQ call failed with compcode '2' ('MQCC_FAILED') reason '2009' ('MQRC_CONNECTION_BROKEN').\n\tat com.ibm.msg.client.jakarta.wmq.common.internal.Reason.createException(Reason.java:203)\n\t... 17 common frames omitted\n","appName":"recon-consumer-app","application":"recon-consumer-app"}
{"@timestamp":"2026-05-10T09:27:51.687194396Z","@version":"1","message":"Setup of JMS message listener invoker failed - already recovered by other invoker","logger_name":"org.springframework.jms.listener.DefaultMessageListenerContainer","thread_name":"org.springframework.jms.JmsListenerEndpointContainer#2-8","level":"DEBUG","level_value":10000,"stack_trace":"com.ibm.msg.client.jakarta.jms.DetailedJMSException: JMSWMQ2002: Failed to get a message from destination 'RECON.RETRY'.\n\tat com.ibm.msg.client.jakarta.wmq.common.internal.Reason.reasonToException(Reason.java:595)\n\tat com.ibm.msg.client.jakarta.wmq.common.internal.Reason.createException(Reason.java:215)\n\tat com.ibm.msg.client.jakarta.wmq.internal.WMQMessageConsumer.checkJmqiCallSuccess(WMQMessageConsumer.java:222)\n\tat com.ibm.msg.client.jakarta.wmq.internal.WMQMessageConsumer.checkJmqiCallSuccess(WMQMessageConsumer.java:156)\n\tat com.ibm.msg.client.jakarta.wmq.internal.WMQConsumerShadow.getMsg(WMQConsumerShadow.java:1859)\n\tat com.ibm.msg.client.jakarta.wmq.internal.WMQSyncConsumerShadow.receiveInternal(WMQSyncConsumerShadow.java:233)\n\tat com.ibm.msg.client.jakarta.wmq.internal.WMQConsumerShadow.receive(WMQConsumerShadow.java:1462)\n\tat com.ibm.msg.client.jakarta.wmq.internal.WMQMessageConsumer.receive(WMQMessageConsumer.java:674)\n\tat com.ibm.msg.client.jakarta.jms.internal.JmsMessageConsumerImpl.receiveInboundMessage(JmsMessageConsumerImpl.java:1083)\n\tat com.ibm.msg.client.jakarta.jms.internal.JmsMessageConsumerImpl.receive(JmsMessageConsumerImpl.java:685)\n\tat com.ibm.mq.jakarta.jms.MQMessageConsumer.receive(MQMessageConsumer.java:249)\n\tat org.springframework.jms.support.destination.JmsDestinationAccessor.receiveFromConsumer(JmsDestinationAccessor.java:132)\n\tat org.springframework.jms.listener.AbstractPollingMessageListenerContainer.receiveMessage(AbstractPollingMessageListenerContainer.java:441)\n\tat org.springframework.jms.listener.AbstractPollingMessageListenerContainer.doReceiveAndExecute(AbstractPollingMessageListenerContainer.java:316)\n\tat org.springframework.jms.listener.AbstractPollingMessageListenerContainer.receiveAndExecute(AbstractPollingMessageListenerContainer.java:270)\n\tat org.springframework.jms.listener.DefaultMessageListenerContainer$AsyncMessageListenerInvoker.invokeListener(DefaultMessageListenerContainer.java:1257)\n\tat org.springframework.jms.listener.DefaultMessageListenerContainer$AsyncMessageListenerInvoker.executeOngoingLoop(DefaultMessageListenerContainer.java:1247)\n\tat org.springframework.jms.listener.DefaultMessageListenerContainer$AsyncMessageListenerInvoker.run(DefaultMessageListenerContainer.java:1140)\n\tat java.base/java.lang.Thread.run(Unknown Source)\nCaused by: com.ibm.mq.MQException: JMSCMQ0001: IBM MQ call failed with compcode '2' ('MQCC_FAILED') reason '2009' ('MQRC_CONNECTION_BROKEN').\n\tat com.ibm.msg.client.jakarta.wmq.common.internal.Reason.createException(Reason.java:203)\n\t... 17 common frames omitted\n","appName":"recon-consumer-app","application":"recon-consumer-app"}
{"@timestamp":"2026-05-10T09:27:51.687575223Z","@version":"1","message":"Setup of JMS message listener invoker failed - already recovered by other invoker","logger_name":"org.springframework.jms.listener.DefaultMessageListenerContainer","thread_name":"org.springframework.jms.JmsListenerEndpointContainer#2-3","level":"DEBUG","level_value":10000,"stack_trace":"com.ibm.msg.client.jakarta.jms.DetailedJMSException: JMSWMQ2002: Failed to get a message from destination 'RECON.RETRY'.\n\tat com.ibm.msg.client.jakarta.wmq.common.internal.Reason.reasonToException(Reason.java:595)\n\tat com.ibm.msg.client.jakarta.wmq.common.internal.Reason.createException(Reason.java:215)\n\tat com.ibm.msg.client.jakarta.wmq.internal.WMQMessageConsumer.checkJmqiCallSuccess(WMQMessageConsumer.java:222)\n\tat com.ibm.msg.client.jakarta.wmq.internal.WMQMessageConsumer.checkJmqiCallSuccess(WMQMessageConsumer.java:156)\n\tat com.ibm.msg.client.jakarta.wmq.internal.WMQConsumerShadow.getMsg(WMQConsumerShadow.java:1859)\n\tat com.ibm.msg.client.jakarta.wmq.internal.WMQSyncConsumerShadow.receiveInternal(WMQSyncConsumerShadow.java:233)\n\tat com.ibm.msg.client.jakarta.wmq.internal.WMQConsumerShadow.receive(WMQConsumerShadow.java:1462)\n\tat com.ibm.msg.client.jakarta.wmq.internal.WMQMessageConsumer.receive(WMQMessageConsumer.java:674)\n\tat com.ibm.msg.client.jakarta.jms.internal.JmsMessageConsumerImpl.receiveInboundMessage(JmsMessageConsumerImpl.java:1083)\n\tat com.ibm.msg.client.jakarta.jms.internal.JmsMessageConsumerImpl.receive(JmsMessageConsumerImpl.java:685)\n\tat com.ibm.mq.jakarta.jms.MQMessageConsumer.receive(MQMessageConsumer.java:249)\n\tat org.springframework.jms.support.destination.JmsDestinationAccessor.receiveFromConsumer(JmsDestinationAccessor.java:132)\n\tat org.springframework.jms.listener.AbstractPollingMessageListenerContainer.receiveMessage(AbstractPollingMessageListenerContainer.java:441)\n\tat org.springframework.jms.listener.AbstractPollingMessageListenerContainer.doReceiveAndExecute(AbstractPollingMessageListenerContainer.java:316)\n\tat org.springframework.jms.listener.AbstractPollingMessageListenerContainer.receiveAndExecute(AbstractPollingMessageListenerContainer.java:270)\n\tat org.springframework.jms.listener.DefaultMessageListenerContainer$AsyncMessageListenerInvoker.invokeListener(DefaultMessageListenerContainer.java:1257)\n\tat org.springframework.jms.listener.DefaultMessageListenerContainer$AsyncMessageListenerInvoker.executeOngoingLoop(DefaultMessageListenerContainer.java:1247)\n\tat org.springframework.jms.listener.DefaultMessageListenerContainer$AsyncMessageListenerInvoker.run(DefaultMessageListenerContainer.java:1140)\n\tat java.base/java.lang.Thread.run(Unknown Source)\nCaused by: com.ibm.mq.MQException: JMSCMQ0001: IBM MQ call failed with compcode '2' ('MQCC_FAILED') reason '2009' ('MQRC_CONNECTION_BROKEN').\n\tat com.ibm.msg.client.jakarta.wmq.common.internal.Reason.createException(Reason.java:203)\n\t... 17 common frames omitted\n","appName":"recon-consumer-app","application":"recon-consumer-app"}
{"@timestamp":"2026-05-10T09:27:51.687479047Z","@version":"1","message":"Setup of JMS message listener invoker failed - already recovered by other invoker","logger_name":"org.springframework.jms.listener.DefaultMessageListenerContainer","thread_name":"org.springframework.jms.JmsListenerEndpointContainer#2-7","level":"DEBUG","level_value":10000,"stack_trace":"com.ibm.msg.client.jakarta.jms.DetailedJMSException: JMSWMQ2002: Failed to get a message from destination 'RECON.RETRY'.\n\tat com.ibm.msg.client.jakarta.wmq.common.internal.Reason.reasonToException(Reason.java:595)\n\tat com.ibm.msg.client.jakarta.wmq.common.internal.Reason.createException(Reason.java:215)\n\tat com.ibm.msg.client.jakarta.wmq.internal.WMQMessageConsumer.checkJmqiCallSuccess(WMQMessageConsumer.java:222)\n\tat com.ibm.msg.client.jakarta.wmq.internal.WMQMessageConsumer.checkJmqiCallSuccess(WMQMessageConsumer.java:156)\n\tat com.ibm.msg.client.jakarta.wmq.internal.WMQConsumerShadow.getMsg(WMQConsumerShadow.java:1859)\n\tat com.ibm.msg.client.jakarta.wmq.internal.WMQSyncConsumerShadow.receiveInternal(WMQSyncConsumerShadow.java:233)\n\tat com.ibm.msg.client.jakarta.wmq.internal.WMQConsumerShadow.receive(WMQConsumerShadow.java:1462)\n\tat com.ibm.msg.client.jakarta.wmq.internal.WMQMessageConsumer.receive(WMQMessageConsumer.java:674)\n\tat com.ibm.msg.client.jakarta.jms.internal.JmsMessageConsumerImpl.receiveInboundMessage(JmsMessageConsumerImpl.java:1083)\n\tat com.ibm.msg.client.jakarta.jms.internal.JmsMessageConsumerImpl.receive(JmsMessageConsumerImpl.java:685)\n\tat com.ibm.mq.jakarta.jms.MQMessageConsumer.receive(MQMessageConsumer.java:249)\n\tat org.springframework.jms.support.destination.JmsDestinationAccessor.receiveFromConsumer(JmsDestinationAccessor.java:132)\n\tat org.springframework.jms.listener.AbstractPollingMessageListenerContainer.receiveMessage(AbstractPollingMessageListenerContainer.java:441)\n\tat org.springframework.jms.listener.AbstractPollingMessageListenerContainer.doReceiveAndExecute(AbstractPollingMessageListenerContainer.java:316)\n\tat org.springframework.jms.listener.AbstractPollingMessageListenerContainer.receiveAndExecute(AbstractPollingMessageListenerContainer.java:270)\n\tat org.springframework.jms.listener.DefaultMessageListenerContainer$AsyncMessageListenerInvoker.invokeListener(DefaultMessageListenerContainer.java:1257)\n\tat org.springframework.jms.listener.DefaultMessageListenerContainer$AsyncMessageListenerInvoker.executeOngoingLoop(DefaultMessageListenerContainer.java:1247)\n\tat org.springframework.jms.listener.DefaultMessageListenerContainer$AsyncMessageListenerInvoker.run(DefaultMessageListenerContainer.java:1140)\n\tat java.base/java.lang.Thread.run(Unknown Source)\nCaused by: com.ibm.mq.MQException: JMSCMQ0001: IBM MQ call failed with compcode '2' ('MQCC_FAILED') reason '2009' ('MQRC_CONNECTION_BROKEN').\n\tat com.ibm.msg.client.jakarta.wmq.common.internal.Reason.createException(Reason.java:203)\n\t... 17 common frames omitted\n","appName":"recon-consumer-app","application":"recon-consumer-app"}
{"@timestamp":"2026-05-10T09:27:51.687673396Z","@version":"1","message":"Setup of JMS message listener invoker failed - already recovered by other invoker","logger_name":"org.springframework.jms.listener.DefaultMessageListenerContainer","thread_name":"org.springframework.jms.JmsListenerEndpointContainer#2-5","level":"DEBUG","level_value":10000,"stack_trace":"com.ibm.msg.client.jakarta.jms.DetailedJMSException: JMSWMQ2002: Failed to get a message from destination 'RECON.RETRY'.\n\tat com.ibm.msg.client.jakarta.wmq.common.internal.Reason.reasonToException(Reason.java:595)\n\tat com.ibm.msg.client.jakarta.wmq.common.internal.Reason.createException(Reason.java:215)\n\tat com.ibm.msg.client.jakarta.wmq.internal.WMQMessageConsumer.checkJmqiCallSuccess(WMQMessageConsumer.java:222)\n\tat com.ibm.msg.client.jakarta.wmq.internal.WMQMessageConsumer.checkJmqiCallSuccess(WMQMessageConsumer.java:156)\n\tat com.ibm.msg.client.jakarta.wmq.internal.WMQConsumerShadow.getMsg(WMQConsumerShadow.java:1859)\n\tat com.ibm.msg.client.jakarta.wmq.internal.WMQSyncConsumerShadow.receiveInternal(WMQSyncConsumerShadow.java:233)\n\tat com.ibm.msg.client.jakarta.wmq.internal.WMQConsumerShadow.receive(WMQConsumerShadow.java:1462)\n\tat com.ibm.msg.client.jakarta.wmq.internal.WMQMessageConsumer.receive(WMQMessageConsumer.java:674)\n\tat com.ibm.msg.client.jakarta.jms.internal.JmsMessageConsumerImpl.receiveInboundMessage(JmsMessageConsumerImpl.java:1083)\n\tat com.ibm.msg.client.jakarta.jms.internal.JmsMessageConsumerImpl.receive(JmsMessageConsumerImpl.java:685)\n\tat com.ibm.mq.jakarta.jms.MQMessageConsumer.receive(MQMessageConsumer.java:249)\n\tat org.springframework.jms.support.destination.JmsDestinationAccessor.receiveFromConsumer(JmsDestinationAccessor.java:132)\n\tat org.springframework.jms.listener.AbstractPollingMessageListenerContainer.receiveMessage(AbstractPollingMessageListenerContainer.java:441)\n\tat org.springframework.jms.listener.AbstractPollingMessageListenerContainer.doReceiveAndExecute(AbstractPollingMessageListenerContainer.java:316)\n\tat org.springframework.jms.listener.AbstractPollingMessageListenerContainer.receiveAndExecute(AbstractPollingMessageListenerContainer.java:270)\n\tat org.springframework.jms.listener.DefaultMessageListenerContainer$AsyncMessageListenerInvoker.invokeListener(DefaultMessageListenerContainer.java:1257)\n\tat org.springframework.jms.listener.DefaultMessageListenerContainer$AsyncMessageListenerInvoker.executeOngoingLoop(DefaultMessageListenerContainer.java:1247)\n\tat org.springframework.jms.listener.DefaultMessageListenerContainer$AsyncMessageListenerInvoker.run(DefaultMessageListenerContainer.java:1140)\n\tat java.base/java.lang.Thread.run(Unknown Source)\nCaused by: com.ibm.mq.MQException: JMSCMQ0001: IBM MQ call failed with compcode '2' ('MQCC_FAILED') reason '2009' ('MQRC_CONNECTION_BROKEN').\n\tat com.ibm.msg.client.jakarta.wmq.common.internal.Reason.createException(Reason.java:203)\n\t... 17 common frames omitted\n","appName":"recon-consumer-app","application":"recon-consumer-app"}
{"@timestamp":"2026-05-10T09:27:51.687753527Z","@version":"1","message":"Setup of JMS message listener invoker failed - already recovered by other invoker","logger_name":"org.springframework.jms.listener.DefaultMessageListenerContainer","thread_name":"org.springframework.jms.JmsListenerEndpointContainer#2-4","level":"DEBUG","level_value":10000,"stack_trace":"com.ibm.msg.client.jakarta.jms.DetailedJMSException: JMSWMQ2002: Failed to get a message from destination 'RECON.RETRY'.\n\tat com.ibm.msg.client.jakarta.wmq.common.internal.Reason.reasonToException(Reason.java:595)\n\tat com.ibm.msg.client.jakarta.wmq.common.internal.Reason.createException(Reason.java:215)\n\tat com.ibm.msg.client.jakarta.wmq.internal.WMQMessageConsumer.checkJmqiCallSuccess(WMQMessageConsumer.java:222)\n\tat com.ibm.msg.client.jakarta.wmq.internal.WMQMessageConsumer.checkJmqiCallSuccess(WMQMessageConsumer.java:156)\n\tat com.ibm.msg.client.jakarta.wmq.internal.WMQConsumerShadow.getMsg(WMQConsumerShadow.java:1859)\n\tat com.ibm.msg.client.jakarta.wmq.internal.WMQSyncConsumerShadow.receiveInternal(WMQSyncConsumerShadow.java:233)\n\tat com.ibm.msg.client.jakarta.wmq.internal.WMQConsumerShadow.receive(WMQConsumerShadow.java:1462)\n\tat com.ibm.msg.client.jakarta.wmq.internal.WMQMessageConsumer.receive(WMQMessageConsumer.java:674)\n\tat com.ibm.msg.client.jakarta.jms.internal.JmsMessageConsumerImpl.receiveInboundMessage(JmsMessageConsumerImpl.java:1083)\n\tat com.ibm.msg.client.jakarta.jms.internal.JmsMessageConsumerImpl.receive(JmsMessageConsumerImpl.java:685)\n\tat com.ibm.mq.jakarta.jms.MQMessageConsumer.receive(MQMessageConsumer.java:249)\n\tat org.springframework.jms.support.destination.JmsDestinationAccessor.receiveFromConsumer(JmsDestinationAccessor.java:132)\n\tat org.springframework.jms.listener.AbstractPollingMessageListenerContainer.receiveMessage(AbstractPollingMessageListenerContainer.java:441)\n\tat org.springframework.jms.listener.AbstractPollingMessageListenerContainer.doReceiveAndExecute(AbstractPollingMessageListenerContainer.java:316)\n\tat org.springframework.jms.listener.AbstractPollingMessageListenerContainer.receiveAndExecute(AbstractPollingMessageListenerContainer.java:270)\n\tat org.springframework.jms.listener.DefaultMessageListenerContainer$AsyncMessageListenerInvoker.invokeListener(DefaultMessageListenerContainer.java:1257)\n\tat org.springframework.jms.listener.DefaultMessageListenerContainer$AsyncMessageListenerInvoker.executeOngoingLoop(DefaultMessageListenerContainer.java:1247)\n\tat org.springframework.jms.listener.DefaultMessageListenerContainer$AsyncMessageListenerInvoker.run(DefaultMessageListenerContainer.java:1140)\n\tat java.base/java.lang.Thread.run(Unknown Source)\nCaused by: com.ibm.mq.MQException: JMSCMQ0001: IBM MQ call failed with compcode '2' ('MQCC_FAILED') reason '2009' ('MQRC_CONNECTION_BROKEN').\n\tat com.ibm.msg.client.jakarta.wmq.common.internal.Reason.createException(Reason.java:203)\n\t... 17 common frames omitted\n","appName":"recon-consumer-app","application":"recon-consumer-app"}
{"@timestamp":"2026-05-10T09:27:51.688283155Z","@version":"1","message":"Setup of JMS message listener invoker failed - already recovered by other invoker","logger_name":"org.springframework.jms.listener.DefaultMessageListenerContainer","thread_name":"org.springframework.jms.JmsListenerEndpointContainer#2-1","level":"DEBUG","level_value":10000,"stack_trace":"com.ibm.msg.client.jakarta.jms.DetailedJMSException: JMSWMQ2002: Failed to get a message from destination 'RECON.RETRY'.\n\tat com.ibm.msg.client.jakarta.wmq.common.internal.Reason.reasonToException(Reason.java:595)\n\tat com.ibm.msg.client.jakarta.wmq.common.internal.Reason.createException(Reason.java:215)\n\tat com.ibm.msg.client.jakarta.wmq.internal.WMQMessageConsumer.checkJmqiCallSuccess(WMQMessageConsumer.java:222)\n\tat com.ibm.msg.client.jakarta.wmq.internal.WMQMessageConsumer.checkJmqiCallSuccess(WMQMessageConsumer.java:156)\n\tat com.ibm.msg.client.jakarta.wmq.internal.WMQConsumerShadow.getMsg(WMQConsumerShadow.java:1859)\n\tat com.ibm.msg.client.jakarta.wmq.internal.WMQSyncConsumerShadow.receiveInternal(WMQSyncConsumerShadow.java:233)\n\tat com.ibm.msg.client.jakarta.wmq.internal.WMQConsumerShadow.receive(WMQConsumerShadow.java:1462)\n\tat com.ibm.msg.client.jakarta.wmq.internal.WMQMessageConsumer.receive(WMQMessageConsumer.java:674)\n\tat com.ibm.msg.client.jakarta.jms.internal.JmsMessageConsumerImpl.receiveInboundMessage(JmsMessageConsumerImpl.java:1083)\n\tat com.ibm.msg.client.jakarta.jms.internal.JmsMessageConsumerImpl.receive(JmsMessageConsumerImpl.java:685)\n\tat com.ibm.mq.jakarta.jms.MQMessageConsumer.receive(MQMessageConsumer.java:249)\n\tat org.springframework.jms.support.destination.JmsDestinationAccessor.receiveFromConsumer(JmsDestinationAccessor.java:132)\n\tat org.springframework.jms.listener.AbstractPollingMessageListenerContainer.receiveMessage(AbstractPollingMessageListenerContainer.java:441)\n\tat org.springframework.jms.listener.AbstractPollingMessageListenerContainer.doReceiveAndExecute(AbstractPollingMessageListenerContainer.java:316)\n\tat org.springframework.jms.listener.AbstractPollingMessageListenerContainer.receiveAndExecute(AbstractPollingMessageListenerContainer.java:270)\n\tat org.springframework.jms.listener.DefaultMessageListenerContainer$AsyncMessageListenerInvoker.invokeListener(DefaultMessageListenerContainer.java:1257)\n\tat org.springframework.jms.listener.DefaultMessageListenerContainer$AsyncMessageListenerInvoker.executeOngoingLoop(DefaultMessageListenerContainer.java:1247)\n\tat org.springframework.jms.listener.DefaultMessageListenerContainer$AsyncMessageListenerInvoker.run(DefaultMessageListenerContainer.java:1140)\n\tat java.base/java.lang.Thread.run(Unknown Source)\nCaused by: com.ibm.mq.MQException: JMSCMQ0001: IBM MQ call failed with compcode '2' ('MQCC_FAILED') reason '2009' ('MQRC_CONNECTION_BROKEN').\n\tat com.ibm.msg.client.jakarta.wmq.common.internal.Reason.createException(Reason.java:203)\n\t... 17 common frames omitted\n","appName":"recon-consumer-app","application":"recon-consumer-app"}
{"@timestamp":"2026-05-10T09:27:51.706740959Z","@version":"1","message":"Registering cached JMS Session for mode 0: {\"ConnectionId\":\"414D5143514D31202020202020202020674F006A002B0040\",\"ObjectId\":\"com.ibm.msg.client.jakarta.wmq.internal.WMQSession@2c48a999\",\"Channel\":\"DEV.APP.SVRCONN\",\"Port\":\"1414\",\"ConnectionMode\":\"WMQ_CM_CLIENT\",\"Host\":\"ibm-mq.recon-platform.svc.cluster.local/10.100.195.132\",\"ResolvedQueueManager\":\"QM1\",\"QueueManager\":\"QM1\"}","logger_name":"org.springframework.jms.connection.CachingConnectionFactory","thread_name":"org.springframework.jms.JmsListenerEndpointContainer#2-9","level":"DEBUG","level_value":10000,"appName":"recon-consumer-app","application":"recon-consumer-app"}
{"@timestamp":"2026-05-10T09:27:51.706684773Z","@version":"1","message":"Registering cached JMS Session for mode 0: {\"ConnectionId\":\"414D5143514D31202020202020202020674F006A002B0040\",\"ObjectId\":\"com.ibm.msg.client.jakarta.wmq.internal.WMQSession@7f37f40e\",\"Channel\":\"DEV.APP.SVRCONN\",\"Port\":\"1414\",\"ConnectionMode\":\"WMQ_CM_CLIENT\",\"Host\":\"ibm-mq.recon-platform.svc.cluster.local/10.100.195.132\",\"ResolvedQueueManager\":\"QM1\",\"QueueManager\":\"QM1\"}","logger_name":"org.springframework.jms.connection.CachingConnectionFactory","thread_name":"org.springframework.jms.JmsListenerEndpointContainer#2-10","level":"DEBUG","level_value":10000,"appName":"recon-consumer-app","application":"recon-consumer-app"}
{"@timestamp":"2026-05-10T09:27:52.70584268Z","@version":"1","message":"Successfully refreshed JMS Connection","logger_name":"org.springframework.jms.listener.DefaultMessageListenerContainer","thread_name":"org.springframework.jms.JmsListenerEndpointContainer#0-1","level":"DEBUG","level_value":10000,"appName":"recon-consumer-app","application":"recon-consumer-app"}
{"@timestamp":"2026-05-10T09:27:52.70598991Z","@version":"1","message":"Setup of JMS message listener invoker failed - already recovered by other invoker","logger_name":"org.springframework.jms.listener.DefaultMessageListenerContainer","thread_name":"org.springframework.jms.JmsListenerEndpointContainer#0-2","level":"DEBUG","level_value":10000,"stack_trace":"com.ibm.msg.client.jakarta.jms.DetailedJMSException: JMSWMQ2002: Failed to get a message from destination 'SYSTEM.DEAD.LETTER.QUEUE'.\n\tat com.ibm.msg.client.jakarta.wmq.common.internal.Reason.reasonToException(Reason.java:595)\n\tat com.ibm.msg.client.jakarta.wmq.common.internal.Reason.createException(Reason.java:215)\n\tat com.ibm.msg.client.jakarta.wmq.internal.WMQMessageConsumer.checkJmqiCallSuccess(WMQMessageConsumer.java:222)\n\tat com.ibm.msg.client.jakarta.wmq.internal.WMQMessageConsumer.checkJmqiCallSuccess(WMQMessageConsumer.java:156)\n\tat com.ibm.msg.client.jakarta.wmq.internal.WMQConsumerShadow.getMsg(WMQConsumerShadow.java:1859)\n\tat com.ibm.msg.client.jakarta.wmq.internal.WMQSyncConsumerShadow.receiveInternal(WMQSyncConsumerShadow.java:233)\n\tat com.ibm.msg.client.jakarta.wmq.internal.WMQConsumerShadow.receive(WMQConsumerShadow.java:1462)\n\tat com.ibm.msg.client.jakarta.wmq.internal.WMQMessageConsumer.receive(WMQMessageConsumer.java:674)\n\tat com.ibm.msg.client.jakarta.jms.internal.JmsMessageConsumerImpl.receiveInboundMessage(JmsMessageConsumerImpl.java:1083)\n\tat com.ibm.msg.client.jakarta.jms.internal.JmsMessageConsumerImpl.receive(JmsMessageConsumerImpl.java:685)\n\tat com.ibm.mq.jakarta.jms.MQMessageConsumer.receive(MQMessageConsumer.java:249)\n\tat org.springframework.jms.support.destination.JmsDestinationAccessor.receiveFromConsumer(JmsDestinationAccessor.java:132)\n\tat org.springframework.jms.listener.AbstractPollingMessageListenerContainer.receiveMessage(AbstractPollingMessageListenerContainer.java:441)\n\tat org.springframework.jms.listener.AbstractPollingMessageListenerContainer.doReceiveAndExecute(AbstractPollingMessageListenerContainer.java:316)\n\tat org.springframework.jms.listener.AbstractPollingMessageListenerContainer.receiveAndExecute(AbstractPollingMessageListenerContainer.java:270)\n\tat org.springframework.jms.listener.DefaultMessageListenerContainer$AsyncMessageListenerInvoker.invokeListener(DefaultMessageListenerContainer.java:1257)\n\tat org.springframework.jms.listener.DefaultMessageListenerContainer$AsyncMessageListenerInvoker.executeOngoingLoop(DefaultMessageListenerContainer.java:1247)\n\tat org.springframework.jms.listener.DefaultMessageListenerContainer$AsyncMessageListenerInvoker.run(DefaultMessageListenerContainer.java:1140)\n\tat java.base/java.lang.Thread.run(Unknown Source)\nCaused by: com.ibm.mq.MQException: JMSCMQ0001: IBM MQ call failed with compcode '2' ('MQCC_FAILED') reason '2009' ('MQRC_CONNECTION_BROKEN').\n\tat com.ibm.msg.client.jakarta.wmq.common.internal.Reason.createException(Reason.java:203)\n\t... 17 common frames omitted\n","appName":"recon-consumer-app","application":"recon-consumer-app"}
{"@timestamp":"2026-05-10T09:27:52.720244662Z","@version":"1","message":"Registering cached JMS Session for mode 0: {\"ConnectionId\":\"414D5143514D31202020202020202020674F006A002B0040\",\"ObjectId\":\"com.ibm.msg.client.jakarta.wmq.internal.WMQSession@6811ecdf\",\"Channel\":\"DEV.APP.SVRCONN\",\"Port\":\"1414\",\"ConnectionMode\":\"WMQ_CM_CLIENT\",\"Host\":\"ibm-mq.recon-platform.svc.cluster.local/10.100.195.132\",\"ResolvedQueueManager\":\"QM1\",\"QueueManager\":\"QM1\"}","logger_name":"org.springframework.jms.connection.CachingConnectionFactory","thread_name":"org.springframework.jms.JmsListenerEndpointContainer#0-3","level":"DEBUG","level_value":10000,"appName":"recon-consumer-app","application":"recon-consumer-app"}
{"@timestamp":"2026-05-10T09:27:52.722118856Z","@version":"1","message":"Registering cached JMS Session for mode 0: {\"ConnectionId\":\"414D5143514D31202020202020202020674F006A002B0040\",\"ObjectId\":\"com.ibm.msg.client.jakarta.wmq.internal.WMQSession@33480ff\",\"Channel\":\"DEV.APP.SVRCONN\",\"Port\":\"1414\",\"ConnectionMode\":\"WMQ_CM_CLIENT\",\"Host\":\"ibm-mq.recon-platform.svc.cluster.local/10.100.195.132\",\"ResolvedQueueManager\":\"QM1\",\"QueueManager\":\"QM1\"}","logger_name":"org.springframework.jms.connection.CachingConnectionFactory","thread_name":"org.springframework.jms.JmsListenerEndpointContainer#0-4","level":"DEBUG","level_value":10000,"appName":"recon-consumer-app","application":"recon-consumer-app"}
{"@timestamp":"2026-05-10T09:27:53.745931792Z","@version":"1","message":"Successfully refreshed JMS Connection","logger_name":"org.springframework.jms.listener.DefaultMessageListenerContainer","thread_name":"org.springframework.jms.JmsListenerEndpointContainer#1-8","level":"DEBUG","level_value":10000,"appName":"recon-consumer-app","application":"recon-consumer-app"}
{"@timestamp":"2026-05-10T09:27:53.746095191Z","@version":"1","message":"Setup of JMS message listener invoker failed - already recovered by other invoker","logger_name":"org.springframework.jms.listener.DefaultMessageListenerContainer","thread_name":"org.springframework.jms.JmsListenerEndpointContainer#1-2","level":"DEBUG","level_value":10000,"stack_trace":"com.ibm.msg.client.jakarta.jms.DetailedJMSException: JMSWMQ2002: Failed to get a message from destination 'RECON.IN'.\n\tat com.ibm.msg.client.jakarta.wmq.common.internal.Reason.reasonToException(Reason.java:595)\n\tat com.ibm.msg.client.jakarta.wmq.common.internal.Reason.createException(Reason.java:215)\n\tat com.ibm.msg.client.jakarta.wmq.internal.WMQMessageConsumer.checkJmqiCallSuccess(WMQMessageConsumer.java:222)\n\tat com.ibm.msg.client.jakarta.wmq.internal.WMQMessageConsumer.checkJmqiCallSuccess(WMQMessageConsumer.java:156)\n\tat com.ibm.msg.client.jakarta.wmq.internal.WMQConsumerShadow.getMsg(WMQConsumerShadow.java:1859)\n\tat com.ibm.msg.client.jakarta.wmq.internal.WMQSyncConsumerShadow.receiveInternal(WMQSyncConsumerShadow.java:233)\n\tat com.ibm.msg.client.jakarta.wmq.internal.WMQConsumerShadow.receive(WMQConsumerShadow.java:1462)\n\tat com.ibm.msg.client.jakarta.wmq.internal.WMQMessageConsumer.receive(WMQMessageConsumer.java:674)\n\tat com.ibm.msg.client.jakarta.jms.internal.JmsMessageConsumerImpl.receiveInboundMessage(JmsMessageConsumerImpl.java:1083)\n\tat com.ibm.msg.client.jakarta.jms.internal.JmsMessageConsumerImpl.receive(JmsMessageConsumerImpl.java:685)\n\tat com.ibm.mq.jakarta.jms.MQMessageConsumer.receive(MQMessageConsumer.java:249)\n\tat org.springframework.jms.support.destination.JmsDestinationAccessor.receiveFromConsumer(JmsDestinationAccessor.java:132)\n\tat org.springframework.jms.listener.AbstractPollingMessageListenerContainer.receiveMessage(AbstractPollingMessageListenerContainer.java:441)\n\tat org.springframework.jms.listener.AbstractPollingMessageListenerContainer.doReceiveAndExecute(AbstractPollingMessageListenerContainer.java:316)\n\tat org.springframework.jms.listener.AbstractPollingMessageListenerContainer.receiveAndExecute(AbstractPollingMessageListenerContainer.java:270)\n\tat org.springframework.jms.listener.DefaultMessageListenerContainer$AsyncMessageListenerInvoker.invokeListener(DefaultMessageListenerContainer.java:1257)\n\tat org.springframework.jms.listener.DefaultMessageListenerContainer$AsyncMessageListenerInvoker.executeOngoingLoop(DefaultMessageListenerContainer.java:1247)\n\tat org.springframework.jms.listener.DefaultMessageListenerContainer$AsyncMessageListenerInvoker.run(DefaultMessageListenerContainer.java:1140)\n\tat java.base/java.lang.Thread.run(Unknown Source)\nCaused by: com.ibm.mq.MQException: JMSCMQ0001: IBM MQ call failed with compcode '2' ('MQCC_FAILED') reason '2009' ('MQRC_CONNECTION_BROKEN').\n\tat com.ibm.msg.client.jakarta.wmq.common.internal.Reason.createException(Reason.java:203)\n\t... 17 common frames omitted\n","appName":"recon-consumer-app","application":"recon-consumer-app"}
{"@timestamp":"2026-05-10T09:27:53.746560623Z","@version":"1","message":"Setup of JMS message listener invoker failed - already recovered by other invoker","logger_name":"org.springframework.jms.listener.DefaultMessageListenerContainer","thread_name":"org.springframework.jms.JmsListenerEndpointContainer#1-6","level":"DEBUG","level_value":10000,"stack_trace":"com.ibm.msg.client.jakarta.jms.DetailedJMSException: JMSWMQ2002: Failed to get a message from destination 'RECON.IN'.\n\tat com.ibm.msg.client.jakarta.wmq.common.internal.Reason.reasonToException(Reason.java:595)\n\tat com.ibm.msg.client.jakarta.wmq.common.internal.Reason.createException(Reason.java:215)\n\tat com.ibm.msg.client.jakarta.wmq.internal.WMQMessageConsumer.checkJmqiCallSuccess(WMQMessageConsumer.java:222)\n\tat com.ibm.msg.client.jakarta.wmq.internal.WMQMessageConsumer.checkJmqiCallSuccess(WMQMessageConsumer.java:156)\n\tat com.ibm.msg.client.jakarta.wmq.internal.WMQConsumerShadow.getMsg(WMQConsumerShadow.java:1859)\n\tat com.ibm.msg.client.jakarta.wmq.internal.WMQSyncConsumerShadow.receiveInternal(WMQSyncConsumerShadow.java:233)\n\tat com.ibm.msg.client.jakarta.wmq.internal.WMQConsumerShadow.receive(WMQConsumerShadow.java:1462)\n\tat com.ibm.msg.client.jakarta.wmq.internal.WMQMessageConsumer.receive(WMQMessageConsumer.java:674)\n\tat com.ibm.msg.client.jakarta.jms.internal.JmsMessageConsumerImpl.receiveInboundMessage(JmsMessageConsumerImpl.java:1083)\n\tat com.ibm.msg.client.jakarta.jms.internal.JmsMessageConsumerImpl.receive(JmsMessageConsumerImpl.java:685)\n\tat com.ibm.mq.jakarta.jms.MQMessageConsumer.receive(MQMessageConsumer.java:249)\n\tat org.springframework.jms.support.destination.JmsDestinationAccessor.receiveFromConsumer(JmsDestinationAccessor.java:132)\n\tat org.springframework.jms.listener.AbstractPollingMessageListenerContainer.receiveMessage(AbstractPollingMessageListenerContainer.java:441)\n\tat org.springframework.jms.listener.AbstractPollingMessageListenerContainer.doReceiveAndExecute(AbstractPollingMessageListenerContainer.java:316)\n\tat org.springframework.jms.listener.AbstractPollingMessageListenerContainer.receiveAndExecute(AbstractPollingMessageListenerContainer.java:270)\n\tat org.springframework.jms.listener.DefaultMessageListenerContainer$AsyncMessageListenerInvoker.invokeListener(DefaultMessageListenerContainer.java:1257)\n\tat org.springframework.jms.listener.DefaultMessageListenerContainer$AsyncMessageListenerInvoker.executeOngoingLoop(DefaultMessageListenerContainer.java:1247)\n\tat org.springframework.jms.listener.DefaultMessageListenerContainer$AsyncMessageListenerInvoker.run(DefaultMessageListenerContainer.java:1140)\n\tat java.base/java.lang.Thread.run(Unknown Source)\nCaused by: com.ibm.mq.MQException: JMSCMQ0001: IBM MQ call failed with compcode '2' ('MQCC_FAILED') reason '2009' ('MQRC_CONNECTION_BROKEN').\n\tat com.ibm.msg.client.jakarta.wmq.common.internal.Reason.createException(Reason.java:203)\n\t... 17 common frames omitted\n","appName":"recon-consumer-app","application":"recon-consumer-app"}
{"@timestamp":"2026-05-10T09:27:53.74657033Z","@version":"1","message":"Setup of JMS message listener invoker failed - already recovered by other invoker","logger_name":"org.springframework.jms.listener.DefaultMessageListenerContainer","thread_name":"org.springframework.jms.JmsListenerEndpointContainer#1-1","level":"DEBUG","level_value":10000,"stack_trace":"com.ibm.msg.client.jakarta.jms.DetailedJMSException: JMSWMQ2002: Failed to get a message from destination 'RECON.IN'.\n\tat com.ibm.msg.client.jakarta.wmq.common.internal.Reason.reasonToException(Reason.java:595)\n\tat com.ibm.msg.client.jakarta.wmq.common.internal.Reason.createException(Reason.java:215)\n\tat com.ibm.msg.client.jakarta.wmq.internal.WMQMessageConsumer.checkJmqiCallSuccess(WMQMessageConsumer.java:222)\n\tat com.ibm.msg.client.jakarta.wmq.internal.WMQMessageConsumer.checkJmqiCallSuccess(WMQMessageConsumer.java:156)\n\tat com.ibm.msg.client.jakarta.wmq.internal.WMQConsumerShadow.getMsg(WMQConsumerShadow.java:1859)\n\tat com.ibm.msg.client.jakarta.wmq.internal.WMQSyncConsumerShadow.receiveInternal(WMQSyncConsumerShadow.java:233)\n\tat com.ibm.msg.client.jakarta.wmq.internal.WMQConsumerShadow.receive(WMQConsumerShadow.java:1462)\n\tat com.ibm.msg.client.jakarta.wmq.internal.WMQMessageConsumer.receive(WMQMessageConsumer.java:674)\n\tat com.ibm.msg.client.jakarta.jms.internal.JmsMessageConsumerImpl.receiveInboundMessage(JmsMessageConsumerImpl.java:1083)\n\tat com.ibm.msg.client.jakarta.jms.internal.JmsMessageConsumerImpl.receive(JmsMessageConsumerImpl.java:685)\n\tat com.ibm.mq.jakarta.jms.MQMessageConsumer.receive(MQMessageConsumer.java:249)\n\tat org.springframework.jms.support.destination.JmsDestinationAccessor.receiveFromConsumer(JmsDestinationAccessor.java:132)\n\tat org.springframework.jms.listener.AbstractPollingMessageListenerContainer.receiveMessage(AbstractPollingMessageListenerContainer.java:441)\n\tat org.springframework.jms.listener.AbstractPollingMessageListenerContainer.doReceiveAndExecute(AbstractPollingMessageListenerContainer.java:316)\n\tat org.springframework.jms.listener.AbstractPollingMessageListenerContainer.receiveAndExecute(AbstractPollingMessageListenerContainer.java:270)\n\tat org.springframework.jms.listener.DefaultMessageListenerContainer$AsyncMessageListenerInvoker.invokeListener(DefaultMessageListenerContainer.java:1257)\n\tat org.springframework.jms.listener.DefaultMessageListenerContainer$AsyncMessageListenerInvoker.executeOngoingLoop(DefaultMessageListenerContainer.java:1247)\n\tat org.springframework.jms.listener.DefaultMessageListenerContainer$AsyncMessageListenerInvoker.run(DefaultMessageListenerContainer.java:1140)\n\tat java.base/java.lang.Thread.run(Unknown Source)\nCaused by: com.ibm.mq.MQException: JMSCMQ0001: IBM MQ call failed with compcode '2' ('MQCC_FAILED') reason '2009' ('MQRC_CONNECTION_BROKEN').\n\tat com.ibm.msg.client.jakarta.wmq.common.internal.Reason.createException(Reason.java:203)\n\t... 17 common frames omitted\n","appName":"recon-consumer-app","application":"recon-consumer-app"}
{"@timestamp":"2026-05-10T09:27:53.746810121Z","@version":"1","message":"Setup of JMS message listener invoker failed - already recovered by other invoker","logger_name":"org.springframework.jms.listener.DefaultMessageListenerContainer","thread_name":"org.springframework.jms.JmsListenerEndpointContainer#1-3","level":"DEBUG","level_value":10000,"stack_trace":"com.ibm.msg.client.jakarta.jms.DetailedJMSException: JMSWMQ2002: Failed to get a message from destination 'RECON.IN'.\n\tat com.ibm.msg.client.jakarta.wmq.common.internal.Reason.reasonToException(Reason.java:595)\n\tat com.ibm.msg.client.jakarta.wmq.common.internal.Reason.createException(Reason.java:215)\n\tat com.ibm.msg.client.jakarta.wmq.internal.WMQMessageConsumer.checkJmqiCallSuccess(WMQMessageConsumer.java:222)\n\tat com.ibm.msg.client.jakarta.wmq.internal.WMQMessageConsumer.checkJmqiCallSuccess(WMQMessageConsumer.java:156)\n\tat com.ibm.msg.client.jakarta.wmq.internal.WMQConsumerShadow.getMsg(WMQConsumerShadow.java:1859)\n\tat com.ibm.msg.client.jakarta.wmq.internal.WMQSyncConsumerShadow.receiveInternal(WMQSyncConsumerShadow.java:233)\n\tat com.ibm.msg.client.jakarta.wmq.internal.WMQConsumerShadow.receive(WMQConsumerShadow.java:1462)\n\tat com.ibm.msg.client.jakarta.wmq.internal.WMQMessageConsumer.receive(WMQMessageConsumer.java:674)\n\tat com.ibm.msg.client.jakarta.jms.internal.JmsMessageConsumerImpl.receiveInboundMessage(JmsMessageConsumerImpl.java:1083)\n\tat com.ibm.msg.client.jakarta.jms.internal.JmsMessageConsumerImpl.receive(JmsMessageConsumerImpl.java:685)\n\tat com.ibm.mq.jakarta.jms.MQMessageConsumer.receive(MQMessageConsumer.java:249)\n\tat org.springframework.jms.support.destination.JmsDestinationAccessor.receiveFromConsumer(JmsDestinationAccessor.java:132)\n\tat org.springframework.jms.listener.AbstractPollingMessageListenerContainer.receiveMessage(AbstractPollingMessageListenerContainer.java:441)\n\tat org.springframework.jms.listener.AbstractPollingMessageListenerContainer.doReceiveAndExecute(AbstractPollingMessageListenerContainer.java:316)\n\tat org.springframework.jms.listener.AbstractPollingMessageListenerContainer.receiveAndExecute(AbstractPollingMessageListenerContainer.java:270)\n\tat org.springframework.jms.listener.DefaultMessageListenerContainer$AsyncMessageListenerInvoker.invokeListener(DefaultMessageListenerContainer.java:1257)\n\tat org.springframework.jms.listener.DefaultMessageListenerContainer$AsyncMessageListenerInvoker.executeOngoingLoop(DefaultMessageListenerContainer.java:1247)\n\tat org.springframework.jms.listener.DefaultMessageListenerContainer$AsyncMessageListenerInvoker.run(DefaultMessageListenerContainer.java:1140)\n\tat java.base/java.lang.Thread.run(Unknown Source)\nCaused by: com.ibm.mq.MQException: JMSCMQ0001: IBM MQ call failed with compcode '2' ('MQCC_FAILED') reason '2009' ('MQRC_CONNECTION_BROKEN').\n\tat com.ibm.msg.client.jakarta.wmq.common.internal.Reason.createException(Reason.java:203)\n\t... 17 common frames omitted\n","appName":"recon-consumer-app","application":"recon-consumer-app"}
{"@timestamp":"2026-05-10T09:27:53.746993551Z","@version":"1","message":"Setup of JMS message listener invoker failed - already recovered by other invoker","logger_name":"org.springframework.jms.listener.DefaultMessageListenerContainer","thread_name":"org.springframework.jms.JmsListenerEndpointContainer#1-4","level":"DEBUG","level_value":10000,"stack_trace":"com.ibm.msg.client.jakarta.jms.DetailedJMSException: JMSWMQ2002: Failed to get a message from destination 'RECON.IN'.\n\tat com.ibm.msg.client.jakarta.wmq.common.internal.Reason.reasonToException(Reason.java:595)\n\tat com.ibm.msg.client.jakarta.wmq.common.internal.Reason.createException(Reason.java:215)\n\tat com.ibm.msg.client.jakarta.wmq.internal.WMQMessageConsumer.checkJmqiCallSuccess(WMQMessageConsumer.java:222)\n\tat com.ibm.msg.client.jakarta.wmq.internal.WMQMessageConsumer.checkJmqiCallSuccess(WMQMessageConsumer.java:156)\n\tat com.ibm.msg.client.jakarta.wmq.internal.WMQConsumerShadow.getMsg(WMQConsumerShadow.java:1859)\n\tat com.ibm.msg.client.jakarta.wmq.internal.WMQSyncConsumerShadow.receiveInternal(WMQSyncConsumerShadow.java:233)\n\tat com.ibm.msg.client.jakarta.wmq.internal.WMQConsumerShadow.receive(WMQConsumerShadow.java:1462)\n\tat com.ibm.msg.client.jakarta.wmq.internal.WMQMessageConsumer.receive(WMQMessageConsumer.java:674)\n\tat com.ibm.msg.client.jakarta.jms.internal.JmsMessageConsumerImpl.receiveInboundMessage(JmsMessageConsumerImpl.java:1083)\n\tat com.ibm.msg.client.jakarta.jms.internal.JmsMessageConsumerImpl.receive(JmsMessageConsumerImpl.java:685)\n\tat com.ibm.mq.jakarta.jms.MQMessageConsumer.receive(MQMessageConsumer.java:249)\n\tat org.springframework.jms.support.destination.JmsDestinationAccessor.receiveFromConsumer(JmsDestinationAccessor.java:132)\n\tat org.springframework.jms.listener.AbstractPollingMessageListenerContainer.receiveMessage(AbstractPollingMessageListenerContainer.java:441)\n\tat org.springframework.jms.listener.AbstractPollingMessageListenerContainer.doReceiveAndExecute(AbstractPollingMessageListenerContainer.java:316)\n\tat org.springframework.jms.listener.AbstractPollingMessageListenerContainer.receiveAndExecute(AbstractPollingMessageListenerContainer.java:270)\n\tat org.springframework.jms.listener.DefaultMessageListenerContainer$AsyncMessageListenerInvoker.invokeListener(DefaultMessageListenerContainer.java:1257)\n\tat org.springframework.jms.listener.DefaultMessageListenerContainer$AsyncMessageListenerInvoker.executeOngoingLoop(DefaultMessageListenerContainer.java:1247)\n\tat org.springframework.jms.listener.DefaultMessageListenerContainer$AsyncMessageListenerInvoker.run(DefaultMessageListenerContainer.java:1140)\n\tat java.base/java.lang.Thread.run(Unknown Source)\nCaused by: com.ibm.mq.MQException: JMSCMQ0001: IBM MQ call failed with compcode '2' ('MQCC_FAILED') reason '2009' ('MQRC_CONNECTION_BROKEN').\n\tat com.ibm.msg.client.jakarta.wmq.common.internal.Reason.createException(Reason.java:203)\n\t... 17 common frames omitted\n","appName":"recon-consumer-app","application":"recon-consumer-app"}
{"@timestamp":"2026-05-10T09:27:53.746522123Z","@version":"1","message":"Setup of JMS message listener invoker failed - already recovered by other invoker","logger_name":"org.springframework.jms.listener.DefaultMessageListenerContainer","thread_name":"org.springframework.jms.JmsListenerEndpointContainer#1-7","level":"DEBUG","level_value":10000,"stack_trace":"com.ibm.msg.client.jakarta.jms.DetailedJMSException: JMSWMQ2002: Failed to get a message from destination 'RECON.IN'.\n\tat com.ibm.msg.client.jakarta.wmq.common.internal.Reason.reasonToException(Reason.java:595)\n\tat com.ibm.msg.client.jakarta.wmq.common.internal.Reason.createException(Reason.java:215)\n\tat com.ibm.msg.client.jakarta.wmq.internal.WMQMessageConsumer.checkJmqiCallSuccess(WMQMessageConsumer.java:222)\n\tat com.ibm.msg.client.jakarta.wmq.internal.WMQMessageConsumer.checkJmqiCallSuccess(WMQMessageConsumer.java:156)\n\tat com.ibm.msg.client.jakarta.wmq.internal.WMQConsumerShadow.getMsg(WMQConsumerShadow.java:1859)\n\tat com.ibm.msg.client.jakarta.wmq.internal.WMQSyncConsumerShadow.receiveInternal(WMQSyncConsumerShadow.java:233)\n\tat com.ibm.msg.client.jakarta.wmq.internal.WMQConsumerShadow.receive(WMQConsumerShadow.java:1462)\n\tat com.ibm.msg.client.jakarta.wmq.internal.WMQMessageConsumer.receive(WMQMessageConsumer.java:674)\n\tat com.ibm.msg.client.jakarta.jms.internal.JmsMessageConsumerImpl.receiveInboundMessage(JmsMessageConsumerImpl.java:1083)\n\tat com.ibm.msg.client.jakarta.jms.internal.JmsMessageConsumerImpl.receive(JmsMessageConsumerImpl.java:685)\n\tat com.ibm.mq.jakarta.jms.MQMessageConsumer.receive(MQMessageConsumer.java:249)\n\tat org.springframework.jms.support.destination.JmsDestinationAccessor.receiveFromConsumer(JmsDestinationAccessor.java:132)\n\tat org.springframework.jms.listener.AbstractPollingMessageListenerContainer.receiveMessage(AbstractPollingMessageListenerContainer.java:441)\n\tat org.springframework.jms.listener.AbstractPollingMessageListenerContainer.doReceiveAndExecute(AbstractPollingMessageListenerContainer.java:316)\n\tat org.springframework.jms.listener.AbstractPollingMessageListenerContainer.receiveAndExecute(AbstractPollingMessageListenerContainer.java:270)\n\tat org.springframework.jms.listener.DefaultMessageListenerContainer$AsyncMessageListenerInvoker.invokeListener(DefaultMessageListenerContainer.java:1257)\n\tat org.springframework.jms.listener.DefaultMessageListenerContainer$AsyncMessageListenerInvoker.executeOngoingLoop(DefaultMessageListenerContainer.java:1247)\n\tat org.springframework.jms.listener.DefaultMessageListenerContainer$AsyncMessageListenerInvoker.run(DefaultMessageListenerContainer.java:1140)\n\tat java.base/java.lang.Thread.run(Unknown Source)\nCaused by: com.ibm.mq.MQException: JMSCMQ0001: IBM MQ call failed with compcode '2' ('MQCC_FAILED') reason '2009' ('MQRC_CONNECTION_BROKEN').\n\tat com.ibm.msg.client.jakarta.wmq.common.internal.Reason.createException(Reason.java:203)\n\t... 17 common frames omitted\n","appName":"recon-consumer-app","application":"recon-consumer-app"}
{"@timestamp":"2026-05-10T09:27:53.747573492Z","@version":"1","message":"Setup of JMS message listener invoker failed - already recovered by other invoker","logger_name":"org.springframework.jms.listener.DefaultMessageListenerContainer","thread_name":"org.springframework.jms.JmsListenerEndpointContainer#1-5","level":"DEBUG","level_value":10000,"stack_trace":"com.ibm.msg.client.jakarta.jms.DetailedJMSException: JMSWMQ2002: Failed to get a message from destination 'RECON.IN'.\n\tat com.ibm.msg.client.jakarta.wmq.common.internal.Reason.reasonToException(Reason.java:595)\n\tat com.ibm.msg.client.jakarta.wmq.common.internal.Reason.createException(Reason.java:215)\n\tat com.ibm.msg.client.jakarta.wmq.internal.WMQMessageConsumer.checkJmqiCallSuccess(WMQMessageConsumer.java:222)\n\tat com.ibm.msg.client.jakarta.wmq.internal.WMQMessageConsumer.checkJmqiCallSuccess(WMQMessageConsumer.java:156)\n\tat com.ibm.msg.client.jakarta.wmq.internal.WMQConsumerShadow.getMsg(WMQConsumerShadow.java:1859)\n\tat com.ibm.msg.client.jakarta.wmq.internal.WMQSyncConsumerShadow.receiveInternal(WMQSyncConsumerShadow.java:233)\n\tat com.ibm.msg.client.jakarta.wmq.internal.WMQConsumerShadow.receive(WMQConsumerShadow.java:1462)\n\tat com.ibm.msg.client.jakarta.wmq.internal.WMQMessageConsumer.receive(WMQMessageConsumer.java:674)\n\tat com.ibm.msg.client.jakarta.jms.internal.JmsMessageConsumerImpl.receiveInboundMessage(JmsMessageConsumerImpl.java:1083)\n\tat com.ibm.msg.client.jakarta.jms.internal.JmsMessageConsumerImpl.receive(JmsMessageConsumerImpl.java:685)\n\tat com.ibm.mq.jakarta.jms.MQMessageConsumer.receive(MQMessageConsumer.java:249)\n\tat org.springframework.jms.support.destination.JmsDestinationAccessor.receiveFromConsumer(JmsDestinationAccessor.java:132)\n\tat org.springframework.jms.listener.AbstractPollingMessageListenerContainer.receiveMessage(AbstractPollingMessageListenerContainer.java:441)\n\tat org.springframework.jms.listener.AbstractPollingMessageListenerContainer.doReceiveAndExecute(AbstractPollingMessageListenerContainer.java:316)\n\tat org.springframework.jms.listener.AbstractPollingMessageListenerContainer.receiveAndExecute(AbstractPollingMessageListenerContainer.java:270)\n\tat org.springframework.jms.listener.DefaultMessageListenerContainer$AsyncMessageListenerInvoker.invokeListener(DefaultMessageListenerContainer.java:1257)\n\tat org.springframework.jms.listener.DefaultMessageListenerContainer$AsyncMessageListenerInvoker.executeOngoingLoop(DefaultMessageListenerContainer.java:1247)\n\tat org.springframework.jms.listener.DefaultMessageListenerContainer$AsyncMessageListenerInvoker.run(DefaultMessageListenerContainer.java:1140)\n\tat java.base/java.lang.Thread.run(Unknown Source)\nCaused by: com.ibm.mq.MQException: JMSCMQ0001: IBM MQ call failed with compcode '2' ('MQCC_FAILED') reason '2009' ('MQRC_CONNECTION_BROKEN').\n\tat com.ibm.msg.client.jakarta.wmq.common.internal.Reason.createException(Reason.java:203)\n\t... 17 common frames omitted\n","appName":"recon-consumer-app","application":"recon-consumer-app"}
{"@timestamp":"2026-05-10T09:27:53.757409466Z","@version":"1","message":"Registering cached JMS Session for mode 0: {\"ConnectionId\":\"414D5143514D31202020202020202020674F006A002B0040\",\"ObjectId\":\"com.ibm.msg.client.jakarta.wmq.internal.WMQSession@3befd020\",\"Channel\":\"DEV.APP.SVRCONN\",\"Port\":\"1414\",\"ConnectionMode\":\"WMQ_CM_CLIENT\",\"Host\":\"ibm-mq.recon-platform.svc.cluster.local/10.100.195.132\",\"ResolvedQueueManager\":\"QM1\",\"QueueManager\":\"QM1\"}","logger_name":"org.springframework.jms.connection.CachingConnectionFactory","thread_name":"org.springframework.jms.JmsListenerEndpointContainer#1-10","level":"DEBUG","level_value":10000,"appName":"recon-consumer-app","application":"recon-consumer-app"}
{"@timestamp":"2026-05-10T09:27:53.75793935Z","@version":"1","message":"Registering cached JMS Session for mode 0: {\"ConnectionId\":\"414D5143514D31202020202020202020674F006A002B0040\",\"ObjectId\":\"com.ibm.msg.client.jakarta.wmq.internal.WMQSession@573ed5a4\",\"Channel\":\"DEV.APP.SVRCONN\",\"Port\":\"1414\",\"ConnectionMode\":\"WMQ_CM_CLIENT\",\"Host\":\"ibm-mq.recon-platform.svc.cluster.local/10.100.195.132\",\"ResolvedQueueManager\":\"QM1\",\"QueueManager\":\"QM1\"}","logger_name":"org.springframework.jms.connection.CachingConnectionFactory","thread_name":"org.springframework.jms.JmsListenerEndpointContainer#1-9","level":"DEBUG","level_value":10000,"appName":"recon-consumer-app","application":"recon-consumer-app"}
{"@timestamp":"2026-05-10T09:27:53.763225268Z","@version":"1","message":"Received message of type [class com.ibm.jakarta.jms.JMSTextMessage] from consumer [com.ibm.mq.jakarta.jms.MQQueueReceiver@313e8364] of session [Cached JMS Session: {\"ConnectionId\":\"414D5143514D31202020202020202020674F006A002B0040\",\"ObjectId\":\"com.ibm.msg.client.jakarta.wmq.internal.WMQSession@3befd020\",\"Channel\":\"DEV.APP.SVRCONN\",\"Port\":\"1414\",\"ConnectionMode\":\"WMQ_CM_CLIENT\",\"Host\":\"ibm-mq.recon-platform.svc.cluster.local/10.100.195.132\",\"ResolvedQueueManager\":\"QM1\",\"QueueManager\":\"QM1\"}]","logger_name":"org.springframework.jms.listener.DefaultMessageListenerContainer","thread_name":"org.springframework.jms.JmsListenerEndpointContainer#1-10","level":"DEBUG","level_value":10000,"appName":"recon-consumer-app","application":"recon-consumer-app"}
{"@timestamp":"2026-05-10T09:27:53.763643057Z","@version":"1","message":"Received message of type [class com.ibm.jakarta.jms.JMSTextMessage] from consumer [com.ibm.mq.jakarta.jms.MQQueueReceiver@39765e41] of session [Cached JMS Session: {\"ConnectionId\":\"414D5143514D31202020202020202020674F006A002B0040\",\"ObjectId\":\"com.ibm.msg.client.jakarta.wmq.internal.WMQSession@573ed5a4\",\"Channel\":\"DEV.APP.SVRCONN\",\"Port\":\"1414\",\"ConnectionMode\":\"WMQ_CM_CLIENT\",\"Host\":\"ibm-mq.recon-platform.svc.cluster.local/10.100.195.132\",\"ResolvedQueueManager\":\"QM1\",\"QueueManager\":\"QM1\"}]","logger_name":"org.springframework.jms.listener.DefaultMessageListenerContainer","thread_name":"org.springframework.jms.JmsListenerEndpointContainer#1-9","level":"DEBUG","level_value":10000,"appName":"recon-consumer-app","application":"recon-consumer-app"}
{"@timestamp":"2026-05-10T09:27:53.769289675Z","@version":"1","message":"Exposing JPA transaction as JDBC [org.springframework.orm.jpa.vendor.HibernateJpaDialect$HibernateConnectionHandle@305dddee]","logger_name":"org.springframework.orm.jpa.JpaTransactionManager","thread_name":"org.springframework.jms.JmsListenerEndpointContainer#1-9","level":"DEBUG","level_value":10000,"appName":"recon-consumer-app","traceId":"d3392a2f6a614cfb506753583498a478","spanId":"e9845e9a52fdee44","correlationId":"0fb16222-c915-4ccf-95b1-8d08408668c1","application":"recon-consumer-app"}
{"@timestamp":"2026-05-10T09:27:53.770624655Z","@version":"1","message":"Exposing JPA transaction as JDBC [org.springframework.orm.jpa.vendor.HibernateJpaDialect$HibernateConnectionHandle@1a8e35cf]","logger_name":"org.springframework.orm.jpa.JpaTransactionManager","thread_name":"org.springframework.jms.JmsListenerEndpointContainer#1-10","level":"DEBUG","level_value":10000,"appName":"recon-consumer-app","traceId":"d3392a2f6a614cfb506753583498a478","spanId":"e9845e9a52fdee44","correlationId":"b69bfe32-6e18-4ca7-9e52-a2c53f2b7266","application":"recon-consumer-app"}
{"@timestamp":"2026-05-10T09:27:53.775234748Z","@version":"1","message":"Registering cached JMS Session for mode 0: {\"ConnectionId\":\"414D5143514D31202020202020202020674F006A002B0040\",\"ObjectId\":\"com.ibm.msg.client.jakarta.wmq.internal.WMQSession@4e74670\",\"Channel\":\"DEV.APP.SVRCONN\",\"Port\":\"1414\",\"ConnectionMode\":\"WMQ_CM_CLIENT\",\"Host\":\"ibm-mq.recon-platform.svc.cluster.local/10.100.195.132\",\"ResolvedQueueManager\":\"QM1\",\"QueueManager\":\"QM1\"}","logger_name":"org.springframework.jms.connection.CachingConnectionFactory","thread_name":"org.springframework.jms.JmsListenerEndpointContainer#1-11","level":"DEBUG","level_value":10000,"appName":"recon-consumer-app","application":"recon-consumer-app"}
{"@timestamp":"2026-05-10T09:27:53.780397565Z","@version":"1","message":"Received message of type [class com.ibm.jakarta.jms.JMSTextMessage] from consumer [com.ibm.mq.jakarta.jms.MQQueueReceiver@39765e41] of session [Cached JMS Session: {\"ConnectionId\":\"414D5143514D31202020202020202020674F006A002B0040\",\"ObjectId\":\"com.ibm.msg.client.jakarta.wmq.internal.WMQSession@573ed5a4\",\"Channel\":\"DEV.APP.SVRCONN\",\"Port\":\"1414\",\"ConnectionMode\":\"WMQ_CM_CLIENT\",\"Host\":\"ibm-mq.recon-platform.svc.cluster.local/10.100.195.132\",\"ResolvedQueueManager\":\"QM1\",\"QueueManager\":\"QM1\"}]","logger_name":"org.springframework.jms.listener.DefaultMessageListenerContainer","thread_name":"org.springframework.jms.JmsListenerEndpointContainer#1-9","level":"DEBUG","level_value":10000,"appName":"recon-consumer-app","application":"recon-consumer-app"}
{"@timestamp":"2026-05-10T09:27:53.783230088Z","@version":"1","message":"Received message of type [class com.ibm.jakarta.jms.JMSTextMessage] from consumer [com.ibm.mq.jakarta.jms.MQQueueReceiver@313e8364] of session [Cached JMS Session: {\"ConnectionId\":\"414D5143514D31202020202020202020674F006A002B0040\",\"ObjectId\":\"com.ibm.msg.client.jakarta.wmq.internal.WMQSession@3befd020\",\"Channel\":\"DEV.APP.SVRCONN\",\"Port\":\"1414\",\"ConnectionMode\":\"WMQ_CM_CLIENT\",\"Host\":\"ibm-mq.recon-platform.svc.cluster.local/10.100.195.132\",\"ResolvedQueueManager\":\"QM1\",\"QueueManager\":\"QM1\"}]","logger_name":"org.springframework.jms.listener.DefaultMessageListenerContainer","thread_name":"org.springframework.jms.JmsListenerEndpointContainer#1-10","level":"DEBUG","level_value":10000,"appName":"recon-consumer-app","application":"recon-consumer-app"}
{"@timestamp":"2026-05-10T09:27:53.783247966Z","@version":"1","message":"Received message of type [class com.ibm.jakarta.jms.JMSTextMessage] from consumer [com.ibm.mq.jakarta.jms.MQQueueReceiver@7577b972] of session [Cached JMS Session: {\"ConnectionId\":\"414D5143514D31202020202020202020674F006A002B0040\",\"ObjectId\":\"com.ibm.msg.client.jakarta.wmq.internal.WMQSession@4e74670\",\"Channel\":\"DEV.APP.SVRCONN\",\"Port\":\"1414\",\"ConnectionMode\":\"WMQ_CM_CLIENT\",\"Host\":\"ibm-mq.recon-platform.svc.cluster.local/10.100.195.132\",\"ResolvedQueueManager\":\"QM1\",\"QueueManager\":\"QM1\"}]","logger_name":"org.springframework.jms.listener.DefaultMessageListenerContainer","thread_name":"org.springframework.jms.JmsListenerEndpointContainer#1-11","level":"DEBUG","level_value":10000,"appName":"recon-consumer-app","application":"recon-consumer-app"}
{"@timestamp":"2026-05-10T09:27:53.784415702Z","@version":"1","message":"Exposing JPA transaction as JDBC [org.springframework.orm.jpa.vendor.HibernateJpaDialect$HibernateConnectionHandle@39179646]","logger_name":"org.springframework.orm.jpa.JpaTransactionManager","thread_name":"org.springframework.jms.JmsListenerEndpointContainer#1-9","level":"DEBUG","level_value":10000,"appName":"recon-consumer-app","traceId":"f9f3cecca83da69a21f7f10fd74d8e36","spanId":"aefae82155d14884","correlationId":"8d2aadb6-7bcb-4f69-9283-c37dd13e202a","application":"recon-consumer-app"}
{"@timestamp":"2026-05-10T09:27:53.787540804Z","@version":"1","message":"Exposing JPA transaction as JDBC [org.springframework.orm.jpa.vendor.HibernateJpaDialect$HibernateConnectionHandle@15e231d2]","logger_name":"org.springframework.orm.jpa.JpaTransactionManager","thread_name":"org.springframework.jms.JmsListenerEndpointContainer#1-10","level":"DEBUG","level_value":10000,"appName":"recon-consumer-app","traceId":"f9f3cecca83da69a21f7f10fd74d8e36","spanId":"aefae82155d14884","correlationId":"05ac5f06-90cd-41b0-a515-7857a4b10c7d","application":"recon-consumer-app"}
{"@timestamp":"2026-05-10T09:27:53.791552024Z","@version":"1","message":"Exposing JPA transaction as JDBC [org.springframework.orm.jpa.vendor.HibernateJpaDialect$HibernateConnectionHandle@6382592b]","logger_name":"org.springframework.orm.jpa.JpaTransactionManager","thread_name":"org.springframework.jms.JmsListenerEndpointContainer#1-11","level":"DEBUG","level_value":10000,"appName":"recon-consumer-app","traceId":"1cf2f8ac5c0fd81eb5441ef51cdb2c24","spanId":"71cdfa81a5c38b41","correlationId":"b09d6ddf-6cbb-4828-b1a5-2bbcb114df03","application":"recon-consumer-app"}
{"@timestamp":"2026-05-10T09:27:53.795174195Z","@version":"1","message":"Received message of type [class com.ibm.jakarta.jms.JMSTextMessage] from consumer [com.ibm.mq.jakarta.jms.MQQueueReceiver@39765e41] of session [Cached JMS Session: {\"ConnectionId\":\"414D5143514D31202020202020202020674F006A002B0040\",\"ObjectId\":\"com.ibm.msg.client.jakarta.wmq.internal.WMQSession@573ed5a4\",\"Channel\":\"DEV.APP.SVRCONN\",\"Port\":\"1414\",\"ConnectionMode\":\"WMQ_CM_CLIENT\",\"Host\":\"ibm-mq.recon-platform.svc.cluster.local/10.100.195.132\",\"ResolvedQueueManager\":\"QM1\",\"QueueManager\":\"QM1\"}]","logger_name":"org.springframework.jms.listener.DefaultMessageListenerContainer","thread_name":"org.springframework.jms.JmsListenerEndpointContainer#1-9","level":"DEBUG","level_value":10000,"appName":"recon-consumer-app","application":"recon-consumer-app"}
{"@timestamp":"2026-05-10T09:27:53.796737705Z","@version":"1","message":"Registering cached JMS Session for mode 0: {\"ConnectionId\":\"414D5143514D31202020202020202020674F006A002B0040\",\"ObjectId\":\"com.ibm.msg.client.jakarta.wmq.internal.WMQSession@318f69c0\",\"Channel\":\"DEV.APP.SVRCONN\",\"Port\":\"1414\",\"ConnectionMode\":\"WMQ_CM_CLIENT\",\"Host\":\"ibm-mq.recon-platform.svc.cluster.local/10.100.195.132\",\"ResolvedQueueManager\":\"QM1\",\"QueueManager\":\"QM1\"}","logger_name":"org.springframework.jms.connection.CachingConnectionFactory","thread_name":"org.springframework.jms.JmsListenerEndpointContainer#1-12","level":"DEBUG","level_value":10000,"appName":"recon-consumer-app","application":"recon-consumer-app"}
{"@timestamp":"2026-05-10T09:27:53.797018002Z","@version":"1","message":"Received message of type [class com.ibm.jakarta.jms.JMSTextMessage] from consumer [com.ibm.mq.jakarta.jms.MQQueueReceiver@313e8364] of session [Cached JMS Session: {\"ConnectionId\":\"414D5143514D31202020202020202020674F006A002B0040\",\"ObjectId\":\"com.ibm.msg.client.jakarta.wmq.internal.WMQSession@3befd020\",\"Channel\":\"DEV.APP.SVRCONN\",\"Port\":\"1414\",\"ConnectionMode\":\"WMQ_CM_CLIENT\",\"Host\":\"ibm-mq.recon-platform.svc.cluster.local/10.100.195.132\",\"ResolvedQueueManager\":\"QM1\",\"QueueManager\":\"QM1\"}]","logger_name":"org.springframework.jms.listener.DefaultMessageListenerContainer","thread_name":"org.springframework.jms.JmsListenerEndpointContainer#1-10","level":"DEBUG","level_value":10000,"appName":"recon-consumer-app","application":"recon-consumer-app"}
{"@timestamp":"2026-05-10T09:27:53.799295288Z","@version":"1","message":"Exposing JPA transaction as JDBC [org.springframework.orm.jpa.vendor.HibernateJpaDialect$HibernateConnectionHandle@6ec9b628]","logger_name":"org.springframework.orm.jpa.JpaTransactionManager","thread_name":"org.springframework.jms.JmsListenerEndpointContainer#1-9","level":"DEBUG","level_value":10000,"appName":"recon-consumer-app","traceId":"1cf2f8ac5c0fd81eb5441ef51cdb2c24","spanId":"71cdfa81a5c38b41","correlationId":"c8f62250-b1c5-4570-8057-b67f25adb68b","application":"recon-consumer-app"}
{"@timestamp":"2026-05-10T09:27:53.803226188Z","@version":"1","message":"Received message of type [class com.ibm.jakarta.jms.JMSTextMessage] from consumer [com.ibm.mq.jakarta.jms.MQQueueReceiver@7577b972] of session [Cached JMS Session: {\"ConnectionId\":\"414D5143514D31202020202020202020674F006A002B0040\",\"ObjectId\":\"com.ibm.msg.client.jakarta.wmq.internal.WMQSession@4e74670\",\"Channel\":\"DEV.APP.SVRCONN\",\"Port\":\"1414\",\"ConnectionMode\":\"WMQ_CM_CLIENT\",\"Host\":\"ibm-mq.recon-platform.svc.cluster.local/10.100.195.132\",\"ResolvedQueueManager\":\"QM1\",\"QueueManager\":\"QM1\"}]","logger_name":"org.springframework.jms.listener.DefaultMessageListenerContainer","thread_name":"org.springframework.jms.JmsListenerEndpointContainer#1-11","level":"DEBUG","level_value":10000,"appName":"recon-consumer-app","application":"recon-consumer-app"}
{"@timestamp":"2026-05-10T09:27:53.80379744Z","@version":"1","message":"Exposing JPA transaction as JDBC [org.springframework.orm.jpa.vendor.HibernateJpaDialect$HibernateConnectionHandle@48df056e]","logger_name":"org.springframework.orm.jpa.JpaTransactionManager","thread_name":"org.springframework.jms.JmsListenerEndpointContainer#1-10","level":"DEBUG","level_value":10000,"appName":"recon-consumer-app","traceId":"e27d9ca8f3abbb73f0e6ee67b4ff5354","spanId":"cf958bdcf5af5709","correlationId":"959f0255-a779-4595-b75f-bb9adbae3ccd","application":"recon-consumer-app"}
{"@timestamp":"2026-05-10T09:27:53.804404287Z","@version":"1","message":"Received message of type [class com.ibm.jakarta.jms.JMSTextMessage] from consumer [com.ibm.mq.jakarta.jms.MQQueueReceiver@347e2cdd] of session [Cached JMS Session: {\"ConnectionId\":\"414D5143514D31202020202020202020674F006A002B0040\",\"ObjectId\":\"com.ibm.msg.client.jakarta.wmq.internal.WMQSession@318f69c0\",\"Channel\":\"DEV.APP.SVRCONN\",\"Port\":\"1414\",\"ConnectionMode\":\"WMQ_CM_CLIENT\",\"Host\":\"ibm-mq.recon-platform.svc.cluster.local/10.100.195.132\",\"ResolvedQueueManager\":\"QM1\",\"QueueManager\":\"QM1\"}]","logger_name":"org.springframework.jms.listener.DefaultMessageListenerContainer","thread_name":"org.springframework.jms.JmsListenerEndpointContainer#1-12","level":"DEBUG","level_value":10000,"appName":"recon-consumer-app","application":"recon-consumer-app"}
{"@timestamp":"2026-05-10T09:27:53.853021673Z","@version":"1","message":"Exposing JPA transaction as JDBC [org.springframework.orm.jpa.vendor.HibernateJpaDialect$HibernateConnectionHandle@1bad2d19]","logger_name":"org.springframework.orm.jpa.JpaTransactionManager","thread_name":"org.springframework.jms.JmsListenerEndpointContainer#1-12","level":"DEBUG","level_value":10000,"appName":"recon-consumer-app","traceId":"21c24950bccd3ba8f8fcf3fcd23f4e2a","spanId":"a30d5d8f69560da5","correlationId":"09c2e3c4-0fd5-4bed-92d0-0f548f2996e6","application":"recon-consumer-app"}
{"@timestamp":"2026-05-10T09:27:53.854594776Z","@version":"1","message":"Exposing JPA transaction as JDBC [org.springframework.orm.jpa.vendor.HibernateJpaDialect$HibernateConnectionHandle@1431f53a]","logger_name":"org.springframework.orm.jpa.JpaTransactionManager","thread_name":"org.springframework.jms.JmsListenerEndpointContainer#1-11","level":"DEBUG","level_value":10000,"appName":"recon-consumer-app","traceId":"e27d9ca8f3abbb73f0e6ee67b4ff5354","spanId":"cf958bdcf5af5709","correlationId":"c7fc6b11-2dc9-46c4-a278-2a9b8971b55a","application":"recon-consumer-app"}
{"@timestamp":"2026-05-10T09:27:53.856012731Z","@version":"1","message":"Received message of type [class com.ibm.jakarta.jms.JMSTextMessage] from consumer [com.ibm.mq.jakarta.jms.MQQueueReceiver@39765e41] of session [Cached JMS Session: {\"ConnectionId\":\"414D5143514D31202020202020202020674F006A002B0040\",\"ObjectId\":\"com.ibm.msg.client.jakarta.wmq.internal.WMQSession@573ed5a4\",\"Channel\":\"DEV.APP.SVRCONN\",\"Port\":\"1414\",\"ConnectionMode\":\"WMQ_CM_CLIENT\",\"Host\":\"ibm-mq.recon-platform.svc.cluster.local/10.100.195.132\",\"ResolvedQueueManager\":\"QM1\",\"QueueManager\":\"QM1\"}]","logger_name":"org.springframework.jms.listener.DefaultMessageListenerContainer","thread_name":"org.springframework.jms.JmsListenerEndpointContainer#1-9","level":"DEBUG","level_value":10000,"appName":"recon-consumer-app","application":"recon-consumer-app"}
{"@timestamp":"2026-05-10T09:27:53.857695721Z","@version":"1","message":"Received message of type [class com.ibm.jakarta.jms.JMSTextMessage] from consumer [com.ibm.mq.jakarta.jms.MQQueueReceiver@313e8364] of session [Cached JMS Session: {\"ConnectionId\":\"414D5143514D31202020202020202020674F006A002B0040\",\"ObjectId\":\"com.ibm.msg.client.jakarta.wmq.internal.WMQSession@3befd020\",\"Channel\":\"DEV.APP.SVRCONN\",\"Port\":\"1414\",\"ConnectionMode\":\"WMQ_CM_CLIENT\",\"Host\":\"ibm-mq.recon-platform.svc.cluster.local/10.100.195.132\",\"ResolvedQueueManager\":\"QM1\",\"QueueManager\":\"QM1\"}]","logger_name":"org.springframework.jms.listener.DefaultMessageListenerContainer","thread_name":"org.springframework.jms.JmsListenerEndpointContainer#1-10","level":"DEBUG","level_value":10000,"appName":"recon-consumer-app","application":"recon-consumer-app"}
{"@timestamp":"2026-05-10T09:27:53.862451131Z","@version":"1","message":"Exposing JPA transaction as JDBC [org.springframework.orm.jpa.vendor.HibernateJpaDialect$HibernateConnectionHandle@757f39d3]","logger_name":"org.springframework.orm.jpa.JpaTransactionManager","thread_name":"org.springframework.jms.JmsListenerEndpointContainer#1-10","level":"DEBUG","level_value":10000,"appName":"recon-consumer-app","traceId":"ecc402c42a6cb0e3c212f64d115394d1","spanId":"1560c80ed6f10614","correlationId":"60582fbe-b2e0-4c9a-bac5-89f6c51f51b5","application":"recon-consumer-app"}
{"@timestamp":"2026-05-10T09:27:53.862706919Z","@version":"1","message":"Exposing JPA transaction as JDBC [org.springframework.orm.jpa.vendor.HibernateJpaDialect$HibernateConnectionHandle@290df24e]","logger_name":"org.springframework.orm.jpa.JpaTransactionManager","thread_name":"org.springframework.jms.JmsListenerEndpointContainer#1-9","level":"DEBUG","level_value":10000,"appName":"recon-consumer-app","traceId":"21c24950bccd3ba8f8fcf3fcd23f4e2a","spanId":"a30d5d8f69560da5","correlationId":"077efd60-c99a-4f1b-b449-72ca2ff3cf7e","application":"recon-consumer-app"}
{"@timestamp":"2026-05-10T09:27:53.867170507Z","@version":"1","message":"Received message of type [class com.ibm.jakarta.jms.JMSTextMessage] from consumer [com.ibm.mq.jakarta.jms.MQQueueReceiver@347e2cdd] of session [Cached JMS Session: {\"ConnectionId\":\"414D5143514D31202020202020202020674F006A002B0040\",\"ObjectId\":\"com.ibm.msg.client.jakarta.wmq.internal.WMQSession@318f69c0\",\"Channel\":\"DEV.APP.SVRCONN\",\"Port\":\"1414\",\"ConnectionMode\":\"WMQ_CM_CLIENT\",\"Host\":\"ibm-mq.recon-platform.svc.cluster.local/10.100.195.132\",\"ResolvedQueueManager\":\"QM1\",\"QueueManager\":\"QM1\"}]","logger_name":"org.springframework.jms.listener.DefaultMessageListenerContainer","thread_name":"org.springframework.jms.JmsListenerEndpointContainer#1-12","level":"DEBUG","level_value":10000,"appName":"recon-consumer-app","application":"recon-consumer-app"}
{"@timestamp":"2026-05-10T09:27:53.867526049Z","@version":"1","message":"Registering cached JMS Session for mode 0: {\"ConnectionId\":\"414D5143514D31202020202020202020674F006A002B0040\",\"ObjectId\":\"com.ibm.msg.client.jakarta.wmq.internal.WMQSession@50c16be4\",\"Channel\":\"DEV.APP.SVRCONN\",\"Port\":\"1414\",\"ConnectionMode\":\"WMQ_CM_CLIENT\",\"Host\":\"ibm-mq.recon-platform.svc.cluster.local/10.100.195.132\",\"ResolvedQueueManager\":\"QM1\",\"QueueManager\":\"QM1\"}","logger_name":"org.springframework.jms.connection.CachingConnectionFactory","thread_name":"org.springframework.jms.JmsListenerEndpointContainer#1-13","level":"DEBUG","level_value":10000,"appName":"recon-consumer-app","application":"recon-consumer-app"}
{"@timestamp":"2026-05-10T09:27:53.869703257Z","@version":"1","message":"Received message of type [class com.ibm.jakarta.jms.JMSTextMessage] from consumer [com.ibm.mq.jakarta.jms.MQQueueReceiver@7577b972] of session [Cached JMS Session: {\"ConnectionId\":\"414D5143514D31202020202020202020674F006A002B0040\",\"ObjectId\":\"com.ibm.msg.client.jakarta.wmq.internal.WMQSession@4e74670\",\"Channel\":\"DEV.APP.SVRCONN\",\"Port\":\"1414\",\"ConnectionMode\":\"WMQ_CM_CLIENT\",\"Host\":\"ibm-mq.recon-platform.svc.cluster.local/10.100.195.132\",\"ResolvedQueueManager\":\"QM1\",\"QueueManager\":\"QM1\"}]","logger_name":"org.springframework.jms.listener.DefaultMessageListenerContainer","thread_name":"org.springframework.jms.JmsListenerEndpointContainer#1-11","level":"DEBUG","level_value":10000,"appName":"recon-consumer-app","application":"recon-consumer-app"}
{"@timestamp":"2026-05-10T09:27:53.871170077Z","@version":"1","message":"Received message of type [class com.ibm.jakarta.jms.JMSTextMessage] from consumer [com.ibm.mq.jakarta.jms.MQQueueReceiver@313e8364] of session [Cached JMS Session: {\"ConnectionId\":\"414D5143514D31202020202020202020674F006A002B0040\",\"ObjectId\":\"com.ibm.msg.client.jakarta.wmq.internal.WMQSession@3befd020\",\"Channel\":\"DEV.APP.SVRCONN\",\"Port\":\"1414\",\"ConnectionMode\":\"WMQ_CM_CLIENT\",\"Host\":\"ibm-mq.recon-platform.svc.cluster.local/10.100.195.132\",\"ResolvedQueueManager\":\"QM1\",\"QueueManager\":\"QM1\"}]","logger_name":"org.springframework.jms.listener.DefaultMessageListenerContainer","thread_name":"org.springframework.jms.JmsListenerEndpointContainer#1-10","level":"DEBUG","level_value":10000,"appName":"recon-consumer-app","application":"recon-consumer-app"}
{"@timestamp":"2026-05-10T09:27:53.871512411Z","@version":"1","message":"Received message of type [class com.ibm.jakarta.jms.JMSTextMessage] from consumer [com.ibm.mq.jakarta.jms.MQQueueReceiver@39765e41] of session [Cached JMS Session: {\"ConnectionId\":\"414D5143514D31202020202020202020674F006A002B0040\",\"ObjectId\":\"com.ibm.msg.client.jakarta.wmq.internal.WMQSession@573ed5a4\",\"Channel\":\"DEV.APP.SVRCONN\",\"Port\":\"1414\",\"ConnectionMode\":\"WMQ_CM_CLIENT\",\"Host\":\"ibm-mq.recon-platform.svc.cluster.local/10.100.195.132\",\"ResolvedQueueManager\":\"QM1\",\"QueueManager\":\"QM1\"}]","logger_name":"org.springframework.jms.listener.DefaultMessageListenerContainer","thread_name":"org.springframework.jms.JmsListenerEndpointContainer#1-9","level":"DEBUG","level_value":10000,"appName":"recon-consumer-app","application":"recon-consumer-app"}
{"@timestamp":"2026-05-10T09:27:53.872120932Z","@version":"1","message":"Exposing JPA transaction as JDBC [org.springframework.orm.jpa.vendor.HibernateJpaDialect$HibernateConnectionHandle@5d1581a5]","logger_name":"org.springframework.orm.jpa.JpaTransactionManager","thread_name":"org.springframework.jms.JmsListenerEndpointContainer#1-12","level":"DEBUG","level_value":10000,"appName":"recon-consumer-app","traceId":"ecc402c42a6cb0e3c212f64d115394d1","spanId":"1560c80ed6f10614","correlationId":"5a1dcc59-9d18-423b-b2f8-63232f53d7ea","application":"recon-consumer-app"}
{"@timestamp":"2026-05-10T09:27:53.87515721Z","@version":"1","message":"Exposing JPA transaction as JDBC [org.springframework.orm.jpa.vendor.HibernateJpaDialect$HibernateConnectionHandle@dbdaae0]","logger_name":"org.springframework.orm.jpa.JpaTransactionManager","thread_name":"org.springframework.jms.JmsListenerEndpointContainer#1-11","level":"DEBUG","level_value":10000,"appName":"recon-consumer-app","traceId":"74ac04fca2584d5eb29527d9dbaba89c","spanId":"117cc913655d87a7","correlationId":"dbdf1c8f-0961-4340-8888-e4d0fe373bab","application":"recon-consumer-app"}
{"@timestamp":"2026-05-10T09:27:53.876448264Z","@version":"1","message":"Received message of type [class com.ibm.jakarta.jms.JMSTextMessage] from consumer [com.ibm.mq.jakarta.jms.MQQueueReceiver@447e53ff] of session [Cached JMS Session: {\"ConnectionId\":\"414D5143514D31202020202020202020674F006A002B0040\",\"ObjectId\":\"com.ibm.msg.client.jakarta.wmq.internal.WMQSession@50c16be4\",\"Channel\":\"DEV.APP.SVRCONN\",\"Port\":\"1414\",\"ConnectionMode\":\"WMQ_CM_CLIENT\",\"Host\":\"ibm-mq.recon-platform.svc.cluster.local/10.100.195.132\",\"ResolvedQueueManager\":\"QM1\",\"QueueManager\":\"QM1\"}]","logger_name":"org.springframework.jms.listener.DefaultMessageListenerContainer","thread_name":"org.springframework.jms.JmsListenerEndpointContainer#1-13","level":"DEBUG","level_value":10000,"appName":"recon-consumer-app","application":"recon-consumer-app"}
{"@timestamp":"2026-05-10T09:27:53.87690358Z","@version":"1","message":"Exposing JPA transaction as JDBC [org.springframework.orm.jpa.vendor.HibernateJpaDialect$HibernateConnectionHandle@62f99524]","logger_name":"org.springframework.orm.jpa.JpaTransactionManager","thread_name":"org.springframework.jms.JmsListenerEndpointContainer#1-10","level":"DEBUG","level_value":10000,"appName":"recon-consumer-app","traceId":"74ac04fca2584d5eb29527d9dbaba89c","spanId":"117cc913655d87a7","correlationId":"6d72a162-f5e8-4e4b-a6bd-6abf02044afa","application":"recon-consumer-app"}
{"@timestamp":"2026-05-10T09:27:53.882226792Z","@version":"1","message":"Exposing JPA transaction as JDBC [org.springframework.orm.jpa.vendor.HibernateJpaDialect$HibernateConnectionHandle@5c353faa]","logger_name":"org.springframework.orm.jpa.JpaTransactionManager","thread_name":"org.springframework.jms.JmsListenerEndpointContainer#1-13","level":"DEBUG","level_value":10000,"appName":"recon-consumer-app","traceId":"001838a13e9c750f9b4c1bea1dd29c01","spanId":"e3d92d46081d0338","correlationId":"35760c8f-64f6-4ba0-a170-3e4ee8b293f4","application":"recon-consumer-app"}
{"@timestamp":"2026-05-10T09:27:53.883468999Z","@version":"1","message":"Exposing JPA transaction as JDBC [org.springframework.orm.jpa.vendor.HibernateJpaDialect$HibernateConnectionHandle@4dbb1553]","logger_name":"org.springframework.orm.jpa.JpaTransactionManager","thread_name":"org.springframework.jms.JmsListenerEndpointContainer#1-9","level":"DEBUG","level_value":10000,"appName":"recon-consumer-app","traceId":"001838a13e9c750f9b4c1bea1dd29c01","spanId":"e3d92d46081d0338","correlationId":"9b2cc538-32da-466a-b7dc-3c4c7492cd74","application":"recon-consumer-app"}
{"@timestamp":"2026-05-10T09:27:53.883406965Z","@version":"1","message":"Received message of type [class com.ibm.jakarta.jms.JMSTextMessage] from consumer [com.ibm.mq.jakarta.jms.MQQueueReceiver@347e2cdd] of session [Cached JMS Session: {\"ConnectionId\":\"414D5143514D31202020202020202020674F006A002B0040\",\"ObjectId\":\"com.ibm.msg.client.jakarta.wmq.internal.WMQSession@318f69c0\",\"Channel\":\"DEV.APP.SVRCONN\",\"Port\":\"1414\",\"ConnectionMode\":\"WMQ_CM_CLIENT\",\"Host\":\"ibm-mq.recon-platform.svc.cluster.local/10.100.195.132\",\"ResolvedQueueManager\":\"QM1\",\"QueueManager\":\"QM1\"}]","logger_name":"org.springframework.jms.listener.DefaultMessageListenerContainer","thread_name":"org.springframework.jms.JmsListenerEndpointContainer#1-12","level":"DEBUG","level_value":10000,"appName":"recon-consumer-app","application":"recon-consumer-app"}
{"@timestamp":"2026-05-10T09:27:53.885140101Z","@version":"1","message":"Received message of type [class com.ibm.jakarta.jms.JMSTextMessage] from consumer [com.ibm.mq.jakarta.jms.MQQueueReceiver@7577b972] of session [Cached JMS Session: {\"ConnectionId\":\"414D5143514D31202020202020202020674F006A002B0040\",\"ObjectId\":\"com.ibm.msg.client.jakarta.wmq.internal.WMQSession@4e74670\",\"Channel\":\"DEV.APP.SVRCONN\",\"Port\":\"1414\",\"ConnectionMode\":\"WMQ_CM_CLIENT\",\"Host\":\"ibm-mq.recon-platform.svc.cluster.local/10.100.195.132\",\"ResolvedQueueManager\":\"QM1\",\"QueueManager\":\"QM1\"}]","logger_name":"org.springframework.jms.listener.DefaultMessageListenerContainer","thread_name":"org.springframework.jms.JmsListenerEndpointContainer#1-11","level":"DEBUG","level_value":10000,"appName":"recon-consumer-app","application":"recon-consumer-app"}
{"@timestamp":"2026-05-10T09:27:53.887909367Z","@version":"1","message":"Received message of type [class com.ibm.jakarta.jms.JMSTextMessage] from consumer [com.ibm.mq.jakarta.jms.MQQueueReceiver@313e8364] of session [Cached JMS Session: {\"ConnectionId\":\"414D5143514D31202020202020202020674F006A002B0040\",\"ObjectId\":\"com.ibm.msg.client.jakarta.wmq.internal.WMQSession@3befd020\",\"Channel\":\"DEV.APP.SVRCONN\",\"Port\":\"1414\",\"ConnectionMode\":\"WMQ_CM_CLIENT\",\"Host\":\"ibm-mq.recon-platform.svc.cluster.local/10.100.195.132\",\"ResolvedQueueManager\":\"QM1\",\"QueueManager\":\"QM1\"}]","logger_name":"org.springframework.jms.listener.DefaultMessageListenerContainer","thread_name":"org.springframework.jms.JmsListenerEndpointContainer#1-10","level":"DEBUG","level_value":10000,"appName":"recon-consumer-app","application":"recon-consumer-app"}
{"@timestamp":"2026-05-10T09:27:53.889931539Z","@version":"1","message":"Exposing JPA transaction as JDBC [org.springframework.orm.jpa.vendor.HibernateJpaDialect$HibernateConnectionHandle@6fc3d01d]","logger_name":"org.springframework.orm.jpa.JpaTransactionManager","thread_name":"org.springframework.jms.JmsListenerEndpointContainer#1-10","level":"DEBUG","level_value":10000,"appName":"recon-consumer-app","traceId":"fd40c140e48c6e054f7a21267add47f5","spanId":"4713b98548d12c9f","correlationId":"fb9dac08-6110-4ec6-b5a9-50317777587d","application":"recon-consumer-app"}
{"@timestamp":"2026-05-10T09:27:53.890285887Z","@version":"1","message":"Exposing JPA transaction as JDBC [org.springframework.orm.jpa.vendor.HibernateJpaDialect$HibernateConnectionHandle@4e9d46c3]","logger_name":"org.springframework.orm.jpa.JpaTransactionManager","thread_name":"org.springframework.jms.JmsListenerEndpointContainer#1-11","level":"DEBUG","level_value":10000,"appName":"recon-consumer-app","traceId":"d531ab0aacd1609832e5a05f93e883a6","spanId":"3755c920a54c2c1b","correlationId":"5d7c6cea-b6ce-4ec8-b30f-75b72fe43955","application":"recon-consumer-app"}
{"@timestamp":"2026-05-10T09:27:53.890919019Z","@version":"1","message":"Exposing JPA transaction as JDBC [org.springframework.orm.jpa.vendor.HibernateJpaDialect$HibernateConnectionHandle@a0284ce]","logger_name":"org.springframework.orm.jpa.JpaTransactionManager","thread_name":"org.springframework.jms.JmsListenerEndpointContainer#1-12","level":"DEBUG","level_value":10000,"appName":"recon-consumer-app","traceId":"d531ab0aacd1609832e5a05f93e883a6","spanId":"3755c920a54c2c1b","correlationId":"39d2dd9e-df7e-427a-b69a-08c990794085","application":"recon-consumer-app"}
{"@timestamp":"2026-05-10T09:27:53.895233827Z","@version":"1","message":"Received message of type [class com.ibm.jakarta.jms.JMSTextMessage] from consumer [com.ibm.mq.jakarta.jms.MQQueueReceiver@39765e41] of session [Cached JMS Session: {\"ConnectionId\":\"414D5143514D31202020202020202020674F006A002B0040\",\"ObjectId\":\"com.ibm.msg.client.jakarta.wmq.internal.WMQSession@573ed5a4\",\"Channel\":\"DEV.APP.SVRCONN\",\"Port\":\"1414\",\"ConnectionMode\":\"WMQ_CM_CLIENT\",\"Host\":\"ibm-mq.recon-platform.svc.cluster.local/10.100.195.132\",\"ResolvedQueueManager\":\"QM1\",\"QueueManager\":\"QM1\"}]","logger_name":"org.springframework.jms.listener.DefaultMessageListenerContainer","thread_name":"org.springframework.jms.JmsListenerEndpointContainer#1-9","level":"DEBUG","level_value":10000,"appName":"recon-consumer-app","application":"recon-consumer-app"}
{"@timestamp":"2026-05-10T09:27:53.897138627Z","@version":"1","message":"Registering cached JMS Session for mode 0: {\"ConnectionId\":\"414D5143514D31202020202020202020674F006A002B0040\",\"ObjectId\":\"com.ibm.msg.client.jakarta.wmq.internal.WMQSession@68a05724\",\"Channel\":\"DEV.APP.SVRCONN\",\"Port\":\"1414\",\"ConnectionMode\":\"WMQ_CM_CLIENT\",\"Host\":\"ibm-mq.recon-platform.svc.cluster.local/10.100.195.132\",\"ResolvedQueueManager\":\"QM1\",\"QueueManager\":\"QM1\"}","logger_name":"org.springframework.jms.connection.CachingConnectionFactory","thread_name":"org.springframework.jms.JmsListenerEndpointContainer#1-14","level":"DEBUG","level_value":10000,"appName":"recon-consumer-app","application":"recon-consumer-app"}
{"@timestamp":"2026-05-10T09:27:53.89999364Z","@version":"1","message":"Exposing JPA transaction as JDBC [org.springframework.orm.jpa.vendor.HibernateJpaDialect$HibernateConnectionHandle@74ba5060]","logger_name":"org.springframework.orm.jpa.JpaTransactionManager","thread_name":"org.springframework.jms.JmsListenerEndpointContainer#1-9","level":"DEBUG","level_value":10000,"appName":"recon-consumer-app","traceId":"fd40c140e48c6e054f7a21267add47f5","spanId":"4713b98548d12c9f","correlationId":"b6b2012a-45a8-4c09-a55b-ca7f663db5a3","application":"recon-consumer-app"}
{"@timestamp":"2026-05-10T09:27:54.060546405Z","@version":"1","message":"Received message of type [class com.ibm.jakarta.jms.JMSTextMessage] from consumer [com.ibm.mq.jakarta.jms.MQQueueReceiver@39765e41] of session [Cached JMS Session: {\"ConnectionId\":\"414D5143514D31202020202020202020674F006A002B0040\",\"ObjectId\":\"com.ibm.msg.client.jakarta.wmq.internal.WMQSession@573ed5a4\",\"Channel\":\"DEV.APP.SVRCONN\",\"Port\":\"1414\",\"ConnectionMode\":\"WMQ_CM_CLIENT\",\"Host\":\"ibm-mq.recon-platform.svc.cluster.local/10.100.195.132\",\"ResolvedQueueManager\":\"QM1\",\"QueueManager\":\"QM1\"}]","logger_name":"org.springframework.jms.listener.DefaultMessageListenerContainer","thread_name":"org.springframework.jms.JmsListenerEndpointContainer#1-9","level":"DEBUG","level_value":10000,"appName":"recon-consumer-app","application":"recon-consumer-app"}
{"@timestamp":"2026-05-10T09:27:54.064262769Z","@version":"1","message":"Exposing JPA transaction as JDBC [org.springframework.orm.jpa.vendor.HibernateJpaDialect$HibernateConnectionHandle@3274d6f4]","logger_name":"org.springframework.orm.jpa.JpaTransactionManager","thread_name":"org.springframework.jms.JmsListenerEndpointContainer#1-9","level":"DEBUG","level_value":10000,"appName":"recon-consumer-app","traceId":"c68427887da448c058bc6d5023312feb","spanId":"29a84384ffc0027d","correlationId":"998d4b76-aec5-4a91-96b5-aa0f25854f3c","application":"recon-consumer-app"}
{"@timestamp":"2026-05-10T09:27:54.066616147Z","@version":"1","message":"Received message of type [class com.ibm.jakarta.jms.JMSTextMessage] from consumer [com.ibm.mq.jakarta.jms.MQQueueReceiver@313e8364] of session [Cached JMS Session: {\"ConnectionId\":\"414D5143514D31202020202020202020674F006A002B0040\",\"ObjectId\":\"com.ibm.msg.client.jakarta.wmq.internal.WMQSession@3befd020\",\"Channel\":\"DEV.APP.SVRCONN\",\"Port\":\"1414\",\"ConnectionMode\":\"WMQ_CM_CLIENT\",\"Host\":\"ibm-mq.recon-platform.svc.cluster.local/10.100.195.132\",\"ResolvedQueueManager\":\"QM1\",\"QueueManager\":\"QM1\"}]","logger_name":"org.springframework.jms.listener.DefaultMessageListenerContainer","thread_name":"org.springframework.jms.JmsListenerEndpointContainer#1-10","level":"DEBUG","level_value":10000,"appName":"recon-consumer-app","application":"recon-consumer-app"}
{"@timestamp":"2026-05-10T09:27:54.069287694Z","@version":"1","message":"Exposing JPA transaction as JDBC [org.springframework.orm.jpa.vendor.HibernateJpaDialect$HibernateConnectionHandle@554aa09b]","logger_name":"org.springframework.orm.jpa.JpaTransactionManager","thread_name":"org.springframework.jms.JmsListenerEndpointContainer#1-10","level":"DEBUG","level_value":10000,"appName":"recon-consumer-app","traceId":"c68427887da448c058bc6d5023312feb","spanId":"29a84384ffc0027d","correlationId":"968c25c4-3b1e-4789-93d7-4cbe05cbf31d","application":"recon-consumer-app"}
{"@timestamp":"2026-05-10T09:27:55.060605139Z","@version":"1","message":"Received message of type [class com.ibm.jakarta.jms.JMSTextMessage] from consumer [com.ibm.mq.jakarta.jms.MQQueueReceiver@7577b972] of session [Cached JMS Session: {\"ConnectionId\":\"414D5143514D31202020202020202020674F006A002B0040\",\"ObjectId\":\"com.ibm.msg.client.jakarta.wmq.internal.WMQSession@4e74670\",\"Channel\":\"DEV.APP.SVRCONN\",\"Port\":\"1414\",\"ConnectionMode\":\"WMQ_CM_CLIENT\",\"Host\":\"ibm-mq.recon-platform.svc.cluster.local/10.100.195.132\",\"ResolvedQueueManager\":\"QM1\",\"QueueManager\":\"QM1\"}]","logger_name":"org.springframework.jms.listener.DefaultMessageListenerContainer","thread_name":"org.springframework.jms.JmsListenerEndpointContainer#1-11","level":"DEBUG","level_value":10000,"appName":"recon-consumer-app","application":"recon-consumer-app"}
{"@timestamp":"2026-05-10T09:27:55.064804548Z","@version":"1","message":"Exposing JPA transaction as JDBC [org.springframework.orm.jpa.vendor.HibernateJpaDialect$HibernateConnectionHandle@2fd28b7]","logger_name":"org.springframework.orm.jpa.JpaTransactionManager","thread_name":"org.springframework.jms.JmsListenerEndpointContainer#1-11","level":"DEBUG","level_value":10000,"appName":"recon-consumer-app","traceId":"441a91c33b8a2bc79a4099c515468c15","spanId":"8747e6c8b7933565","correlationId":"121ee214-92c7-492a-a3a2-0a7a79ee3f9e","application":"recon-consumer-app"}
{"@timestamp":"2026-05-10T09:27:55.065634616Z","@version":"1","message":"Received message of type [class com.ibm.jakarta.jms.JMSTextMessage] from consumer [com.ibm.mq.jakarta.jms.MQQueueReceiver@347e2cdd] of session [Cached JMS Session: {\"ConnectionId\":\"414D5143514D31202020202020202020674F006A002B0040\",\"ObjectId\":\"com.ibm.msg.client.jakarta.wmq.internal.WMQSession@318f69c0\",\"Channel\":\"DEV.APP.SVRCONN\",\"Port\":\"1414\",\"ConnectionMode\":\"WMQ_CM_CLIENT\",\"Host\":\"ibm-mq.recon-platform.svc.cluster.local/10.100.195.132\",\"ResolvedQueueManager\":\"QM1\",\"QueueManager\":\"QM1\"}]","logger_name":"org.springframework.jms.listener.DefaultMessageListenerContainer","thread_name":"org.springframework.jms.JmsListenerEndpointContainer#1-12","level":"DEBUG","level_value":10000,"appName":"recon-consumer-app","application":"recon-consumer-app"}
{"@timestamp":"2026-05-10T09:27:55.069148404Z","@version":"1","message":"Exposing JPA transaction as JDBC [org.springframework.orm.jpa.vendor.HibernateJpaDialect$HibernateConnectionHandle@d748602]","logger_name":"org.springframework.orm.jpa.JpaTransactionManager","thread_name":"org.springframework.jms.JmsListenerEndpointContainer#1-12","level":"DEBUG","level_value":10000,"appName":"recon-consumer-app","traceId":"441a91c33b8a2bc79a4099c515468c15","spanId":"8747e6c8b7933565","correlationId":"5d38b6b3-a07e-488b-b17f-114ea082f621","application":"recon-consumer-app"}
{"@timestamp":"2026-05-10T09:27:56.062576968Z","@version":"1","message":"Received message of type [class com.ibm.jakarta.jms.JMSTextMessage] from consumer [com.ibm.mq.jakarta.jms.MQQueueReceiver@447e53ff] of session [Cached JMS Session: {\"ConnectionId\":\"414D5143514D31202020202020202020674F006A002B0040\",\"ObjectId\":\"com.ibm.msg.client.jakarta.wmq.internal.WMQSession@50c16be4\",\"Channel\":\"DEV.APP.SVRCONN\",\"Port\":\"1414\",\"ConnectionMode\":\"WMQ_CM_CLIENT\",\"Host\":\"ibm-mq.recon-platform.svc.cluster.local/10.100.195.132\",\"ResolvedQueueManager\":\"QM1\",\"QueueManager\":\"QM1\"}]","logger_name":"org.springframework.jms.listener.DefaultMessageListenerContainer","thread_name":"org.springframework.jms.JmsListenerEndpointContainer#1-13","level":"DEBUG","level_value":10000,"appName":"recon-consumer-app","application":"recon-consumer-app"}
{"@timestamp":"2026-05-10T09:27:56.065925355Z","@version":"1","message":"Exposing JPA transaction as JDBC [org.springframework.orm.jpa.vendor.HibernateJpaDialect$HibernateConnectionHandle@69f9353f]","logger_name":"org.springframework.orm.jpa.JpaTransactionManager","thread_name":"org.springframework.jms.JmsListenerEndpointContainer#1-13","level":"DEBUG","level_value":10000,"appName":"recon-consumer-app","traceId":"28d5303438cf3779930d5cef8139f2ad","spanId":"eb254c67160235ca","correlationId":"a4f99350-15d6-4c7f-83f0-cdd2b7be5da8","application":"recon-consumer-app"}
{"@timestamp":"2026-05-10T09:27:56.066670937Z","@version":"1","message":"Received message of type [class com.ibm.jakarta.jms.JMSTextMessage] from consumer [com.ibm.mq.jakarta.jms.MQQueueReceiver@352e089c] of session [Cached JMS Session: {\"ConnectionId\":\"414D5143514D31202020202020202020674F006A002B0040\",\"ObjectId\":\"com.ibm.msg.client.jakarta.wmq.internal.WMQSession@68a05724\",\"Channel\":\"DEV.APP.SVRCONN\",\"Port\":\"1414\",\"ConnectionMode\":\"WMQ_CM_CLIENT\",\"Host\":\"ibm-mq.recon-platform.svc.cluster.local/10.100.195.132\",\"ResolvedQueueManager\":\"QM1\",\"QueueManager\":\"QM1\"}]","logger_name":"org.springframework.jms.listener.DefaultMessageListenerContainer","thread_name":"org.springframework.jms.JmsListenerEndpointContainer#1-14","level":"DEBUG","level_value":10000,"appName":"recon-consumer-app","application":"recon-consumer-app"}
{"@timestamp":"2026-05-10T09:27:56.0706444Z","@version":"1","message":"Exposing JPA transaction as JDBC [org.springframework.orm.jpa.vendor.HibernateJpaDialect$HibernateConnectionHandle@1921486f]","logger_name":"org.springframework.orm.jpa.JpaTransactionManager","thread_name":"org.springframework.jms.JmsListenerEndpointContainer#1-14","level":"DEBUG","level_value":10000,"appName":"recon-consumer-app","traceId":"28d5303438cf3779930d5cef8139f2ad","spanId":"eb254c67160235ca","correlationId":"6d4229f6-4f04-4154-91be-380f53480ecf","application":"recon-consumer-app"}
{"@timestamp":"2026-05-10T09:27:57.061820711Z","@version":"1","message":"Received message of type [class com.ibm.jakarta.jms.JMSTextMessage] from consumer [com.ibm.mq.jakarta.jms.MQQueueReceiver@39765e41] of session [Cached JMS Session: {\"ConnectionId\":\"414D5143514D31202020202020202020674F006A002B0040\",\"ObjectId\":\"com.ibm.msg.client.jakarta.wmq.internal.WMQSession@573ed5a4\",\"Channel\":\"DEV.APP.SVRCONN\",\"Port\":\"1414\",\"ConnectionMode\":\"WMQ_CM_CLIENT\",\"Host\":\"ibm-mq.recon-platform.svc.cluster.local/10.100.195.132\",\"ResolvedQueueManager\":\"QM1\",\"QueueManager\":\"QM1\"}]","logger_name":"org.springframework.jms.listener.DefaultMessageListenerContainer","thread_name":"org.springframework.jms.JmsListenerEndpointContainer#1-9","level":"DEBUG","level_value":10000,"appName":"recon-consumer-app","application":"recon-consumer-app"}
{"@timestamp":"2026-05-10T09:27:57.065715497Z","@version":"1","message":"Received message of type [class com.ibm.jakarta.jms.JMSTextMessage] from consumer [com.ibm.mq.jakarta.jms.MQQueueReceiver@313e8364] of session [Cached JMS Session: {\"ConnectionId\":\"414D5143514D31202020202020202020674F006A002B0040\",\"ObjectId\":\"com.ibm.msg.client.jakarta.wmq.internal.WMQSession@3befd020\",\"Channel\":\"DEV.APP.SVRCONN\",\"Port\":\"1414\",\"ConnectionMode\":\"WMQ_CM_CLIENT\",\"Host\":\"ibm-mq.recon-platform.svc.cluster.local/10.100.195.132\",\"ResolvedQueueManager\":\"QM1\",\"QueueManager\":\"QM1\"}]","logger_name":"org.springframework.jms.listener.DefaultMessageListenerContainer","thread_name":"org.springframework.jms.JmsListenerEndpointContainer#1-10","level":"DEBUG","level_value":10000,"appName":"recon-consumer-app","application":"recon-consumer-app"}
{"@timestamp":"2026-05-10T09:27:57.066016377Z","@version":"1","message":"Exposing JPA transaction as JDBC [org.springframework.orm.jpa.vendor.HibernateJpaDialect$HibernateConnectionHandle@6db3b672]","logger_name":"org.springframework.orm.jpa.JpaTransactionManager","thread_name":"org.springframework.jms.JmsListenerEndpointContainer#1-9","level":"DEBUG","level_value":10000,"appName":"recon-consumer-app","traceId":"31a90d850d1de08e946dceba71e0cddf","spanId":"7f186a67df7ce47a","correlationId":"79925cd7-babe-4dad-b5b1-ed0399f664f6","application":"recon-consumer-app"}
{"@timestamp":"2026-05-10T09:27:57.068937371Z","@version":"1","message":"Exposing JPA transaction as JDBC [org.springframework.orm.jpa.vendor.HibernateJpaDialect$HibernateConnectionHandle@58c83a8f]","logger_name":"org.springframework.orm.jpa.JpaTransactionManager","thread_name":"org.springframework.jms.JmsListenerEndpointContainer#1-10","level":"DEBUG","level_value":10000,"appName":"recon-consumer-app","traceId":"31a90d850d1de08e946dceba71e0cddf","spanId":"7f186a67df7ce47a","correlationId":"37a87f9d-f38c-4639-817f-7e7da2c4df96","application":"recon-consumer-app"}
{"@timestamp":"2026-05-10T09:27:58.061801106Z","@version":"1","message":"Received message of type [class com.ibm.jakarta.jms.JMSTextMessage] from consumer [com.ibm.mq.jakarta.jms.MQQueueReceiver@7577b972] of session [Cached JMS Session: {\"ConnectionId\":\"414D5143514D31202020202020202020674F006A002B0040\",\"ObjectId\":\"com.ibm.msg.client.jakarta.wmq.internal.WMQSession@4e74670\",\"Channel\":\"DEV.APP.SVRCONN\",\"Port\":\"1414\",\"ConnectionMode\":\"WMQ_CM_CLIENT\",\"Host\":\"ibm-mq.recon-platform.svc.cluster.local/10.100.195.132\",\"ResolvedQueueManager\":\"QM1\",\"QueueManager\":\"QM1\"}]","logger_name":"org.springframework.jms.listener.DefaultMessageListenerContainer","thread_name":"org.springframework.jms.JmsListenerEndpointContainer#1-11","level":"DEBUG","level_value":10000,"appName":"recon-consumer-app","application":"recon-consumer-app"}
{"@timestamp":"2026-05-10T09:27:58.065465197Z","@version":"1","message":"Received message of type [class com.ibm.jakarta.jms.JMSTextMessage] from consumer [com.ibm.mq.jakarta.jms.MQQueueReceiver@347e2cdd] of session [Cached JMS Session: {\"ConnectionId\":\"414D5143514D31202020202020202020674F006A002B0040\",\"ObjectId\":\"com.ibm.msg.client.jakarta.wmq.internal.WMQSession@318f69c0\",\"Channel\":\"DEV.APP.SVRCONN\",\"Port\":\"1414\",\"ConnectionMode\":\"WMQ_CM_CLIENT\",\"Host\":\"ibm-mq.recon-platform.svc.cluster.local/10.100.195.132\",\"ResolvedQueueManager\":\"QM1\",\"QueueManager\":\"QM1\"}]","logger_name":"org.springframework.jms.listener.DefaultMessageListenerContainer","thread_name":"org.springframework.jms.JmsListenerEndpointContainer#1-12","level":"DEBUG","level_value":10000,"appName":"recon-consumer-app","application":"recon-consumer-app"}
{"@timestamp":"2026-05-10T09:27:58.065854319Z","@version":"1","message":"Exposing JPA transaction as JDBC [org.springframework.orm.jpa.vendor.HibernateJpaDialect$HibernateConnectionHandle@6838efef]","logger_name":"org.springframework.orm.jpa.JpaTransactionManager","thread_name":"org.springframework.jms.JmsListenerEndpointContainer#1-11","level":"DEBUG","level_value":10000,"appName":"recon-consumer-app","traceId":"2e2864583e839343b81101417a420f63","spanId":"5b1635faa7f16f05","correlationId":"b3ba6d09-358e-4183-a763-50ff78f5ae9a","application":"recon-consumer-app"}
{"@timestamp":"2026-05-10T09:27:58.069382383Z","@version":"1","message":"Exposing JPA transaction as JDBC [org.springframework.orm.jpa.vendor.HibernateJpaDialect$HibernateConnectionHandle@4af77c4a]","logger_name":"org.springframework.orm.jpa.JpaTransactionManager","thread_name":"org.springframework.jms.JmsListenerEndpointContainer#1-12","level":"DEBUG","level_value":10000,"appName":"recon-consumer-app","traceId":"2e2864583e839343b81101417a420f63","spanId":"5b1635faa7f16f05","correlationId":"173a22d3-b7b7-4cc1-a4de-6be259ab4aa2","application":"recon-consumer-app"}
{"@timestamp":"2026-05-10T09:27:59.060785145Z","@version":"1","message":"Received message of type [class com.ibm.jakarta.jms.JMSTextMessage] from consumer [com.ibm.mq.jakarta.jms.MQQueueReceiver@447e53ff] of session [Cached JMS Session: {\"ConnectionId\":\"414D5143514D31202020202020202020674F006A002B0040\",\"ObjectId\":\"com.ibm.msg.client.jakarta.wmq.internal.WMQSession@50c16be4\",\"Channel\":\"DEV.APP.SVRCONN\",\"Port\":\"1414\",\"ConnectionMode\":\"WMQ_CM_CLIENT\",\"Host\":\"ibm-mq.recon-platform.svc.cluster.local/10.100.195.132\",\"ResolvedQueueManager\":\"QM1\",\"QueueManager\":\"QM1\"}]","logger_name":"org.springframework.jms.listener.DefaultMessageListenerContainer","thread_name":"org.springframework.jms.JmsListenerEndpointContainer#1-13","level":"DEBUG","level_value":10000,"appName":"recon-consumer-app","application":"recon-consumer-app"}
{"@timestamp":"2026-05-10T09:27:59.064130622Z","@version":"1","message":"Received message of type [class com.ibm.jakarta.jms.JMSTextMessage] from consumer [com.ibm.mq.jakarta.jms.MQQueueReceiver@352e089c] of session [Cached JMS Session: {\"ConnectionId\":\"414D5143514D31202020202020202020674F006A002B0040\",\"ObjectId\":\"com.ibm.msg.client.jakarta.wmq.internal.WMQSession@68a05724\",\"Channel\":\"DEV.APP.SVRCONN\",\"Port\":\"1414\",\"ConnectionMode\":\"WMQ_CM_CLIENT\",\"Host\":\"ibm-mq.recon-platform.svc.cluster.local/10.100.195.132\",\"ResolvedQueueManager\":\"QM1\",\"QueueManager\":\"QM1\"}]","logger_name":"org.springframework.jms.listener.DefaultMessageListenerContainer","thread_name":"org.springframework.jms.JmsListenerEndpointContainer#1-14","level":"DEBUG","level_value":10000,"appName":"recon-consumer-app","application":"recon-consumer-app"}
{"@timestamp":"2026-05-10T09:27:59.064501237Z","@version":"1","message":"Exposing JPA transaction as JDBC [org.springframework.orm.jpa.vendor.HibernateJpaDialect$HibernateConnectionHandle@31a2d0bf]","logger_name":"org.springframework.orm.jpa.JpaTransactionManager","thread_name":"org.springframework.jms.JmsListenerEndpointContainer#1-13","level":"DEBUG","level_value":10000,"appName":"recon-consumer-app","traceId":"a6f9f824fa556a23dc002be706c95ecf","spanId":"02c86e919ba3e62f","correlationId":"3f3d038e-450c-4385-8fe6-95db6e7a9cd7","application":"recon-consumer-app"}
{"@timestamp":"2026-05-10T09:27:59.067962349Z","@version":"1","message":"Exposing JPA transaction as JDBC [org.springframework.orm.jpa.vendor.HibernateJpaDialect$HibernateConnectionHandle@3eaa6148]","logger_name":"org.springframework.orm.jpa.JpaTransactionManager","thread_name":"org.springframework.jms.JmsListenerEndpointContainer#1-14","level":"DEBUG","level_value":10000,"appName":"recon-consumer-app","traceId":"a6f9f824fa556a23dc002be706c95ecf","spanId":"02c86e919ba3e62f","correlationId":"b445eaf8-c1d7-48d1-8a44-191866eba41f","application":"recon-consumer-app"}
{"@timestamp":"2026-05-10T09:28:00.075594594Z","@version":"1","message":"Received message of type [class com.ibm.jakarta.jms.JMSTextMessage] from consumer [com.ibm.mq.jakarta.jms.MQQueueReceiver@39765e41] of session [Cached JMS Session: {\"ConnectionId\":\"414D5143514D31202020202020202020674F006A002B0040\",\"ObjectId\":\"com.ibm.msg.client.jakarta.wmq.internal.WMQSession@573ed5a4\",\"Channel\":\"DEV.APP.SVRCONN\",\"Port\":\"1414\",\"ConnectionMode\":\"WMQ_CM_CLIENT\",\"Host\":\"ibm-mq.recon-platform.svc.cluster.local/10.100.195.132\",\"ResolvedQueueManager\":\"QM1\",\"QueueManager\":\"QM1\"}]","logger_name":"org.springframework.jms.listener.DefaultMessageListenerContainer","thread_name":"org.springframework.jms.JmsListenerEndpointContainer#1-9","level":"DEBUG","level_value":10000,"appName":"recon-consumer-app","application":"recon-consumer-app"}
{"@timestamp":"2026-05-10T09:28:00.096432979Z","@version":"1","message":"Received message of type [class com.ibm.jakarta.jms.JMSTextMessage] from consumer [com.ibm.mq.jakarta.jms.MQQueueReceiver@347e2cdd] of session [Cached JMS Session: {\"ConnectionId\":\"414D5143514D31202020202020202020674F006A002B0040\",\"ObjectId\":\"com.ibm.msg.client.jakarta.wmq.internal.WMQSession@318f69c0\",\"Channel\":\"DEV.APP.SVRCONN\",\"Port\":\"1414\",\"ConnectionMode\":\"WMQ_CM_CLIENT\",\"Host\":\"ibm-mq.recon-platform.svc.cluster.local/10.100.195.132\",\"ResolvedQueueManager\":\"QM1\",\"QueueManager\":\"QM1\"}]","logger_name":"org.springframework.jms.listener.DefaultMessageListenerContainer","thread_name":"org.springframework.jms.JmsListenerEndpointContainer#1-12","level":"DEBUG","level_value":10000,"appName":"recon-consumer-app","application":"recon-consumer-app"}
{"@timestamp":"2026-05-10T09:28:00.11573265Z","@version":"1","message":"Exposing JPA transaction as JDBC [org.springframework.orm.jpa.vendor.HibernateJpaDialect$HibernateConnectionHandle@5a76bd75]","logger_name":"org.springframework.orm.jpa.JpaTransactionManager","thread_name":"org.springframework.jms.JmsListenerEndpointContainer#1-9","level":"DEBUG","level_value":10000,"appName":"recon-consumer-app","traceId":"6e61d404164203d3695bd0824a3b620a","spanId":"5161ca60cc85251c","correlationId":"55e14cc6-0559-41b0-965d-4aa034ff9e0f","application":"recon-consumer-app"}
{"@timestamp":"2026-05-10T09:28:00.131378853Z","@version":"1","message":"Exposing JPA transaction as JDBC [org.springframework.orm.jpa.vendor.HibernateJpaDialect$HibernateConnectionHandle@28b2e19e]","logger_name":"org.springframework.orm.jpa.JpaTransactionManager","thread_name":"org.springframework.jms.JmsListenerEndpointContainer#1-12","level":"DEBUG","level_value":10000,"appName":"recon-consumer-app","traceId":"6e61d404164203d3695bd0824a3b620a","spanId":"5161ca60cc85251c","correlationId":"a249fdda-6aa1-4db1-b9eb-131682e4c250","application":"recon-consumer-app"}
{"@timestamp":"2026-05-10T09:28:01.060637737Z","@version":"1","message":"Received message of type [class com.ibm.jakarta.jms.JMSTextMessage] from consumer [com.ibm.mq.jakarta.jms.MQQueueReceiver@313e8364] of session [Cached JMS Session: {\"ConnectionId\":\"414D5143514D31202020202020202020674F006A002B0040\",\"ObjectId\":\"com.ibm.msg.client.jakarta.wmq.internal.WMQSession@3befd020\",\"Channel\":\"DEV.APP.SVRCONN\",\"Port\":\"1414\",\"ConnectionMode\":\"WMQ_CM_CLIENT\",\"Host\":\"ibm-mq.recon-platform.svc.cluster.local/10.100.195.132\",\"ResolvedQueueManager\":\"QM1\",\"QueueManager\":\"QM1\"}]","logger_name":"org.springframework.jms.listener.DefaultMessageListenerContainer","thread_name":"org.springframework.jms.JmsListenerEndpointContainer#1-10","level":"DEBUG","level_value":10000,"appName":"recon-consumer-app","application":"recon-consumer-app"}
{"@timestamp":"2026-05-10T09:28:01.065757381Z","@version":"1","message":"Exposing JPA transaction as JDBC [org.springframework.orm.jpa.vendor.HibernateJpaDialect$HibernateConnectionHandle@557de130]","logger_name":"org.springframework.orm.jpa.JpaTransactionManager","thread_name":"org.springframework.jms.JmsListenerEndpointContainer#1-10","level":"DEBUG","level_value":10000,"appName":"recon-consumer-app","traceId":"e6ec7ead57d973ede203176d920a785c","spanId":"c18687d17dd1e502","correlationId":"892434e9-a72d-47c3-96aa-44416429a2d5","application":"recon-consumer-app"}


==========================================================================================
MQ POD LOG PROOF AFTER RECOVERY
==========================================================================================
COMMAND: kubectl logs -n recon-platform pod/ibm-mq-0 --since=10m | Select-String -Pattern 'IBM MQ|Queue manager|QM1|started|running|AMQ' | Select-Object -First 120

2026-05-10T09:26:49.673Z Running as user ID 1001 with primary group 0, and supplementary groups 0,1001
2026-05-10T09:26:57.430Z Using queue manager name: QM1
2026-05-10T09:27:02.327Z Creating queue manager QM1
2026-05-10T09:27:02.356Z Detected existing queue manager QM1
2026-05-10T09:27:02.372Z Starting queue manager
2026-05-10T09:27:02.385Z AMQ6206I: Command strmqm was issued. [CommentInsert1(strmqm), CommentInsert2(strmqm -x QM1)]
2026-05-10T09:27:02.388Z AMQ5782I: File system containing '/mnt/mqm/data/qmgrs/QM1' is 1.30% used, 19728MB free. [ArithInsert1(1.3), CommentInsert1(/mnt/mqm/data/qmgrs/QM1), CommentInsert2(19987), CommentInsert3(19728)]
2026-05-10T09:27:02.394Z AMQ5782I: File system containing '/mnt/mqm/data/log/QM1' is 1.22% used, 19744MB free. [ArithInsert1(1.22), CommentInsert1(/mnt/mqm/data/log/QM1), CommentInsert2(19987), CommentInsert3(19744)]
2026-05-10T09:27:02.584Z AMQ5775I: Successfully applied automatic configuration INI definitions. [CommentInsert1(INI)]
2026-05-10T09:27:02.919Z AMQ7229I: 6 log records accessed on queue manager 'QM1' during the log replay phase. [ArithInsert1(6), CommentInsert1(QM1)]
2026-05-10T09:27:02.919Z AMQ7230I: Log replay for queue manager 'QM1' complete. [ArithInsert1(6), CommentInsert1(QM1)]
2026-05-10T09:27:02.923Z AMQ7231I: 0 log records accessed on queue manager 'QM1' during the recovery phase. [CommentInsert1(QM1)]
2026-05-10T09:27:02.924Z AMQ7232I: Transaction manager state recovered for queue manager 'QM1'. [CommentInsert1(QM1)]
2026-05-10T09:27:02.932Z AMQ7233I: 0 out of 0 in-flight transactions resolved for queue manager 'QM1'. [CommentInsert1(QM1)]
2026-05-10T09:27:03.125Z AMQ8003I: IBM MQ queue manager 'QM1' started using V9.4.0.0. [CommentInsert1(9.4.0.0), CommentInsert3(QM1)]
2026-05-10T09:27:03.177Z AMQ9410I: Repository manager started.
2026-05-10T09:27:03.187Z AMQ5024I: The command server has started. ProcessId(1383). [ArithInsert1(1383), CommentInsert1(SYSTEM.CMDSERVER.1)]
2026-05-10T09:27:03.195Z AMQ5022I: The channel initiator has started. ProcessId(1387). [ArithInsert1(1387), CommentInsert1(SYSTEM.CHANNEL.INITQ)]
2026-05-10T09:27:03.249Z AMQ8942I: Starting to process automatic MQSC configuration script.
2026-05-10T09:27:03.253Z AMQ8024I: IBM MQ channel initiator started. [CommentInsert1(SYSTEM.CHANNEL.INITQ)]
2026-05-10T09:27:03.639Z Started queue manager
2026-05-10T09:27:03.610Z AMQ8939I: Automatic MQSC configuration script has completed, and contained 34 command(s), of which 0 had errors. [ArithInsert1(34), CommentInsert1(0)]
2026-05-10T09:27:03.634Z AMQ9722W: Plain text communication is enabled.
2026-05-10T09:27:03.650Z AMQ5026I: The listener 'SYSTEM.LISTENER.TCP.1' has started. ProcessId(1524). [ArithInsert1(1524), CommentInsert1(SYSTEM.LISTENER.TCP.1)]
2026-05-10T09:27:03.721Z AMQ5806I: Queued Publish/Subscribe Daemon started for queue manager QM1. [CommentInsert1(QM1)]
2026-05-10T09:27:06.806Z CWWKE0002I: The kernel started after 2.878 seconds
2026-05-10T09:27:07.110Z CWWKF0007I: Feature update started.
2026-05-10T09:27:15.967Z Started web server
2026-05-10T09:27:15.868Z MQWB0318I: The mqweb server is configured for 'LOCAL' queue manager REST messaging.
2026-05-10T09:27:15.869Z CWWKZ0001I: Application com.ibm.mq.rest started in 2.338 seconds.
2026-05-10T09:27:15.897Z CWWKZ0001I: Application com.ibm.mq.console started in 2.363 seconds.
2026-05-10T09:27:15.918Z CWWKO0219I: TCP Channel defaultHttpEndpoint-ssl has been started and is now listening for requests on host *  (IPv6) port 9443.
2026-05-10T09:27:15.945Z CWWKF0011I: The mqweb server is ready to run a smarter planet. The mqweb server started in 12.019 seconds.


==========================================================================================
PODS AFTER MQ RECOVERY
==========================================================================================
COMMAND: kubectl get pods -n recon-platform -o wide
NAME                                   READY   STATUS    RESTARTS   AGE     IP               NODE                                                NOMINATED NODE   READINESS GATES
ibm-mq-0                               1/1     Running   0          3m20s   192.168.13.38    ip-192-168-23-26.ap-southeast-1.compute.internal    <none>           <none>
recon-consumer-app-784f77dff8-ktzvg    1/1     Running   0          98m     192.168.41.165   ip-192-168-59-106.ap-southeast-1.compute.internal   <none>           <none>
recon-dashboard-api-7c7dcc4768-4vprs   1/1     Running   0          98m     192.168.75.43    ip-192-168-90-90.ap-southeast-1.compute.internal    <none>           <none>
recon-producer-app-7878df768-p65k4     1/1     Running   0          98m     192.168.41.193   ip-192-168-59-106.ap-southeast-1.compute.internal   <none>           <none>

==========================================================================================
STATEFULSET AFTER MQ RECOVERY
==========================================================================================
COMMAND: kubectl get statefulset ibm-mq -n recon-platform
NAME     READY   AGE
ibm-mq   1/1     43h

==========================================================================================
DEPLOYMENTS AFTER MQ RECOVERY
==========================================================================================
COMMAND: kubectl get deployments -n recon-platform
NAME                  READY   UP-TO-DATE   AVAILABLE   AGE
recon-consumer-app    1/1     1            1           43h
recon-dashboard-api   1/1     1            1           43h
recon-producer-app    1/1     1            1           43h

==========================================================================================
PROOF COUNTS FROM EVIDENCE LOG
==========================================================================================
ACTION - SCALE IBM MQ DOWN TO ZERO=1
PODS DURING MQ OUTAGE=1
ACTION - SCALE IBM MQ BACK TO ONE=1
pod/ibm-mq-0 condition met=1
MQRC=98
JMSWMQ=98
Connection=300
Exception=98
transaction_published=73
message_reconciled=1
CompletedAt=2026-05-10T17:30:02.1170154+08:00
